[
  {
    "id": 53468,
    "name": "CONCEPCIÓN",
    "state": "SOLOLÁ",
    "state_iso2": "07",
    "country": "GUATEMALA",
    "country_iso2": "GT",
    "country_iso3": "GTM",
    "country_native": "GUATEMALA"
  },
  {
    "id": 53572,
    "name": "MUNICIPIO DE NAHUALÁ",
    "state": "SOLOLÁ",
    "state_iso2": "07",
    "country": "GUATEMALA",
    "country_iso2": "GT",
    "country_iso3": "GTM",
    "country_native": "GUATEMALA"
  },
  {
    "id": 53574,
    "name": "MUNICIPIO DE PANAJACHEL",
    "state": "SOLOLÁ",
    "state_iso2": "07",
    "country": "GUATEMALA",
    "country_iso2": "GT",
    "country_iso3": "GTM",
    "country_native": "GUATEMALA"
  },
  {
    "id": 53591,
    "name": "MUNICIPIO DE SANTA CATARINA PALOPÓ",
    "state": "SOLOLÁ",
    "state_iso2": "07",
    "country": "GUATEMALA",
    "country_iso2": "GT",
    "country_iso3": "GTM",
    "country_native": "GUATEMALA"
  },
  {
    "id": 53592,
    "name": "MUNICIPIO DE SANTA CRUZ LA LAGUNA",
    "state": "SOLOLÁ",
    "state_iso2": "07",
    "country": "GUATEMALA",
    "country_iso2": "GT",
    "country_iso3": "GTM",
    "country_native": "GUATEMALA"
  },
  {
    "id": 53602,
    "name": "NAHUALÁ",
    "state": "SOLOLÁ",
    "state_iso2": "07",
    "country": "GUATEMALA",
    "country_iso2": "GT",
    "country_iso3": "GTM",
    "country_native": "GUATEMALA"
  },
  {
    "id": 53619,
    "name": "PANAJACHEL",
    "state": "SOLOLÁ",
    "state_iso2": "07",
    "country": "GUATEMALA",
    "country_iso2": "GT",
    "country_iso3": "GTM",
    "country_native": "GUATEMALA"
  },
  {
    "id": 53652,
    "name": "SAN ANDRÉS SEMETABAJ",
    "state": "SOLOLÁ",
    "state_iso2": "07",
    "country": "GUATEMALA",
    "country_iso2": "GT",
    "country_iso3": "GTM",
    "country_native": "GUATEMALA"
  },
  {
    "id": 53659,
    "name": "SAN ANTONIO PALOPÓ",
    "state": "SOLOLÁ",
    "state_iso2": "07",
    "country": "GUATEMALA",
    "country_iso2": "GT",
    "country_iso3": "GTM",
    "country_native": "GUATEMALA"
  },
  {
    "id": 53683,
    "name": "SAN JOSÉ CHACAYÁ",
    "state": "SOLOLÁ",
    "state_iso2": "07",
    "country": "GUATEMALA",
    "country_iso2": "GT",
    "country_iso3": "GTM",
    "country_native": "GUATEMALA"
  },
  {
    "id": 53697,
    "name": "SAN JUAN LA LAGUNA",
    "state": "SOLOLÁ",
    "state_iso2": "07",
    "country": "GUATEMALA",
    "country_iso2": "GT",
    "country_iso3": "GTM",
    "country_native": "GUATEMALA"
  },
  {
    "id": 53703,
    "name": "SAN LUCAS TOLIMÁN",
    "state": "SOLOLÁ",
    "state_iso2": "07",
    "country": "GUATEMALA",
    "country_iso2": "GT",
    "country_iso3": "GTM",
    "country_native": "GUATEMALA"
  },
  {
    "id": 53709,
    "name": "SAN MARCOS LA LAGUNA",
    "state": "SOLOLÁ",
    "state_iso2": "07",
    "country": "GUATEMALA",
    "country_iso2": "GT",
    "country_iso3": "GTM",
    "country_native": "GUATEMALA"
  },
  {
    "id": 53723,
    "name": "SAN PABLO LA LAGUNA",
    "state": "SOLOLÁ",
    "state_iso2": "07",
    "country": "GUATEMALA",
    "country_iso2": "GT",
    "country_iso3": "GTM",
    "country_native": "GUATEMALA"
  },
  {
    "id": 53726,
    "name": "SAN PEDRO LA LAGUNA",
    "state": "SOLOLÁ",
    "state_iso2": "07",
    "country": "GUATEMALA",
    "country_iso2": "GT",
    "country_iso3": "GTM",
    "country_native": "GUATEMALA"
  },
  {
    "id": 53749,
    "name": "SANTA CATARINA IXTAHUACÁN",
    "state": "SOLOLÁ",
    "state_iso2": "07",
    "country": "GUATEMALA",
    "country_iso2": "GT",
    "country_iso3": "GTM",
    "country_native": "GUATEMALA"
  },
  {
    "id": 53751,
    "name": "SANTA CATARINA PALOPÓ",
    "state": "SOLOLÁ",
    "state_iso2": "07",
    "country": "GUATEMALA",
    "country_iso2": "GT",
    "country_iso3": "GTM",
    "country_native": "GUATEMALA"
  },
  {
    "id": 53753,
    "name": "SANTA CLARA LA LAGUNA",
    "state": "SOLOLÁ",
    "state_iso2": "07",
    "country": "GUATEMALA",
    "country_iso2": "GT",
    "country_iso3": "GTM",
    "country_native": "GUATEMALA"
  },
  {
    "id": 53755,
    "name": "SANTA CRUZ LA LAGUNA",
    "state": "SOLOLÁ",
    "state_iso2": "07",
    "country": "GUATEMALA",
    "country_iso2": "GT",
    "country_iso3": "GTM",
    "country_native": "GUATEMALA"
  },
  {
    "id": 53764,
    "name": "SANTA LUCÍA UTATLÁN",
    "state": "SOLOLÁ",
    "state_iso2": "07",
    "country": "GUATEMALA",
    "country_iso2": "GT",
    "country_iso3": "GTM",
    "country_native": "GUATEMALA"
  },
  {
    "id": 53767,
    "name": "SANTA MARÍA VISITACIÓN",
    "state": "SOLOLÁ",
    "state_iso2": "07",
    "country": "GUATEMALA",
    "country_iso2": "GT",
    "country_iso3": "GTM",
    "country_native": "GUATEMALA"
  },
  {
    "id": 53770,
    "name": "SANTIAGO ATITLÁN",
    "state": "SOLOLÁ",
    "state_iso2": "07",
    "country": "GUATEMALA",
    "country_iso2": "GT",
    "country_iso3": "GTM",
    "country_native": "GUATEMALA"
  },
  {
    "id": 53782,
    "name": "SOLOLÁ",
    "state": "SOLOLÁ",
    "state_iso2": "07",
    "country": "GUATEMALA",
    "country_iso2": "GT",
    "country_iso3": "GTM",
    "country_native": "GUATEMALA"
  }
]