[
  {
    "id": 20508,
    "name": "ALPUJARRA",
    "state": "TOLIMA",
    "state_iso2": "TOL",
    "country": "COLOMBIA",
    "country_iso2": "CO",
    "country_iso3": "COL",
    "country_native": "COLOMBIA"
  },
  {
    "id": 20511,
    "name": "ALVARADO",
    "state": "TOLIMA",
    "state_iso2": "TOL",
    "country": "COLOMBIA",
    "country_iso2": "CO",
    "country_iso3": "COL",
    "country_native": "COLOMBIA"
  },
  {
    "id": 20514,
    "name": "AMBALEMA",
    "state": "TOLIMA",
    "state_iso2": "TOL",
    "country": "COLOMBIA",
    "country_iso2": "CO",
    "country_iso3": "COL",
    "country_native": "COLOMBIA"
  },
  {
    "id": 20528,
    "name": "ANZOÁTEGUI",
    "state": "TOLIMA",
    "state_iso2": "TOL",
    "country": "COLOMBIA",
    "country_iso2": "CO",
    "country_iso3": "COL",
    "country_native": "COLOMBIA"
  },
  {
    "id": 20552,
    "name": "ARMERO",
    "state": "TOLIMA",
    "state_iso2": "TOL",
    "country": "COLOMBIA",
    "country_iso2": "CO",
    "country_iso3": "COL",
    "country_native": "COLOMBIA"
  },
  {
    "id": 20556,
    "name": "ATACO",
    "state": "TOLIMA",
    "state_iso2": "TOL",
    "country": "COLOMBIA",
    "country_iso2": "CO",
    "country_iso3": "COL",
    "country_native": "COLOMBIA"
  },
  {
    "id": 20624,
    "name": "CAJAMARCA",
    "state": "TOLIMA",
    "state_iso2": "TOL",
    "country": "COLOMBIA",
    "country_iso2": "CO",
    "country_iso3": "COL",
    "country_native": "COLOMBIA"
  },
  {
    "id": 20654,
    "name": "CARMEN DE APICALÁ",
    "state": "TOLIMA",
    "state_iso2": "TOL",
    "country": "COLOMBIA",
    "country_iso2": "CO",
    "country_iso3": "COL",
    "country_native": "COLOMBIA"
  },
  {
    "id": 20664,
    "name": "CASABIANCA",
    "state": "TOLIMA",
    "state_iso2": "TOL",
    "country": "COLOMBIA",
    "country_iso2": "CO",
    "country_iso3": "COL",
    "country_native": "COLOMBIA"
  },
  {
    "id": 20678,
    "name": "CHAPARRAL",
    "state": "TOLIMA",
    "state_iso2": "TOL",
    "country": "COLOMBIA",
    "country_iso2": "CO",
    "country_iso3": "COL",
    "country_native": "COLOMBIA"
  },
  {
    "id": 20717,
    "name": "COELLO",
    "state": "TOLIMA",
    "state_iso2": "TOL",
    "country": "COLOMBIA",
    "country_iso2": "CO",
    "country_iso3": "COL",
    "country_native": "COLOMBIA"
  },
  {
    "id": 20745,
    "name": "COYAIMA",
    "state": "TOLIMA",
    "state_iso2": "TOL",
    "country": "COLOMBIA",
    "country_iso2": "CO",
    "country_iso3": "COL",
    "country_native": "COLOMBIA"
  },
  {
    "id": 20758,
    "name": "CUNDAY",
    "state": "TOLIMA",
    "state_iso2": "TOL",
    "country": "COLOMBIA",
    "country_iso2": "CO",
    "country_iso3": "COL",
    "country_native": "COLOMBIA"
  },
  {
    "id": 20779,
    "name": "DOLORES",
    "state": "TOLIMA",
    "state_iso2": "TOL",
    "country": "COLOMBIA",
    "country_iso2": "CO",
    "country_iso3": "COL",
    "country_native": "COLOMBIA"
  },
  {
    "id": 20841,
    "name": "ESPINAL",
    "state": "TOLIMA",
    "state_iso2": "TOL",
    "country": "COLOMBIA",
    "country_iso2": "CO",
    "country_iso3": "COL",
    "country_native": "COLOMBIA"
  },
  {
    "id": 20843,
    "name": "FALAN",
    "state": "TOLIMA",
    "state_iso2": "TOL",
    "country": "COLOMBIA",
    "country_iso2": "CO",
    "country_iso3": "COL",
    "country_native": "COLOMBIA"
  },
  {
    "id": 20847,
    "name": "FLANDES",
    "state": "TOLIMA",
    "state_iso2": "TOL",
    "country": "COLOMBIA",
    "country_iso2": "CO",
    "country_iso3": "COL",
    "country_native": "COLOMBIA"
  },
  {
    "id": 20860,
    "name": "FRESNO",
    "state": "TOLIMA",
    "state_iso2": "TOL",
    "country": "COLOMBIA",
    "country_iso2": "CO",
    "country_iso3": "COL",
    "country_native": "COLOMBIA"
  },
  {
    "id": 20908,
    "name": "GUAMO",
    "state": "TOLIMA",
    "state_iso2": "TOL",
    "country": "COLOMBIA",
    "country_iso2": "CO",
    "country_iso3": "COL",
    "country_native": "COLOMBIA"
  },
  {
    "id": 20941,
    "name": "HERVEO",
    "state": "TOLIMA",
    "state_iso2": "TOL",
    "country": "COLOMBIA",
    "country_iso2": "CO",
    "country_iso3": "COL",
    "country_native": "COLOMBIA"
  },
  {
    "id": 20943,
    "name": "HONDA",
    "state": "TOLIMA",
    "state_iso2": "TOL",
    "country": "COLOMBIA",
    "country_iso2": "CO",
    "country_iso3": "COL",
    "country_native": "COLOMBIA"
  },
  {
    "id": 20944,
    "name": "IBAGUÉ",
    "state": "TOLIMA",
    "state_iso2": "TOL",
    "country": "COLOMBIA",
    "country_iso2": "CO",
    "country_iso3": "COL",
    "country_native": "COLOMBIA"
  },
  {
    "id": 20945,
    "name": "ICONONZO",
    "state": "TOLIMA",
    "state_iso2": "TOL",
    "country": "COLOMBIA",
    "country_iso2": "CO",
    "country_iso3": "COL",
    "country_native": "COLOMBIA"
  },
  {
    "id": 21039,
    "name": "LÉRIDA",
    "state": "TOLIMA",
    "state_iso2": "TOL",
    "country": "COLOMBIA",
    "country_iso2": "CO",
    "country_iso3": "COL",
    "country_native": "COLOMBIA"
  },
  {
    "id": 21040,
    "name": "LÍBANO",
    "state": "TOLIMA",
    "state_iso2": "TOL",
    "country": "COLOMBIA",
    "country_iso2": "CO",
    "country_iso3": "COL",
    "country_native": "COLOMBIA"
  },
  {
    "id": 21079,
    "name": "MELGAR",
    "state": "TOLIMA",
    "state_iso2": "TOL",
    "country": "COLOMBIA",
    "country_iso2": "CO",
    "country_iso3": "COL",
    "country_native": "COLOMBIA"
  },
  {
    "id": 21119,
    "name": "MURILLO",
    "state": "TOLIMA",
    "state_iso2": "TOL",
    "country": "COLOMBIA",
    "country_iso2": "CO",
    "country_iso3": "COL",
    "country_native": "COLOMBIA"
  },
  {
    "id": 21128,
    "name": "NATAGAIMA",
    "state": "TOLIMA",
    "state_iso2": "TOL",
    "country": "COLOMBIA",
    "country_iso2": "CO",
    "country_iso3": "COL",
    "country_native": "COLOMBIA"
  },
  {
    "id": 21154,
    "name": "ORTEGA",
    "state": "TOLIMA",
    "state_iso2": "TOL",
    "country": "COLOMBIA",
    "country_iso2": "CO",
    "country_iso3": "COL",
    "country_native": "COLOMBIA"
  },
  {
    "id": 21175,
    "name": "PALOCABILDO",
    "state": "TOLIMA",
    "state_iso2": "TOL",
    "country": "COLOMBIA",
    "country_iso2": "CO",
    "country_iso3": "COL",
    "country_native": "COLOMBIA"
  },
  {
    "id": 21201,
    "name": "PIEDRAS",
    "state": "TOLIMA",
    "state_iso2": "TOL",
    "country": "COLOMBIA",
    "country_iso2": "CO",
    "country_iso3": "COL",
    "country_native": "COLOMBIA"
  },
  {
    "id": 21212,
    "name": "PLANADAS",
    "state": "TOLIMA",
    "state_iso2": "TOL",
    "country": "COLOMBIA",
    "country_iso2": "CO",
    "country_iso3": "COL",
    "country_native": "COLOMBIA"
  },
  {
    "id": 21223,
    "name": "PRADO",
    "state": "TOLIMA",
    "state_iso2": "TOL",
    "country": "COLOMBIA",
    "country_iso2": "CO",
    "country_iso3": "COL",
    "country_native": "COLOMBIA"
  },
  {
    "id": 21264,
    "name": "PURIFICACIÓN",
    "state": "TOLIMA",
    "state_iso2": "TOL",
    "country": "COLOMBIA",
    "country_iso2": "CO",
    "country_iso3": "COL",
    "country_native": "COLOMBIA"
  },
  {
    "id": 21289,
    "name": "RIOBLANCO",
    "state": "TOLIMA",
    "state_iso2": "TOL",
    "country": "COLOMBIA",
    "country_iso2": "CO",
    "country_iso3": "COL",
    "country_native": "COLOMBIA"
  },
  {
    "id": 21299,
    "name": "RONCESVALLES",
    "state": "TOLIMA",
    "state_iso2": "TOL",
    "country": "COLOMBIA",
    "country_iso2": "CO",
    "country_iso3": "COL",
    "country_native": "COLOMBIA"
  },
  {
    "id": 21302,
    "name": "ROVIRA",
    "state": "TOLIMA",
    "state_iso2": "TOL",
    "country": "COLOMBIA",
    "country_iso2": "CO",
    "country_iso3": "COL",
    "country_native": "COLOMBIA"
  },
  {
    "id": 21321,
    "name": "SALDAÑA",
    "state": "TOLIMA",
    "state_iso2": "TOL",
    "country": "COLOMBIA",
    "country_iso2": "CO",
    "country_iso3": "COL",
    "country_native": "COLOMBIA"
  },
  {
    "id": 21337,
    "name": "SAN ANTONIO",
    "state": "TOLIMA",
    "state_iso2": "TOL",
    "country": "COLOMBIA",
    "country_iso2": "CO",
    "country_iso3": "COL",
    "country_native": "COLOMBIA"
  },
  {
    "id": 21379,
    "name": "SAN LUIS",
    "state": "TOLIMA",
    "state_iso2": "TOL",
    "country": "COLOMBIA",
    "country_iso2": "CO",
    "country_iso3": "COL",
    "country_native": "COLOMBIA"
  },
  {
    "id": 21405,
    "name": "SAN SEBASTIÁN DE MARIQUITA",
    "state": "TOLIMA",
    "state_iso2": "TOL",
    "country": "COLOMBIA",
    "country_iso2": "CO",
    "country_iso3": "COL",
    "country_native": "COLOMBIA"
  },
  {
    "id": 21419,
    "name": "SANTA ISABEL",
    "state": "TOLIMA",
    "state_iso2": "TOL",
    "country": "COLOMBIA",
    "country_iso2": "CO",
    "country_iso3": "COL",
    "country_native": "COLOMBIA"
  },
  {
    "id": 21500,
    "name": "SUÁREZ",
    "state": "TOLIMA",
    "state_iso2": "TOL",
    "country": "COLOMBIA",
    "country_iso2": "CO",
    "country_iso3": "COL",
    "country_native": "COLOMBIA"
  },
  {
    "id": 21580,
    "name": "VALLE DE SAN JUAN",
    "state": "TOLIMA",
    "state_iso2": "TOL",
    "country": "COLOMBIA",
    "country_iso2": "CO",
    "country_iso3": "COL",
    "country_native": "COLOMBIA"
  },
  {
    "id": 21586,
    "name": "VENADILLO",
    "state": "TOLIMA",
    "state_iso2": "TOL",
    "country": "COLOMBIA",
    "country_iso2": "CO",
    "country_iso3": "COL",
    "country_native": "COLOMBIA"
  },
  {
    "id": 21604,
    "name": "VILLAHERMOSA",
    "state": "TOLIMA",
    "state_iso2": "TOL",
    "country": "COLOMBIA",
    "country_iso2": "CO",
    "country_iso3": "COL",
    "country_native": "COLOMBIA"
  },
  {
    "id": 21611,
    "name": "VILLARRICA",
    "state": "TOLIMA",
    "state_iso2": "TOL",
    "country": "COLOMBIA",
    "country_iso2": "CO",
    "country_iso3": "COL",
    "country_native": "COLOMBIA"
  }
]