[
  {
    "id": 135240,
    "name": "ABBATEGGIO",
    "state": "ABRUZZO",
    "state_iso2": "65",
    "country": "ITALY",
    "country_iso2": "IT",
    "country_iso3": "ITA",
    "country_native": "ITALIA"
  },
  {
    "id": 135250,
    "name": "ACCIANO",
    "state": "ABRUZZO",
    "state_iso2": "65",
    "country": "ITALY",
    "country_iso2": "IT",
    "country_iso3": "ITA",
    "country_native": "ITALIA"
  },
  {
    "id": 135325,
    "name": "AIELLI",
    "state": "ABRUZZO",
    "state_iso2": "65",
    "country": "ITALY",
    "country_iso2": "IT",
    "country_iso3": "ITA",
    "country_native": "ITALIA"
  },
  {
    "id": 135342,
    "name": "ALANNO",
    "state": "ABRUZZO",
    "state_iso2": "65",
    "country": "ITALY",
    "country_iso2": "IT",
    "country_iso3": "ITA",
    "country_native": "ITALIA"
  },
  {
    "id": 135347,
    "name": "ALBA ADRIATICA",
    "state": "ABRUZZO",
    "state_iso2": "65",
    "country": "ITALY",
    "country_iso2": "IT",
    "country_iso3": "ITA",
    "country_native": "ITALIA"
  },
  {
    "id": 135400,
    "name": "ALFEDENA",
    "state": "ABRUZZO",
    "state_iso2": "65",
    "country": "ITALY",
    "country_iso2": "IT",
    "country_iso3": "ITA",
    "country_native": "ITALIA"
  },
  {
    "id": 135440,
    "name": "ALTINO",
    "state": "ABRUZZO",
    "state_iso2": "65",
    "country": "ITALY",
    "country_iso2": "IT",
    "country_iso3": "ITA",
    "country_native": "ITALIA"
  },
  {
    "id": 135477,
    "name": "ANCARANO",
    "state": "ABRUZZO",
    "state_iso2": "65",
    "country": "ITALY",
    "country_iso2": "IT",
    "country_iso3": "ITA",
    "country_native": "ITALIA"
  },
  {
    "id": 135523,
    "name": "ANVERSA DEGLI ABRUZZI",
    "state": "ABRUZZO",
    "state_iso2": "65",
    "country": "ITALY",
    "country_iso2": "IT",
    "country_iso3": "ITA",
    "country_native": "ITALIA"
  },
  {
    "id": 135565,
    "name": "ARCHI",
    "state": "ABRUZZO",
    "state_iso2": "65",
    "country": "ITALY",
    "country_iso2": "IT",
    "country_iso3": "ITA",
    "country_native": "ITALIA"
  },
  {
    "id": 135597,
    "name": "ARI",
    "state": "ABRUZZO",
    "state_iso2": "65",
    "country": "ITALY",
    "country_iso2": "IT",
    "country_iso3": "ITA",
    "country_native": "ITALIA"
  },
  {
    "id": 135602,
    "name": "ARIELLI",
    "state": "ABRUZZO",
    "state_iso2": "65",
    "country": "ITALY",
    "country_iso2": "IT",
    "country_iso3": "ITA",
    "country_native": "ITALIA"
  },
  {
    "id": 135638,
    "name": "ARSITA",
    "state": "ABRUZZO",
    "state_iso2": "65",
    "country": "ITALY",
    "country_iso2": "IT",
    "country_iso3": "ITA",
    "country_native": "ITALIA"
  },
  {
    "id": 135672,
    "name": "ATELETA",
    "state": "ABRUZZO",
    "state_iso2": "65",
    "country": "ITALY",
    "country_iso2": "IT",
    "country_iso3": "ITA",
    "country_native": "ITALIA"
  },
  {
    "id": 135675,
    "name": "ATESSA",
    "state": "ABRUZZO",
    "state_iso2": "65",
    "country": "ITALY",
    "country_iso2": "IT",
    "country_iso3": "ITA",
    "country_native": "ITALIA"
  },
  {
    "id": 135679,
    "name": "ATRI",
    "state": "ABRUZZO",
    "state_iso2": "65",
    "country": "ITALY",
    "country_iso2": "IT",
    "country_iso3": "ITA",
    "country_native": "ITALIA"
  },
  {
    "id": 135704,
    "name": "AVEZZANO",
    "state": "ABRUZZO",
    "state_iso2": "65",
    "country": "ITALY",
    "country_iso2": "IT",
    "country_iso3": "ITA",
    "country_native": "ITALIA"
  },
  {
    "id": 135795,
    "name": "BALSORANO",
    "state": "ABRUZZO",
    "state_iso2": "65",
    "country": "ITALY",
    "country_iso2": "IT",
    "country_iso3": "ITA",
    "country_native": "ITALIA"
  },
  {
    "id": 135796,
    "name": "BALSORANO NUOVO",
    "state": "ABRUZZO",
    "state_iso2": "65",
    "country": "ITALY",
    "country_iso2": "IT",
    "country_iso3": "ITA",
    "country_native": "ITALIA"
  },
  {
    "id": 135826,
    "name": "BARBERI",
    "state": "ABRUZZO",
    "state_iso2": "65",
    "country": "ITALY",
    "country_iso2": "IT",
    "country_iso3": "ITA",
    "country_native": "ITALIA"
  },
  {
    "id": 135847,
    "name": "BARETE",
    "state": "ABRUZZO",
    "state_iso2": "65",
    "country": "ITALY",
    "country_iso2": "IT",
    "country_iso3": "ITA",
    "country_native": "ITALIA"
  },
  {
    "id": 135858,
    "name": "BARISCIANO",
    "state": "ABRUZZO",
    "state_iso2": "65",
    "country": "ITALY",
    "country_iso2": "IT",
    "country_iso3": "ITA",
    "country_native": "ITALIA"
  },
  {
    "id": 135870,
    "name": "BARREA",
    "state": "ABRUZZO",
    "state_iso2": "65",
    "country": "ITALY",
    "country_iso2": "IT",
    "country_iso3": "ITA",
    "country_native": "ITALIA"
  },
  {
    "id": 135881,
    "name": "BASCIANO",
    "state": "ABRUZZO",
    "state_iso2": "65",
    "country": "ITALY",
    "country_iso2": "IT",
    "country_iso3": "ITA",
    "country_native": "ITALIA"
  },
  {
    "id": 135938,
    "name": "BELLANTE",
    "state": "ABRUZZO",
    "state_iso2": "65",
    "country": "ITALY",
    "country_iso2": "IT",
    "country_iso3": "ITA",
    "country_native": "ITALIA"
  },
  {
    "id": 135939,
    "name": "BELLANTE STAZIONE",
    "state": "ABRUZZO",
    "state_iso2": "65",
    "country": "ITALY",
    "country_iso2": "IT",
    "country_iso3": "ITA",
    "country_native": "ITALIA"
  },
  {
    "id": 136062,
    "name": "BISEGNA",
    "state": "ABRUZZO",
    "state_iso2": "65",
    "country": "ITALY",
    "country_iso2": "IT",
    "country_iso3": "ITA",
    "country_native": "ITALIA"
  },
  {
    "id": 136063,
    "name": "BISENTI",
    "state": "ABRUZZO",
    "state_iso2": "65",
    "country": "ITALY",
    "country_iso2": "IT",
    "country_iso3": "ITA",
    "country_native": "ITALIA"
  },
  {
    "id": 136108,
    "name": "BOLOGNANO",
    "state": "ABRUZZO",
    "state_iso2": "65",
    "country": "ITALY",
    "country_iso2": "IT",
    "country_iso3": "ITA",
    "country_native": "ITALIA"
  },
  {
    "id": 136119,
    "name": "BOMBA",
    "state": "ABRUZZO",
    "state_iso2": "65",
    "country": "ITALY",
    "country_iso2": "IT",
    "country_iso3": "ITA",
    "country_native": "ITALIA"
  },
  {
    "id": 136189,
    "name": "BORGO SANTA MARIA IMMACOLATA",
    "state": "ABRUZZO",
    "state_iso2": "65",
    "country": "ITALY",
    "country_iso2": "IT",
    "country_iso3": "ITA",
    "country_native": "ITALIA"
  },
  {
    "id": 136227,
    "name": "BORRELLO",
    "state": "ABRUZZO",
    "state_iso2": "65",
    "country": "ITALY",
    "country_iso2": "IT",
    "country_iso3": "ITA",
    "country_native": "ITALIA"
  },
  {
    "id": 136343,
    "name": "BRITTOLI",
    "state": "ABRUZZO",
    "state_iso2": "65",
    "country": "ITALY",
    "country_iso2": "IT",
    "country_iso3": "ITA",
    "country_native": "ITALIA"
  },
  {
    "id": 136385,
    "name": "BUCCHIANICO",
    "state": "ABRUZZO",
    "state_iso2": "65",
    "country": "ITALY",
    "country_iso2": "IT",
    "country_iso3": "ITA",
    "country_native": "ITALIA"
  },
  {
    "id": 136397,
    "name": "BUGNARA",
    "state": "ABRUZZO",
    "state_iso2": "65",
    "country": "ITALY",
    "country_iso2": "IT",
    "country_iso3": "ITA",
    "country_native": "ITALIA"
  },
  {
    "id": 136430,
    "name": "BUSSI SUL TIRINO",
    "state": "ABRUZZO",
    "state_iso2": "65",
    "country": "ITALY",
    "country_iso2": "IT",
    "country_iso3": "ITA",
    "country_native": "ITALIA"
  },
  {
    "id": 136470,
    "name": "CAGNANO AMITERNO",
    "state": "ABRUZZO",
    "state_iso2": "65",
    "country": "ITALY",
    "country_iso2": "IT",
    "country_iso3": "ITA",
    "country_native": "ITALIA"
  },
  {
    "id": 136494,
    "name": "CALASCIO",
    "state": "ABRUZZO",
    "state_iso2": "65",
    "country": "ITALY",
    "country_iso2": "IT",
    "country_iso3": "ITA",
    "country_native": "ITALIA"
  },
  {
    "id": 136625,
    "name": "CAMPLI",
    "state": "ABRUZZO",
    "state_iso2": "65",
    "country": "ITALY",
    "country_iso2": "IT",
    "country_iso3": "ITA",
    "country_native": "ITALIA"
  },
  {
    "id": 136635,
    "name": "CAMPO DI GIOVE",
    "state": "ABRUZZO",
    "state_iso2": "65",
    "country": "ITALY",
    "country_iso2": "IT",
    "country_iso3": "ITA",
    "country_native": "ITALIA"
  },
  {
    "id": 136683,
    "name": "CAMPOTOSTO",
    "state": "ABRUZZO",
    "state_iso2": "65",
    "country": "ITALY",
    "country_iso2": "IT",
    "country_iso3": "ITA",
    "country_native": "ITALIA"
  },
  {
    "id": 136716,
    "name": "CANISTRO INFERIORE",
    "state": "ABRUZZO",
    "state_iso2": "65",
    "country": "ITALY",
    "country_iso2": "IT",
    "country_iso3": "ITA",
    "country_native": "ITALIA"
  },
  {
    "id": 136731,
    "name": "CANOSA SANNITA",
    "state": "ABRUZZO",
    "state_iso2": "65",
    "country": "ITALY",
    "country_iso2": "IT",
    "country_iso3": "ITA",
    "country_native": "ITALIA"
  },
  {
    "id": 136736,
    "name": "CANSANO",
    "state": "ABRUZZO",
    "state_iso2": "65",
    "country": "ITALY",
    "country_iso2": "IT",
    "country_iso3": "ITA",
    "country_native": "ITALIA"
  },
  {
    "id": 136752,
    "name": "CANZANO",
    "state": "ABRUZZO",
    "state_iso2": "65",
    "country": "ITALY",
    "country_iso2": "IT",
    "country_iso3": "ITA",
    "country_native": "ITALIA"
  },
  {
    "id": 136765,
    "name": "CAPESTRANO",
    "state": "ABRUZZO",
    "state_iso2": "65",
    "country": "ITALY",
    "country_iso2": "IT",
    "country_iso3": "ITA",
    "country_native": "ITALIA"
  },
  {
    "id": 136771,
    "name": "CAPISTRELLO",
    "state": "ABRUZZO",
    "state_iso2": "65",
    "country": "ITALY",
    "country_iso2": "IT",
    "country_iso3": "ITA",
    "country_native": "ITALIA"
  },
  {
    "id": 136774,
    "name": "CAPITIGNANO",
    "state": "ABRUZZO",
    "state_iso2": "65",
    "country": "ITALY",
    "country_iso2": "IT",
    "country_iso3": "ITA",
    "country_native": "ITALIA"
  },
  {
    "id": 136786,
    "name": "CAPORCIANO",
    "state": "ABRUZZO",
    "state_iso2": "65",
    "country": "ITALY",
    "country_iso2": "IT",
    "country_iso3": "ITA",
    "country_native": "ITALIA"
  },
  {
    "id": 136790,
    "name": "CAPPADOCIA",
    "state": "ABRUZZO",
    "state_iso2": "65",
    "country": "ITALY",
    "country_iso2": "IT",
    "country_iso3": "ITA",
    "country_native": "ITALIA"
  },
  {
    "id": 136794,
    "name": "CAPPELLE SUL TAVO",
    "state": "ABRUZZO",
    "state_iso2": "65",
    "country": "ITALY",
    "country_iso2": "IT",
    "country_iso3": "ITA",
    "country_native": "ITALIA"
  },
  {
    "id": 136831,
    "name": "CARAMANICO TERME",
    "state": "ABRUZZO",
    "state_iso2": "65",
    "country": "ITALY",
    "country_iso2": "IT",
    "country_iso3": "ITA",
    "country_native": "ITALIA"
  },
  {
    "id": 136835,
    "name": "CARAPELLE CALVISIO",
    "state": "ABRUZZO",
    "state_iso2": "65",
    "country": "ITALY",
    "country_iso2": "IT",
    "country_iso3": "ITA",
    "country_native": "ITALIA"
  },
  {
    "id": 136920,
    "name": "CARPINETO DELLA NORA",
    "state": "ABRUZZO",
    "state_iso2": "65",
    "country": "ITALY",
    "country_iso2": "IT",
    "country_iso3": "ITA",
    "country_native": "ITALIA"
  },
  {
    "id": 136919,
    "name": "CARPINETO SINELLO",
    "state": "ABRUZZO",
    "state_iso2": "65",
    "country": "ITALY",
    "country_iso2": "IT",
    "country_iso3": "ITA",
    "country_native": "ITALIA"
  },
  {
    "id": 136936,
    "name": "CARSOLI",
    "state": "ABRUZZO",
    "state_iso2": "65",
    "country": "ITALY",
    "country_iso2": "IT",
    "country_iso3": "ITA",
    "country_native": "ITALIA"
  },
  {
    "id": 136945,
    "name": "CARUNCHIO",
    "state": "ABRUZZO",
    "state_iso2": "65",
    "country": "ITALY",
    "country_iso2": "IT",
    "country_iso3": "ITA",
    "country_native": "ITALIA"
  },
  {
    "id": 136954,
    "name": "CASACANDITELLA",
    "state": "ABRUZZO",
    "state_iso2": "65",
    "country": "ITALY",
    "country_iso2": "IT",
    "country_iso3": "ITA",
    "country_native": "ITALIA"
  },
  {
    "id": 136961,
    "name": "CASALANGUIDA",
    "state": "ABRUZZO",
    "state_iso2": "65",
    "country": "ITALY",
    "country_iso2": "IT",
    "country_iso3": "ITA",
    "country_native": "ITALIA"
  },
  {
    "id": 136965,
    "name": "CASALBORDINO-MIRACOLI",
    "state": "ABRUZZO",
    "state_iso2": "65",
    "country": "ITALY",
    "country_iso2": "IT",
    "country_iso3": "ITA",
    "country_native": "ITALIA"
  },
  {
    "id": 136995,
    "name": "CASALINCONTRADA",
    "state": "ABRUZZO",
    "state_iso2": "65",
    "country": "ITALY",
    "country_iso2": "IT",
    "country_iso3": "ITA",
    "country_native": "ITALIA"
  },
  {
    "id": 137083,
    "name": "CASOLI",
    "state": "ABRUZZO",
    "state_iso2": "65",
    "country": "ITALY",
    "country_iso2": "IT",
    "country_iso3": "ITA",
    "country_native": "ITALIA"
  },
  {
    "id": 137133,
    "name": "CASTEL CASTAGNA",
    "state": "ABRUZZO",
    "state_iso2": "65",
    "country": "ITALY",
    "country_iso2": "IT",
    "country_iso3": "ITA",
    "country_native": "ITALIA"
  },
  {
    "id": 137165,
    "name": "CASTEL DEL MONTE",
    "state": "ABRUZZO",
    "state_iso2": "65",
    "country": "ITALY",
    "country_iso2": "IT",
    "country_iso3": "ITA",
    "country_native": "ITALIA"
  },
  {
    "id": 137169,
    "name": "CASTEL DI IERI",
    "state": "ABRUZZO",
    "state_iso2": "65",
    "country": "ITALY",
    "country_iso2": "IT",
    "country_iso3": "ITA",
    "country_native": "ITALIA"
  },
  {
    "id": 137173,
    "name": "CASTEL DI SANGRO",
    "state": "ABRUZZO",
    "state_iso2": "65",
    "country": "ITALY",
    "country_iso2": "IT",
    "country_iso3": "ITA",
    "country_native": "ITALIA"
  },
  {
    "id": 137136,
    "name": "CASTEL FRENTANO",
    "state": "ABRUZZO",
    "state_iso2": "65",
    "country": "ITALY",
    "country_iso2": "IT",
    "country_iso3": "ITA",
    "country_native": "ITALIA"
  },
  {
    "id": 137205,
    "name": "CASTELGUIDONE",
    "state": "ABRUZZO",
    "state_iso2": "65",
    "country": "ITALY",
    "country_iso2": "IT",
    "country_iso3": "ITA",
    "country_native": "ITALIA"
  },
  {
    "id": 137210,
    "name": "CASTELLAFIUME",
    "state": "ABRUZZO",
    "state_iso2": "65",
    "country": "ITALY",
    "country_iso2": "IT",
    "country_iso3": "ITA",
    "country_native": "ITALIA"
  },
  {
    "id": 137211,
    "name": "CASTELLALTO",
    "state": "ABRUZZO",
    "state_iso2": "65",
    "country": "ITALY",
    "country_iso2": "IT",
    "country_iso3": "ITA",
    "country_native": "ITALIA"
  },
  {
    "id": 137242,
    "name": "CASTELLI",
    "state": "ABRUZZO",
    "state_iso2": "65",
    "country": "ITALY",
    "country_iso2": "IT",
    "country_iso3": "ITA",
    "country_native": "ITALIA"
  },
  {
    "id": 137295,
    "name": "CASTELNUOVO VOMANO",
    "state": "ABRUZZO",
    "state_iso2": "65",
    "country": "ITALY",
    "country_iso2": "IT",
    "country_iso3": "ITA",
    "country_native": "ITALIA"
  },
  {
    "id": 137321,
    "name": "CASTELVECCHIO CALVISIO",
    "state": "ABRUZZO",
    "state_iso2": "65",
    "country": "ITALY",
    "country_iso2": "IT",
    "country_iso3": "ITA",
    "country_native": "ITALIA"
  },
  {
    "id": 137322,
    "name": "CASTELVECCHIO SUBEQUO",
    "state": "ABRUZZO",
    "state_iso2": "65",
    "country": "ITALY",
    "country_iso2": "IT",
    "country_iso3": "ITA",
    "country_native": "ITALIA"
  },
  {
    "id": 137347,
    "name": "CASTIGLIONE A CASAURIA",
    "state": "ABRUZZO",
    "state_iso2": "65",
    "country": "ITALY",
    "country_iso2": "IT",
    "country_iso3": "ITA",
    "country_native": "ITALIA"
  },
  {
    "id": 137342,
    "name": "CASTIGLIONE MESSER MARINO",
    "state": "ABRUZZO",
    "state_iso2": "65",
    "country": "ITALY",
    "country_iso2": "IT",
    "country_iso3": "ITA",
    "country_native": "ITALIA"
  },
  {
    "id": 137343,
    "name": "CASTIGLIONE MESSER RAIMONDO",
    "state": "ABRUZZO",
    "state_iso2": "65",
    "country": "ITALY",
    "country_iso2": "IT",
    "country_iso3": "ITA",
    "country_native": "ITALIA"
  },
  {
    "id": 137360,
    "name": "CASTILENTI",
    "state": "ABRUZZO",
    "state_iso2": "65",
    "country": "ITALY",
    "country_iso2": "IT",
    "country_iso3": "ITA",
    "country_native": "ITALIA"
  },
  {
    "id": 137395,
    "name": "CATIGNANO",
    "state": "ABRUZZO",
    "state_iso2": "65",
    "country": "ITALY",
    "country_iso2": "IT",
    "country_iso3": "ITA",
    "country_native": "ITALIA"
  },
  {
    "id": 137462,
    "name": "CELANO",
    "state": "ABRUZZO",
    "state_iso2": "65",
    "country": "ITALY",
    "country_iso2": "IT",
    "country_iso3": "ITA",
    "country_native": "ITALIA"
  },
  {
    "id": 137465,
    "name": "CELENZA SUL TRIGNO",
    "state": "ABRUZZO",
    "state_iso2": "65",
    "country": "ITALY",
    "country_iso2": "IT",
    "country_iso3": "ITA",
    "country_native": "ITALIA"
  },
  {
    "id": 137479,
    "name": "CELLINO ATTANASIO",
    "state": "ABRUZZO",
    "state_iso2": "65",
    "country": "ITALY",
    "country_iso2": "IT",
    "country_iso3": "ITA",
    "country_native": "ITALIA"
  },
  {
    "id": 137505,
    "name": "CEPAGATTI",
    "state": "ABRUZZO",
    "state_iso2": "65",
    "country": "ITALY",
    "country_iso2": "IT",
    "country_iso3": "ITA",
    "country_native": "ITALIA"
  },
  {
    "id": 137525,
    "name": "CERCHIO",
    "state": "ABRUZZO",
    "state_iso2": "65",
    "country": "ITALY",
    "country_iso2": "IT",
    "country_iso3": "ITA",
    "country_native": "ITALIA"
  },
  {
    "id": 137555,
    "name": "CERMIGNANO",
    "state": "ABRUZZO",
    "state_iso2": "65",
    "country": "ITALY",
    "country_iso2": "IT",
    "country_iso3": "ITA",
    "country_native": "ITALIA"
  },
  {
    "id": 137560,
    "name": "CERRATINA",
    "state": "ABRUZZO",
    "state_iso2": "65",
    "country": "ITALY",
    "country_iso2": "IT",
    "country_iso3": "ITA",
    "country_native": "ITALIA"
  },
  {
    "id": 137672,
    "name": "CHIETI",
    "state": "ABRUZZO",
    "state_iso2": "65",
    "country": "ITALY",
    "country_iso2": "IT",
    "country_iso3": "ITA",
    "country_native": "ITALIA"
  },
  {
    "id": 137772,
    "name": "CITTÀ SANT'ANGELO",
    "state": "ABRUZZO",
    "state_iso2": "65",
    "country": "ITALY",
    "country_iso2": "IT",
    "country_iso3": "ITA",
    "country_native": "ITALIA"
  },
  {
    "id": 137787,
    "name": "CIVITA D'ANTINO",
    "state": "ABRUZZO",
    "state_iso2": "65",
    "country": "ITALY",
    "country_iso2": "IT",
    "country_iso3": "ITA",
    "country_native": "ITALIA"
  },
  {
    "id": 137789,
    "name": "CIVITALUPARELLA",
    "state": "ABRUZZO",
    "state_iso2": "65",
    "country": "ITALY",
    "country_iso2": "IT",
    "country_iso3": "ITA",
    "country_native": "ITALIA"
  },
  {
    "id": 137793,
    "name": "CIVITAQUANA",
    "state": "ABRUZZO",
    "state_iso2": "65",
    "country": "ITALY",
    "country_iso2": "IT",
    "country_iso3": "ITA",
    "country_native": "ITALIA"
  },
  {
    "id": 137795,
    "name": "CIVITELLA ALFEDENA",
    "state": "ABRUZZO",
    "state_iso2": "65",
    "country": "ITALY",
    "country_iso2": "IT",
    "country_iso3": "ITA",
    "country_native": "ITALIA"
  },
  {
    "id": 137796,
    "name": "CIVITELLA CASANOVA",
    "state": "ABRUZZO",
    "state_iso2": "65",
    "country": "ITALY",
    "country_iso2": "IT",
    "country_iso3": "ITA",
    "country_native": "ITALIA"
  },
  {
    "id": 137802,
    "name": "CIVITELLA DEL TRONTO",
    "state": "ABRUZZO",
    "state_iso2": "65",
    "country": "ITALY",
    "country_iso2": "IT",
    "country_iso3": "ITA",
    "country_native": "ITALIA"
  },
  {
    "id": 137798,
    "name": "CIVITELLA MESSER RAIMONDO",
    "state": "ABRUZZO",
    "state_iso2": "65",
    "country": "ITALY",
    "country_iso2": "IT",
    "country_iso3": "ITA",
    "country_native": "ITALIA"
  },
  {
    "id": 137799,
    "name": "CIVITELLA ROVETO",
    "state": "ABRUZZO",
    "state_iso2": "65",
    "country": "ITALY",
    "country_iso2": "IT",
    "country_iso3": "ITA",
    "country_native": "ITALIA"
  },
  {
    "id": 137826,
    "name": "COCULLO",
    "state": "ABRUZZO",
    "state_iso2": "65",
    "country": "ITALY",
    "country_iso2": "IT",
    "country_iso3": "ITA",
    "country_native": "ITALIA"
  },
  {
    "id": 137857,
    "name": "COLLARMELE",
    "state": "ABRUZZO",
    "state_iso2": "65",
    "country": "ITALY",
    "country_iso2": "IT",
    "country_iso3": "ITA",
    "country_native": "ITALIA"
  },
  {
    "id": 137876,
    "name": "COLLECORVINO",
    "state": "ABRUZZO",
    "state_iso2": "65",
    "country": "ITALY",
    "country_iso2": "IT",
    "country_iso3": "ITA",
    "country_native": "ITALIA"
  },
  {
    "id": 137877,
    "name": "COLLEDARA",
    "state": "ABRUZZO",
    "state_iso2": "65",
    "country": "ITALY",
    "country_iso2": "IT",
    "country_iso3": "ITA",
    "country_native": "ITALIA"
  },
  {
    "id": 137878,
    "name": "COLLEDIMACINE",
    "state": "ABRUZZO",
    "state_iso2": "65",
    "country": "ITALY",
    "country_iso2": "IT",
    "country_iso3": "ITA",
    "country_native": "ITALIA"
  },
  {
    "id": 137879,
    "name": "COLLEDIMEZZO",
    "state": "ABRUZZO",
    "state_iso2": "65",
    "country": "ITALY",
    "country_iso2": "IT",
    "country_iso3": "ITA",
    "country_native": "ITALIA"
  },
  {
    "id": 137884,
    "name": "COLLELONGO",
    "state": "ABRUZZO",
    "state_iso2": "65",
    "country": "ITALY",
    "country_iso2": "IT",
    "country_iso3": "ITA",
    "country_native": "ITALIA"
  },
  {
    "id": 137889,
    "name": "COLLEPIETRO",
    "state": "ABRUZZO",
    "state_iso2": "65",
    "country": "ITALY",
    "country_iso2": "IT",
    "country_iso3": "ITA",
    "country_native": "ITALIA"
  },
  {
    "id": 137890,
    "name": "COLLERANESCO",
    "state": "ABRUZZO",
    "state_iso2": "65",
    "country": "ITALY",
    "country_iso2": "IT",
    "country_iso3": "ITA",
    "country_native": "ITALIA"
  },
  {
    "id": 137911,
    "name": "COLOGNA SPIAGGIA",
    "state": "ABRUZZO",
    "state_iso2": "65",
    "country": "ITALY",
    "country_iso2": "IT",
    "country_iso3": "ITA",
    "country_native": "ITALIA"
  },
  {
    "id": 137923,
    "name": "COLONNELLA",
    "state": "ABRUZZO",
    "state_iso2": "65",
    "country": "ITALY",
    "country_iso2": "IT",
    "country_iso3": "ITA",
    "country_native": "ITALIA"
  },
  {
    "id": 137941,
    "name": "COMINIO",
    "state": "ABRUZZO",
    "state_iso2": "65",
    "country": "ITALY",
    "country_iso2": "IT",
    "country_iso3": "ITA",
    "country_native": "ITALIA"
  },
  {
    "id": 137980,
    "name": "CONTROGUERRA",
    "state": "ABRUZZO",
    "state_iso2": "65",
    "country": "ITALY",
    "country_iso2": "IT",
    "country_iso3": "ITA",
    "country_native": "ITALIA"
  },
  {
    "id": 137989,
    "name": "COPPITO",
    "state": "ABRUZZO",
    "state_iso2": "65",
    "country": "ITALY",
    "country_iso2": "IT",
    "country_iso3": "ITA",
    "country_native": "ITALIA"
  },
  {
    "id": 138008,
    "name": "CORFINIO",
    "state": "ABRUZZO",
    "state_iso2": "65",
    "country": "ITALY",
    "country_iso2": "IT",
    "country_iso3": "ITA",
    "country_native": "ITALIA"
  },
  {
    "id": 138044,
    "name": "CORROPOLI",
    "state": "ABRUZZO",
    "state_iso2": "65",
    "country": "ITALY",
    "country_iso2": "IT",
    "country_iso3": "ITA",
    "country_native": "ITALIA"
  },
  {
    "id": 138069,
    "name": "CORTINO",
    "state": "ABRUZZO",
    "state_iso2": "65",
    "country": "ITALY",
    "country_iso2": "IT",
    "country_iso3": "ITA",
    "country_native": "ITALIA"
  },
  {
    "id": 138072,
    "name": "CORVARA",
    "state": "ABRUZZO",
    "state_iso2": "65",
    "country": "ITALY",
    "country_iso2": "IT",
    "country_iso3": "ITA",
    "country_native": "ITALIA"
  },
  {
    "id": 138129,
    "name": "CRECCHIO",
    "state": "ABRUZZO",
    "state_iso2": "65",
    "country": "ITALY",
    "country_iso2": "IT",
    "country_iso3": "ITA",
    "country_native": "ITALIA"
  },
  {
    "id": 138163,
    "name": "CROGNALETO",
    "state": "ABRUZZO",
    "state_iso2": "65",
    "country": "ITALY",
    "country_iso2": "IT",
    "country_iso3": "ITA",
    "country_native": "ITALIA"
  },
  {
    "id": 138186,
    "name": "CUGNOLI",
    "state": "ABRUZZO",
    "state_iso2": "65",
    "country": "ITALY",
    "country_iso2": "IT",
    "country_iso3": "ITA",
    "country_native": "ITALIA"
  },
  {
    "id": 138195,
    "name": "CUPELLO",
    "state": "ABRUZZO",
    "state_iso2": "65",
    "country": "ITALY",
    "country_iso2": "IT",
    "country_iso3": "ITA",
    "country_native": "ITALIA"
  },
  {
    "id": 138277,
    "name": "DOGLIOLA",
    "state": "ABRUZZO",
    "state_iso2": "65",
    "country": "ITALY",
    "country_iso2": "IT",
    "country_iso3": "ITA",
    "country_native": "ITALIA"
  },
  {
    "id": 138351,
    "name": "ELICE",
    "state": "ABRUZZO",
    "state_iso2": "65",
    "country": "ITALY",
    "country_iso2": "IT",
    "country_iso3": "ITA",
    "country_native": "ITALIA"
  },
  {
    "id": 138422,
    "name": "FALLO",
    "state": "ABRUZZO",
    "state_iso2": "65",
    "country": "ITALY",
    "country_iso2": "IT",
    "country_iso3": "ITA",
    "country_native": "ITALIA"
  },
  {
    "id": 138434,
    "name": "FANO ADRIANO",
    "state": "ABRUZZO",
    "state_iso2": "65",
    "country": "ITALY",
    "country_iso2": "IT",
    "country_iso3": "ITA",
    "country_native": "ITALIA"
  },
  {
    "id": 138437,
    "name": "FARA FILIORUM PETRI",
    "state": "ABRUZZO",
    "state_iso2": "65",
    "country": "ITALY",
    "country_iso2": "IT",
    "country_iso3": "ITA",
    "country_native": "ITALIA"
  },
  {
    "id": 138441,
    "name": "FARA SAN MARTINO",
    "state": "ABRUZZO",
    "state_iso2": "65",
    "country": "ITALY",
    "country_iso2": "IT",
    "country_iso3": "ITA",
    "country_native": "ITALIA"
  },
  {
    "id": 138447,
    "name": "FARINDOLA",
    "state": "ABRUZZO",
    "state_iso2": "65",
    "country": "ITALY",
    "country_iso2": "IT",
    "country_iso3": "ITA",
    "country_native": "ITALIA"
  },
  {
    "id": 138527,
    "name": "FILETTO",
    "state": "ABRUZZO",
    "state_iso2": "65",
    "country": "ITALY",
    "country_iso2": "IT",
    "country_iso3": "ITA",
    "country_native": "ITALIA"
  },
  {
    "id": 138607,
    "name": "FONTE UMANO-SAN MARTINO ALTA",
    "state": "ABRUZZO",
    "state_iso2": "65",
    "country": "ITALY",
    "country_iso2": "IT",
    "country_iso3": "ITA",
    "country_native": "ITALIA"
  },
  {
    "id": 138609,
    "name": "FONTECCHIO",
    "state": "ABRUZZO",
    "state_iso2": "65",
    "country": "ITALY",
    "country_iso2": "IT",
    "country_iso3": "ITA",
    "country_native": "ITALIA"
  },
  {
    "id": 138667,
    "name": "FOSSA",
    "state": "ABRUZZO",
    "state_iso2": "65",
    "country": "ITALY",
    "country_iso2": "IT",
    "country_iso3": "ITA",
    "country_native": "ITALIA"
  },
  {
    "id": 138669,
    "name": "FOSSACESIA",
    "state": "ABRUZZO",
    "state_iso2": "65",
    "country": "ITALY",
    "country_iso2": "IT",
    "country_iso3": "ITA",
    "country_native": "ITALIA"
  },
  {
    "id": 138690,
    "name": "FRAINE",
    "state": "ABRUZZO",
    "state_iso2": "65",
    "country": "ITALY",
    "country_iso2": "IT",
    "country_iso3": "ITA",
    "country_native": "ITALIA"
  },
  {
    "id": 138696,
    "name": "FRANCAVILLA AL MARE",
    "state": "ABRUZZO",
    "state_iso2": "65",
    "country": "ITALY",
    "country_iso2": "IT",
    "country_iso3": "ITA",
    "country_native": "ITALIA"
  },
  {
    "id": 138730,
    "name": "FRESAGRANDINARIA",
    "state": "ABRUZZO",
    "state_iso2": "65",
    "country": "ITALY",
    "country_iso2": "IT",
    "country_iso3": "ITA",
    "country_native": "ITALIA"
  },
  {
    "id": 138736,
    "name": "FRISA",
    "state": "ABRUZZO",
    "state_iso2": "65",
    "country": "ITALY",
    "country_iso2": "IT",
    "country_iso3": "ITA",
    "country_native": "ITALIA"
  },
  {
    "id": 138755,
    "name": "FURCI",
    "state": "ABRUZZO",
    "state_iso2": "65",
    "country": "ITALY",
    "country_iso2": "IT",
    "country_iso3": "ITA",
    "country_native": "ITALIA"
  },
  {
    "id": 138781,
    "name": "GAGLIANO ATERNO",
    "state": "ABRUZZO",
    "state_iso2": "65",
    "country": "ITALY",
    "country_iso2": "IT",
    "country_iso3": "ITA",
    "country_native": "ITALIA"
  },
  {
    "id": 138832,
    "name": "GAMBERALE",
    "state": "ABRUZZO",
    "state_iso2": "65",
    "country": "ITALY",
    "country_iso2": "IT",
    "country_iso3": "ITA",
    "country_native": "ITALIA"
  },
  {
    "id": 138926,
    "name": "GESSOPALENA",
    "state": "ABRUZZO",
    "state_iso2": "65",
    "country": "ITALY",
    "country_iso2": "IT",
    "country_iso3": "ITA",
    "country_native": "ITALIA"
  },
  {
    "id": 138970,
    "name": "GIOIA DEI MARSI",
    "state": "ABRUZZO",
    "state_iso2": "65",
    "country": "ITALY",
    "country_iso2": "IT",
    "country_iso3": "ITA",
    "country_native": "ITALIA"
  },
  {
    "id": 138985,
    "name": "GISSI",
    "state": "ABRUZZO",
    "state_iso2": "65",
    "country": "ITALY",
    "country_iso2": "IT",
    "country_iso3": "ITA",
    "country_native": "ITALIA"
  },
  {
    "id": 138991,
    "name": "GIULIANO TEATINO",
    "state": "ABRUZZO",
    "state_iso2": "65",
    "country": "ITALY",
    "country_iso2": "IT",
    "country_iso3": "ITA",
    "country_native": "ITALIA"
  },
  {
    "id": 138993,
    "name": "GIULIANOVA",
    "state": "ABRUZZO",
    "state_iso2": "65",
    "country": "ITALY",
    "country_iso2": "IT",
    "country_iso3": "ITA",
    "country_native": "ITALIA"
  },
  {
    "id": 139031,
    "name": "GORIANO SICOLI",
    "state": "ABRUZZO",
    "state_iso2": "65",
    "country": "ITALY",
    "country_iso2": "IT",
    "country_iso3": "ITA",
    "country_native": "ITALIA"
  },
  {
    "id": 139163,
    "name": "GUARDIAGRELE",
    "state": "ABRUZZO",
    "state_iso2": "65",
    "country": "ITALY",
    "country_iso2": "IT",
    "country_iso3": "ITA",
    "country_native": "ITALIA"
  },
  {
    "id": 139181,
    "name": "GUILMI",
    "state": "ABRUZZO",
    "state_iso2": "65",
    "country": "ITALY",
    "country_iso2": "IT",
    "country_iso3": "ITA",
    "country_native": "ITALIA"
  },
  {
    "id": 139201,
    "name": "IMPOSTE",
    "state": "ABRUZZO",
    "state_iso2": "65",
    "country": "ITALY",
    "country_iso2": "IT",
    "country_iso3": "ITA",
    "country_native": "ITALIA"
  },
  {
    "id": 139212,
    "name": "INTRODACQUA",
    "state": "ABRUZZO",
    "state_iso2": "65",
    "country": "ITALY",
    "country_iso2": "IT",
    "country_iso3": "ITA",
    "country_native": "ITALIA"
  },
  {
    "id": 139245,
    "name": "ISOLA DEL GRAN SASSO D'ITALIA",
    "state": "ABRUZZO",
    "state_iso2": "65",
    "country": "ITALY",
    "country_iso2": "IT",
    "country_iso3": "ITA",
    "country_native": "ITALIA"
  },
  {
    "id": 139285,
    "name": "L'AQUILA",
    "state": "ABRUZZO",
    "state_iso2": "65",
    "country": "ITALY",
    "country_iso2": "IT",
    "country_iso3": "ITA",
    "country_native": "ITALIA"
  },
  {
    "id": 139341,
    "name": "LAMA DEI PELIGNI",
    "state": "ABRUZZO",
    "state_iso2": "65",
    "country": "ITALY",
    "country_iso2": "IT",
    "country_iso3": "ITA",
    "country_native": "ITALIA"
  },
  {
    "id": 139354,
    "name": "LANCIANO",
    "state": "ABRUZZO",
    "state_iso2": "65",
    "country": "ITALY",
    "country_iso2": "IT",
    "country_iso3": "ITA",
    "country_native": "ITALIA"
  },
  {
    "id": 139431,
    "name": "LECCE NEI MARSI",
    "state": "ABRUZZO",
    "state_iso2": "65",
    "country": "ITALY",
    "country_iso2": "IT",
    "country_iso3": "ITA",
    "country_native": "ITALIA"
  },
  {
    "id": 139451,
    "name": "LENTELLA",
    "state": "ABRUZZO",
    "state_iso2": "65",
    "country": "ITALY",
    "country_iso2": "IT",
    "country_iso3": "ITA",
    "country_native": "ITALIA"
  },
  {
    "id": 139479,
    "name": "LETTOMANOPPELLO",
    "state": "ABRUZZO",
    "state_iso2": "65",
    "country": "ITALY",
    "country_iso2": "IT",
    "country_iso3": "ITA",
    "country_native": "ITALIA"
  },
  {
    "id": 139480,
    "name": "LETTOPALENA",
    "state": "ABRUZZO",
    "state_iso2": "65",
    "country": "ITALY",
    "country_iso2": "IT",
    "country_iso3": "ITA",
    "country_native": "ITALIA"
  },
  {
    "id": 139538,
    "name": "LISCIA",
    "state": "ABRUZZO",
    "state_iso2": "65",
    "country": "ITALY",
    "country_iso2": "IT",
    "country_iso3": "ITA",
    "country_native": "ITALIA"
  },
  {
    "id": 139610,
    "name": "LORETO APRUTINO",
    "state": "ABRUZZO",
    "state_iso2": "65",
    "country": "ITALY",
    "country_iso2": "IT",
    "country_iso3": "ITA",
    "country_native": "ITALIA"
  },
  {
    "id": 139638,
    "name": "LUCO DEI MARSI",
    "state": "ABRUZZO",
    "state_iso2": "65",
    "country": "ITALY",
    "country_iso2": "IT",
    "country_iso3": "ITA",
    "country_native": "ITALIA"
  },
  {
    "id": 139639,
    "name": "LUCOLI",
    "state": "ABRUZZO",
    "state_iso2": "65",
    "country": "ITALY",
    "country_iso2": "IT",
    "country_iso3": "ITA",
    "country_native": "ITALIA"
  },
  {
    "id": 139725,
    "name": "MAGLIANO DE'MARSI",
    "state": "ABRUZZO",
    "state_iso2": "65",
    "country": "ITALY",
    "country_iso2": "IT",
    "country_iso3": "ITA",
    "country_native": "ITALIA"
  },
  {
    "id": 139802,
    "name": "MANOPPELLO",
    "state": "ABRUZZO",
    "state_iso2": "65",
    "country": "ITALY",
    "country_iso2": "IT",
    "country_iso3": "ITA",
    "country_native": "ITALIA"
  },
  {
    "id": 139803,
    "name": "MANOPPELLO SCALO",
    "state": "ABRUZZO",
    "state_iso2": "65",
    "country": "ITALY",
    "country_iso2": "IT",
    "country_iso3": "ITA",
    "country_native": "ITALIA"
  },
  {
    "id": 139895,
    "name": "MARINA DI SAN VITO",
    "state": "ABRUZZO",
    "state_iso2": "65",
    "country": "ITALY",
    "country_iso2": "IT",
    "country_iso3": "ITA",
    "country_native": "ITALIA"
  },
  {
    "id": 139897,
    "name": "MARINA DI VASTO",
    "state": "ABRUZZO",
    "state_iso2": "65",
    "country": "ITALY",
    "country_iso2": "IT",
    "country_iso3": "ITA",
    "country_native": "ITALIA"
  },
  {
    "id": 139936,
    "name": "MARTINSICURO",
    "state": "ABRUZZO",
    "state_iso2": "65",
    "country": "ITALY",
    "country_iso2": "IT",
    "country_iso3": "ITA",
    "country_native": "ITALIA"
  },
  {
    "id": 139975,
    "name": "MASSA D'ALBE-CORONA",
    "state": "ABRUZZO",
    "state_iso2": "65",
    "country": "ITALY",
    "country_iso2": "IT",
    "country_iso3": "ITA",
    "country_native": "ITALIA"
  },
  {
    "id": 140132,
    "name": "MIGLIANICO",
    "state": "ABRUZZO",
    "state_iso2": "65",
    "country": "ITALY",
    "country_iso2": "IT",
    "country_iso3": "ITA",
    "country_native": "ITALIA"
  },
  {
    "id": 140214,
    "name": "MOLINA ATERNO",
    "state": "ABRUZZO",
    "state_iso2": "65",
    "country": "ITALY",
    "country_iso2": "IT",
    "country_iso3": "ITA",
    "country_native": "ITALIA"
  },
  {
    "id": 140350,
    "name": "MONTAZZOLI",
    "state": "ABRUZZO",
    "state_iso2": "65",
    "country": "ITALY",
    "country_iso2": "IT",
    "country_iso3": "ITA",
    "country_native": "ITALIA"
  },
  {
    "id": 140389,
    "name": "MONTEBELLO DI BERTONA",
    "state": "ABRUZZO",
    "state_iso2": "65",
    "country": "ITALY",
    "country_iso2": "IT",
    "country_iso3": "ITA",
    "country_native": "ITALIA"
  },
  {
    "id": 140390,
    "name": "MONTEBELLO SUL SANGRO",
    "state": "ABRUZZO",
    "state_iso2": "65",
    "country": "ITALY",
    "country_iso2": "IT",
    "country_iso3": "ITA",
    "country_native": "ITALIA"
  },
  {
    "id": 140436,
    "name": "MONTEFERRANTE",
    "state": "ABRUZZO",
    "state_iso2": "65",
    "country": "ITALY",
    "country_iso2": "IT",
    "country_iso3": "ITA",
    "country_native": "ITALIA"
  },
  {
    "id": 140438,
    "name": "MONTEFINO",
    "state": "ABRUZZO",
    "state_iso2": "65",
    "country": "ITALY",
    "country_iso2": "IT",
    "country_iso3": "ITA",
    "country_native": "ITALIA"
  },
  {
    "id": 140465,
    "name": "MONTELAPIANO",
    "state": "ABRUZZO",
    "state_iso2": "65",
    "country": "ITALY",
    "country_iso2": "IT",
    "country_iso3": "ITA",
    "country_native": "ITALIA"
  },
  {
    "id": 140504,
    "name": "MONTENERODOMO",
    "state": "ABRUZZO",
    "state_iso2": "65",
    "country": "ITALY",
    "country_iso2": "IT",
    "country_iso3": "ITA",
    "country_native": "ITALIA"
  },
  {
    "id": 140505,
    "name": "MONTEODORISIO",
    "state": "ABRUZZO",
    "state_iso2": "65",
    "country": "ITALY",
    "country_iso2": "IT",
    "country_iso3": "ITA",
    "country_native": "ITALIA"
  },
  {
    "id": 140514,
    "name": "MONTEREALE",
    "state": "ABRUZZO",
    "state_iso2": "65",
    "country": "ITALY",
    "country_iso2": "IT",
    "country_iso3": "ITA",
    "country_native": "ITALIA"
  },
  {
    "id": 140541,
    "name": "MONTESILVANO MARINA",
    "state": "ABRUZZO",
    "state_iso2": "65",
    "country": "ITALY",
    "country_iso2": "IT",
    "country_iso3": "ITA",
    "country_native": "ITALIA"
  },
  {
    "id": 140557,
    "name": "MONTICCHIO",
    "state": "ABRUZZO",
    "state_iso2": "65",
    "country": "ITALY",
    "country_iso2": "IT",
    "country_iso3": "ITA",
    "country_native": "ITALIA"
  },
  {
    "id": 140586,
    "name": "MONTORIO AL VOMANO",
    "state": "ABRUZZO",
    "state_iso2": "65",
    "country": "ITALY",
    "country_iso2": "IT",
    "country_iso3": "ITA",
    "country_native": "ITALIA"
  },
  {
    "id": 140620,
    "name": "MORINO",
    "state": "ABRUZZO",
    "state_iso2": "65",
    "country": "ITALY",
    "country_iso2": "IT",
    "country_iso3": "ITA",
    "country_native": "ITALIA"
  },
  {
    "id": 140634,
    "name": "MORRO D'ORO",
    "state": "ABRUZZO",
    "state_iso2": "65",
    "country": "ITALY",
    "country_iso2": "IT",
    "country_iso3": "ITA",
    "country_native": "ITALIA"
  },
  {
    "id": 140646,
    "name": "MOSCIANO SANT'ANGELO",
    "state": "ABRUZZO",
    "state_iso2": "65",
    "country": "ITALY",
    "country_iso2": "IT",
    "country_iso3": "ITA",
    "country_native": "ITALIA"
  },
  {
    "id": 140647,
    "name": "MOSCUFO",
    "state": "ABRUZZO",
    "state_iso2": "65",
    "country": "ITALY",
    "country_iso2": "IT",
    "country_iso3": "ITA",
    "country_native": "ITALIA"
  },
  {
    "id": 140671,
    "name": "MOZZAGROGNA",
    "state": "ABRUZZO",
    "state_iso2": "65",
    "country": "ITALY",
    "country_iso2": "IT",
    "country_iso3": "ITA",
    "country_native": "ITALIA"
  },
  {
    "id": 140731,
    "name": "NAVELLI",
    "state": "ABRUZZO",
    "state_iso2": "65",
    "country": "ITALY",
    "country_iso2": "IT",
    "country_iso3": "ITA",
    "country_native": "ITALIA"
  },
  {
    "id": 140743,
    "name": "NEPEZZANO",
    "state": "ABRUZZO",
    "state_iso2": "65",
    "country": "ITALY",
    "country_iso2": "IT",
    "country_iso3": "ITA",
    "country_native": "ITALIA"
  },
  {
    "id": 140745,
    "name": "NERETO",
    "state": "ABRUZZO",
    "state_iso2": "65",
    "country": "ITALY",
    "country_iso2": "IT",
    "country_iso3": "ITA",
    "country_native": "ITALIA"
  },
  {
    "id": 140746,
    "name": "NERITO",
    "state": "ABRUZZO",
    "state_iso2": "65",
    "country": "ITALY",
    "country_iso2": "IT",
    "country_iso3": "ITA",
    "country_native": "ITALIA"
  },
  {
    "id": 140780,
    "name": "NOCCIANO",
    "state": "ABRUZZO",
    "state_iso2": "65",
    "country": "ITALY",
    "country_iso2": "IT",
    "country_iso3": "ITA",
    "country_native": "ITALIA"
  },
  {
    "id": 140811,
    "name": "NOTARESCO",
    "state": "ABRUZZO",
    "state_iso2": "65",
    "country": "ITALY",
    "country_iso2": "IT",
    "country_iso3": "ITA",
    "country_native": "ITALIA"
  },
  {
    "id": 140842,
    "name": "NUCLEO INDUSTRIALE DI BAZZANO",
    "state": "ABRUZZO",
    "state_iso2": "65",
    "country": "ITALY",
    "country_iso2": "IT",
    "country_iso3": "ITA",
    "country_native": "ITALIA"
  },
  {
    "id": 140874,
    "name": "OFENA",
    "state": "ABRUZZO",
    "state_iso2": "65",
    "country": "ITALY",
    "country_iso2": "IT",
    "country_iso3": "ITA",
    "country_native": "ITALIA"
  },
  {
    "id": 140932,
    "name": "OPI",
    "state": "ABRUZZO",
    "state_iso2": "65",
    "country": "ITALY",
    "country_iso2": "IT",
    "country_iso3": "ITA",
    "country_native": "ITALIA"
  },
  {
    "id": 140952,
    "name": "ORICOLA",
    "state": "ABRUZZO",
    "state_iso2": "65",
    "country": "ITALY",
    "country_iso2": "IT",
    "country_iso3": "ITA",
    "country_native": "ITALIA"
  },
  {
    "id": 140975,
    "name": "ORSOGNA",
    "state": "ABRUZZO",
    "state_iso2": "65",
    "country": "ITALY",
    "country_iso2": "IT",
    "country_iso3": "ITA",
    "country_native": "ITALIA"
  },
  {
    "id": 140987,
    "name": "ORTONA",
    "state": "ABRUZZO",
    "state_iso2": "65",
    "country": "ITALY",
    "country_iso2": "IT",
    "country_iso3": "ITA",
    "country_native": "ITALIA"
  },
  {
    "id": 140988,
    "name": "ORTONA DEI MARSI",
    "state": "ABRUZZO",
    "state_iso2": "65",
    "country": "ITALY",
    "country_iso2": "IT",
    "country_iso3": "ITA",
    "country_native": "ITALIA"
  },
  {
    "id": 140990,
    "name": "ORTUCCHIO",
    "state": "ABRUZZO",
    "state_iso2": "65",
    "country": "ITALY",
    "country_iso2": "IT",
    "country_iso3": "ITA",
    "country_native": "ITALIA"
  },
  {
    "id": 141058,
    "name": "OVINDOLI",
    "state": "ABRUZZO",
    "state_iso2": "65",
    "country": "ITALY",
    "country_iso2": "IT",
    "country_iso3": "ITA",
    "country_native": "ITALIA"
  },
  {
    "id": 141070,
    "name": "PACENTRO",
    "state": "ABRUZZO",
    "state_iso2": "65",
    "country": "ITALY",
    "country_iso2": "IT",
    "country_iso3": "ITA",
    "country_native": "ITALIA"
  },
  {
    "id": 141095,
    "name": "PAGANICA-TEMPERA",
    "state": "ABRUZZO",
    "state_iso2": "65",
    "country": "ITALY",
    "country_iso2": "IT",
    "country_iso3": "ITA",
    "country_native": "ITALIA"
  },
  {
    "id": 58205,
    "name": "PAGLIARE",
    "state": "ABRUZZO",
    "state_iso2": "65",
    "country": "ITALY",
    "country_iso2": "IT",
    "country_iso3": "ITA",
    "country_native": "ITALIA"
  },
  {
    "id": 58209,
    "name": "PAGLIETA",
    "state": "ABRUZZO",
    "state_iso2": "65",
    "country": "ITALY",
    "country_iso2": "IT",
    "country_iso3": "ITA",
    "country_native": "ITALIA"
  },
  {
    "id": 58238,
    "name": "PALENA",
    "state": "ABRUZZO",
    "state_iso2": "65",
    "country": "ITALY",
    "country_iso2": "IT",
    "country_iso3": "ITA",
    "country_native": "ITALIA"
  },
  {
    "id": 58260,
    "name": "PALMOLI",
    "state": "ABRUZZO",
    "state_iso2": "65",
    "country": "ITALY",
    "country_iso2": "IT",
    "country_iso3": "ITA",
    "country_native": "ITALIA"
  },
  {
    "id": 58264,
    "name": "PALOMBARO",
    "state": "ABRUZZO",
    "state_iso2": "65",
    "country": "ITALY",
    "country_iso2": "IT",
    "country_iso3": "ITA",
    "country_native": "ITALIA"
  },
  {
    "id": 58403,
    "name": "PENNA SANT'ANDREA",
    "state": "ABRUZZO",
    "state_iso2": "65",
    "country": "ITALY",
    "country_iso2": "IT",
    "country_iso3": "ITA",
    "country_native": "ITALIA"
  },
  {
    "id": 58406,
    "name": "PENNADOMO",
    "state": "ABRUZZO",
    "state_iso2": "65",
    "country": "ITALY",
    "country_iso2": "IT",
    "country_iso3": "ITA",
    "country_native": "ITALIA"
  },
  {
    "id": 58407,
    "name": "PENNAPIEDIMONTE",
    "state": "ABRUZZO",
    "state_iso2": "65",
    "country": "ITALY",
    "country_iso2": "IT",
    "country_iso3": "ITA",
    "country_native": "ITALIA"
  },
  {
    "id": 58408,
    "name": "PENNE",
    "state": "ABRUZZO",
    "state_iso2": "65",
    "country": "ITALY",
    "country_iso2": "IT",
    "country_iso3": "ITA",
    "country_native": "ITALIA"
  },
  {
    "id": 58411,
    "name": "PERANO",
    "state": "ABRUZZO",
    "state_iso2": "65",
    "country": "ITALY",
    "country_iso2": "IT",
    "country_iso3": "ITA",
    "country_native": "ITALIA"
  },
  {
    "id": 58420,
    "name": "PERETO",
    "state": "ABRUZZO",
    "state_iso2": "65",
    "country": "ITALY",
    "country_iso2": "IT",
    "country_iso3": "ITA",
    "country_native": "ITALIA"
  },
  {
    "id": 58450,
    "name": "PESCARA",
    "state": "ABRUZZO",
    "state_iso2": "65",
    "country": "ITALY",
    "country_iso2": "IT",
    "country_iso3": "ITA",
    "country_native": "ITALIA"
  },
  {
    "id": 58452,
    "name": "PESCASSEROLI",
    "state": "ABRUZZO",
    "state_iso2": "65",
    "country": "ITALY",
    "country_iso2": "IT",
    "country_iso3": "ITA",
    "country_native": "ITALIA"
  },
  {
    "id": 58459,
    "name": "PESCINA",
    "state": "ABRUZZO",
    "state_iso2": "65",
    "country": "ITALY",
    "country_iso2": "IT",
    "country_iso3": "ITA",
    "country_native": "ITALIA"
  },
  {
    "id": 58461,
    "name": "PESCOCOSTANZO",
    "state": "ABRUZZO",
    "state_iso2": "65",
    "country": "ITALY",
    "country_iso2": "IT",
    "country_iso3": "ITA",
    "country_native": "ITALIA"
  },
  {
    "id": 58466,
    "name": "PESCOSANSONESCO NUOVO",
    "state": "ABRUZZO",
    "state_iso2": "65",
    "country": "ITALY",
    "country_iso2": "IT",
    "country_iso3": "ITA",
    "country_native": "ITALIA"
  },
  {
    "id": 58493,
    "name": "PETTORANO SUL GIZIO",
    "state": "ABRUZZO",
    "state_iso2": "65",
    "country": "ITALY",
    "country_iso2": "IT",
    "country_iso3": "ITA",
    "country_native": "ITALIA"
  },
  {
    "id": 58523,
    "name": "PIANELLA",
    "state": "ABRUZZO",
    "state_iso2": "65",
    "country": "ITALY",
    "country_iso2": "IT",
    "country_iso3": "ITA",
    "country_native": "ITALIA"
  },
  {
    "id": 58548,
    "name": "PIANOLA",
    "state": "ABRUZZO",
    "state_iso2": "65",
    "country": "ITALY",
    "country_iso2": "IT",
    "country_iso3": "ITA",
    "country_native": "ITALIA"
  },
  {
    "id": 58554,
    "name": "PIANURA VOMANO",
    "state": "ABRUZZO",
    "state_iso2": "65",
    "country": "ITALY",
    "country_iso2": "IT",
    "country_iso3": "ITA",
    "country_native": "ITALIA"
  },
  {
    "id": 58579,
    "name": "PICCIANO",
    "state": "ABRUZZO",
    "state_iso2": "65",
    "country": "ITALY",
    "country_iso2": "IT",
    "country_iso3": "ITA",
    "country_native": "ITALIA"
  },
  {
    "id": 58607,
    "name": "PIETRACAMELA",
    "state": "ABRUZZO",
    "state_iso2": "65",
    "country": "ITALY",
    "country_iso2": "IT",
    "country_iso3": "ITA",
    "country_native": "ITALIA"
  },
  {
    "id": 58612,
    "name": "PIETRAFERRAZZANA",
    "state": "ABRUZZO",
    "state_iso2": "65",
    "country": "ITALY",
    "country_iso2": "IT",
    "country_iso3": "ITA",
    "country_native": "ITALIA"
  },
  {
    "id": 58619,
    "name": "PIETRANICO",
    "state": "ABRUZZO",
    "state_iso2": "65",
    "country": "ITALY",
    "country_iso2": "IT",
    "country_iso3": "ITA",
    "country_native": "ITALIA"
  },
  {
    "id": 58677,
    "name": "PINETO",
    "state": "ABRUZZO",
    "state_iso2": "65",
    "country": "ITALY",
    "country_iso2": "IT",
    "country_iso3": "ITA",
    "country_native": "ITALIA"
  },
  {
    "id": 58727,
    "name": "PIZZOFERRATO",
    "state": "ABRUZZO",
    "state_iso2": "65",
    "country": "ITALY",
    "country_iso2": "IT",
    "country_iso3": "ITA",
    "country_native": "ITALIA"
  },
  {
    "id": 58728,
    "name": "PIZZOLI",
    "state": "ABRUZZO",
    "state_iso2": "65",
    "country": "ITALY",
    "country_iso2": "IT",
    "country_iso3": "ITA",
    "country_native": "ITALIA"
  },
  {
    "id": 58759,
    "name": "POGGIO PICENZE",
    "state": "ABRUZZO",
    "state_iso2": "65",
    "country": "ITALY",
    "country_iso2": "IT",
    "country_iso3": "ITA",
    "country_native": "ITALIA"
  },
  {
    "id": 58768,
    "name": "POGGIOFIORITO",
    "state": "ABRUZZO",
    "state_iso2": "65",
    "country": "ITALY",
    "country_iso2": "IT",
    "country_iso3": "ITA",
    "country_native": "ITALIA"
  },
  {
    "id": 58802,
    "name": "POLLUTRI",
    "state": "ABRUZZO",
    "state_iso2": "65",
    "country": "ITALY",
    "country_iso2": "IT",
    "country_iso3": "ITA",
    "country_native": "ITALIA"
  },
  {
    "id": 58900,
    "name": "POPOLI",
    "state": "ABRUZZO",
    "state_iso2": "65",
    "country": "ITALY",
    "country_iso2": "IT",
    "country_iso3": "ITA",
    "country_native": "ITALIA"
  },
  {
    "id": 59015,
    "name": "PRATA D'ANSIDONIA",
    "state": "ABRUZZO",
    "state_iso2": "65",
    "country": "ITALY",
    "country_iso2": "IT",
    "country_iso3": "ITA",
    "country_native": "ITALIA"
  },
  {
    "id": 59033,
    "name": "PRATOLA PELIGNA",
    "state": "ABRUZZO",
    "state_iso2": "65",
    "country": "ITALY",
    "country_iso2": "IT",
    "country_iso3": "ITA",
    "country_native": "ITALIA"
  },
  {
    "id": 59069,
    "name": "PRETORO",
    "state": "ABRUZZO",
    "state_iso2": "65",
    "country": "ITALY",
    "country_iso2": "IT",
    "country_iso3": "ITA",
    "country_native": "ITALIA"
  },
  {
    "id": 59070,
    "name": "PRETURO",
    "state": "ABRUZZO",
    "state_iso2": "65",
    "country": "ITALY",
    "country_iso2": "IT",
    "country_iso3": "ITA",
    "country_native": "ITALIA"
  },
  {
    "id": 59072,
    "name": "PREZZA",
    "state": "ABRUZZO",
    "state_iso2": "65",
    "country": "ITALY",
    "country_iso2": "IT",
    "country_iso3": "ITA",
    "country_native": "ITALIA"
  },
  {
    "id": 59087,
    "name": "PROGETTO CASE BAZZANO",
    "state": "ABRUZZO",
    "state_iso2": "65",
    "country": "ITALY",
    "country_iso2": "IT",
    "country_iso3": "ITA",
    "country_native": "ITALIA"
  },
  {
    "id": 59088,
    "name": "PROGETTO CASE COPPITO 3",
    "state": "ABRUZZO",
    "state_iso2": "65",
    "country": "ITALY",
    "country_iso2": "IT",
    "country_iso3": "ITA",
    "country_native": "ITALIA"
  },
  {
    "id": 59089,
    "name": "PROGETTO CASE SASSA NSI",
    "state": "ABRUZZO",
    "state_iso2": "65",
    "country": "ITALY",
    "country_iso2": "IT",
    "country_iso3": "ITA",
    "country_native": "ITALIA"
  },
  {
    "id": 59106,
    "name": "PROVINCIA DELL' AQUILA",
    "state": "ABRUZZO",
    "state_iso2": "65",
    "country": "ITALY",
    "country_iso2": "IT",
    "country_iso3": "ITA",
    "country_native": "ITALIA"
  },
  {
    "id": 59124,
    "name": "PROVINCIA DI CHIETI",
    "state": "ABRUZZO",
    "state_iso2": "65",
    "country": "ITALY",
    "country_iso2": "IT",
    "country_iso3": "ITA",
    "country_native": "ITALIA"
  },
  {
    "id": 59160,
    "name": "PROVINCIA DI PESCARA",
    "state": "ABRUZZO",
    "state_iso2": "65",
    "country": "ITALY",
    "country_iso2": "IT",
    "country_iso3": "ITA",
    "country_native": "ITALIA"
  },
  {
    "id": 59179,
    "name": "PROVINCIA DI TERAMO",
    "state": "ABRUZZO",
    "state_iso2": "65",
    "country": "ITALY",
    "country_iso2": "IT",
    "country_iso3": "ITA",
    "country_native": "ITALIA"
  },
  {
    "id": 59212,
    "name": "QUADRI",
    "state": "ABRUZZO",
    "state_iso2": "65",
    "country": "ITALY",
    "country_iso2": "IT",
    "country_iso3": "ITA",
    "country_native": "ITALIA"
  },
  {
    "id": 59270,
    "name": "RAIANO",
    "state": "ABRUZZO",
    "state_iso2": "65",
    "country": "ITALY",
    "country_iso2": "IT",
    "country_iso3": "ITA",
    "country_native": "ITALIA"
  },
  {
    "id": 59285,
    "name": "RAPINO",
    "state": "ABRUZZO",
    "state_iso2": "65",
    "country": "ITALY",
    "country_iso2": "IT",
    "country_iso3": "ITA",
    "country_native": "ITALIA"
  },
  {
    "id": 59399,
    "name": "RIPA TEATINA",
    "state": "ABRUZZO",
    "state_iso2": "65",
    "country": "ITALY",
    "country_iso2": "IT",
    "country_iso3": "ITA",
    "country_native": "ITALIA"
  },
  {
    "id": 59439,
    "name": "RIVISONDOLI",
    "state": "ABRUZZO",
    "state_iso2": "65",
    "country": "ITALY",
    "country_iso2": "IT",
    "country_iso3": "ITA",
    "country_native": "ITALIA"
  },
  {
    "id": 59483,
    "name": "ROCCA DI BOTTE",
    "state": "ABRUZZO",
    "state_iso2": "65",
    "country": "ITALY",
    "country_iso2": "IT",
    "country_iso3": "ITA",
    "country_native": "ITALIA"
  },
  {
    "id": 59484,
    "name": "ROCCA DI CAMBIO",
    "state": "ABRUZZO",
    "state_iso2": "65",
    "country": "ITALY",
    "country_iso2": "IT",
    "country_iso3": "ITA",
    "country_native": "ITALIA"
  },
  {
    "id": 59487,
    "name": "ROCCA DI MEZZO",
    "state": "ABRUZZO",
    "state_iso2": "65",
    "country": "ITALY",
    "country_iso2": "IT",
    "country_iso3": "ITA",
    "country_native": "ITALIA"
  },
  {
    "id": 59473,
    "name": "ROCCA PIA",
    "state": "ABRUZZO",
    "state_iso2": "65",
    "country": "ITALY",
    "country_iso2": "IT",
    "country_iso3": "ITA",
    "country_native": "ITALIA"
  },
  {
    "id": 59478,
    "name": "ROCCA SAN GIOVANNI",
    "state": "ABRUZZO",
    "state_iso2": "65",
    "country": "ITALY",
    "country_iso2": "IT",
    "country_iso3": "ITA",
    "country_native": "ITALIA"
  },
  {
    "id": 59494,
    "name": "ROCCACASALE",
    "state": "ABRUZZO",
    "state_iso2": "65",
    "country": "ITALY",
    "country_iso2": "IT",
    "country_iso3": "ITA",
    "country_native": "ITALIA"
  },
  {
    "id": 59510,
    "name": "ROCCAMORICE",
    "state": "ABRUZZO",
    "state_iso2": "65",
    "country": "ITALY",
    "country_iso2": "IT",
    "country_iso3": "ITA",
    "country_native": "ITALIA"
  },
  {
    "id": 59516,
    "name": "ROCCARASO",
    "state": "ABRUZZO",
    "state_iso2": "65",
    "country": "ITALY",
    "country_iso2": "IT",
    "country_iso3": "ITA",
    "country_native": "ITALIA"
  },
  {
    "id": 59518,
    "name": "ROCCASCALEGNA",
    "state": "ABRUZZO",
    "state_iso2": "65",
    "country": "ITALY",
    "country_iso2": "IT",
    "country_iso3": "ITA",
    "country_native": "ITALIA"
  },
  {
    "id": 59524,
    "name": "ROCCASPINALVETI-SANTA GIUSTA",
    "state": "ABRUZZO",
    "state_iso2": "65",
    "country": "ITALY",
    "country_iso2": "IT",
    "country_iso3": "ITA",
    "country_native": "ITALIA"
  },
  {
    "id": 59531,
    "name": "ROCCAVIVI",
    "state": "ABRUZZO",
    "state_iso2": "65",
    "country": "ITALY",
    "country_iso2": "IT",
    "country_iso3": "ITA",
    "country_native": "ITALIA"
  },
  {
    "id": 59567,
    "name": "ROIO DEL SANGRO",
    "state": "ABRUZZO",
    "state_iso2": "65",
    "country": "ITALY",
    "country_iso2": "IT",
    "country_iso3": "ITA",
    "country_native": "ITALIA"
  },
  {
    "id": 59629,
    "name": "ROSCIANO",
    "state": "ABRUZZO",
    "state_iso2": "65",
    "country": "ITALY",
    "country_iso2": "IT",
    "country_iso3": "ITA",
    "country_native": "ITALIA"
  },
  {
    "id": 59634,
    "name": "ROSELLO",
    "state": "ABRUZZO",
    "state_iso2": "65",
    "country": "ITALY",
    "country_iso2": "IT",
    "country_iso3": "ITA",
    "country_native": "ITALIA"
  },
  {
    "id": 59637,
    "name": "ROSETO DEGLI ABRUZZI",
    "state": "ABRUZZO",
    "state_iso2": "65",
    "country": "ITALY",
    "country_iso2": "IT",
    "country_iso3": "ITA",
    "country_native": "ITALIA"
  },
  {
    "id": 59772,
    "name": "SALINO",
    "state": "ABRUZZO",
    "state_iso2": "65",
    "country": "ITALY",
    "country_iso2": "IT",
    "country_iso3": "ITA",
    "country_native": "ITALIA"
  },
  {
    "id": 59777,
    "name": "SALLE",
    "state": "ABRUZZO",
    "state_iso2": "65",
    "country": "ITALY",
    "country_iso2": "IT",
    "country_iso3": "ITA",
    "country_native": "ITALIA"
  },
  {
    "id": 59792,
    "name": "SALVO MARINA",
    "state": "ABRUZZO",
    "state_iso2": "65",
    "country": "ITALY",
    "country_iso2": "IT",
    "country_iso3": "ITA",
    "country_native": "ITALIA"
  },
  {
    "id": 59806,
    "name": "SAMBUCETO",
    "state": "ABRUZZO",
    "state_iso2": "65",
    "country": "ITALY",
    "country_iso2": "IT",
    "country_iso3": "ITA",
    "country_native": "ITALIA"
  },
  {
    "id": 59831,
    "name": "SAN BENEDETTO DEI MARSI",
    "state": "ABRUZZO",
    "state_iso2": "65",
    "country": "ITALY",
    "country_iso2": "IT",
    "country_iso3": "ITA",
    "country_native": "ITALIA"
  },
  {
    "id": 59833,
    "name": "SAN BENEDETTO IN PERILLIS",
    "state": "ABRUZZO",
    "state_iso2": "65",
    "country": "ITALY",
    "country_iso2": "IT",
    "country_iso3": "ITA",
    "country_native": "ITALIA"
  },
  {
    "id": 59849,
    "name": "SAN BUONO",
    "state": "ABRUZZO",
    "state_iso2": "65",
    "country": "ITALY",
    "country_iso2": "IT",
    "country_iso3": "ITA",
    "country_native": "ITALIA"
  },
  {
    "id": 59892,
    "name": "SAN DEMETRIO NE' VESTINI",
    "state": "ABRUZZO",
    "state_iso2": "65",
    "country": "ITALY",
    "country_iso2": "IT",
    "country_iso3": "ITA",
    "country_native": "ITALIA"
  },
  {
    "id": 59986,
    "name": "SAN GIOVANNI LIPIONI",
    "state": "ABRUZZO",
    "state_iso2": "65",
    "country": "ITALY",
    "country_iso2": "IT",
    "country_iso3": "ITA",
    "country_native": "ITALIA"
  },
  {
    "id": 60072,
    "name": "SAN MARTINO BASSA",
    "state": "ABRUZZO",
    "state_iso2": "65",
    "country": "ITALY",
    "country_iso2": "IT",
    "country_iso3": "ITA",
    "country_native": "ITALIA"
  },
  {
    "id": 60097,
    "name": "SAN MARTINO SULLA MARRUCINA",
    "state": "ABRUZZO",
    "state_iso2": "65",
    "country": "ITALY",
    "country_iso2": "IT",
    "country_iso3": "ITA",
    "country_native": "ITALIA"
  },
  {
    "id": 60148,
    "name": "SAN NICOLÒ A TORDINO",
    "state": "ABRUZZO",
    "state_iso2": "65",
    "country": "ITALY",
    "country_iso2": "IT",
    "country_iso3": "ITA",
    "country_native": "ITALIA"
  },
  {
    "id": 60153,
    "name": "SAN PANFILO D'OCRE",
    "state": "ABRUZZO",
    "state_iso2": "65",
    "country": "ITALY",
    "country_iso2": "IT",
    "country_iso3": "ITA",
    "country_native": "ITALIA"
  },
  {
    "id": 60203,
    "name": "SAN PIO DELLE CAMERE",
    "state": "ABRUZZO",
    "state_iso2": "65",
    "country": "ITALY",
    "country_iso2": "IT",
    "country_iso3": "ITA",
    "country_native": "ITALIA"
  },
  {
    "id": 60222,
    "name": "SAN ROCCO",
    "state": "ABRUZZO",
    "state_iso2": "65",
    "country": "ITALY",
    "country_iso2": "IT",
    "country_iso3": "ITA",
    "country_native": "ITALIA"
  },
  {
    "id": 60234,
    "name": "SAN SALVO",
    "state": "ABRUZZO",
    "state_iso2": "65",
    "country": "ITALY",
    "country_iso2": "IT",
    "country_iso3": "ITA",
    "country_native": "ITALIA"
  },
  {
    "id": 60259,
    "name": "SAN VALENTINO IN ABRUZZO CITERIORE",
    "state": "ABRUZZO",
    "state_iso2": "65",
    "country": "ITALY",
    "country_iso2": "IT",
    "country_iso3": "ITA",
    "country_native": "ITALIA"
  },
  {
    "id": 60269,
    "name": "SAN VINCENZO VALLE ROVETO",
    "state": "ABRUZZO",
    "state_iso2": "65",
    "country": "ITALY",
    "country_iso2": "IT",
    "country_iso3": "ITA",
    "country_native": "ITALIA"
  },
  {
    "id": 60275,
    "name": "SAN VITO CHIETINO",
    "state": "ABRUZZO",
    "state_iso2": "65",
    "country": "ITALY",
    "country_iso2": "IT",
    "country_iso3": "ITA",
    "country_native": "ITALIA"
  },
  {
    "id": 60391,
    "name": "SANT'EGIDIO ALLA VIBRATA",
    "state": "ABRUZZO",
    "state_iso2": "65",
    "country": "ITALY",
    "country_iso2": "IT",
    "country_iso3": "ITA",
    "country_native": "ITALIA"
  },
  {
    "id": 60400,
    "name": "SANT'EUFEMIA A MAIELLA",
    "state": "ABRUZZO",
    "state_iso2": "65",
    "country": "ITALY",
    "country_iso2": "IT",
    "country_iso3": "ITA",
    "country_native": "ITALIA"
  },
  {
    "id": 60403,
    "name": "SANT'EUSANIO DEL SANGRO",
    "state": "ABRUZZO",
    "state_iso2": "65",
    "country": "ITALY",
    "country_iso2": "IT",
    "country_iso3": "ITA",
    "country_native": "ITALIA"
  },
  {
    "id": 60402,
    "name": "SANT'EUSANIO FORCONESE",
    "state": "ABRUZZO",
    "state_iso2": "65",
    "country": "ITALY",
    "country_iso2": "IT",
    "country_iso3": "ITA",
    "country_native": "ITALIA"
  },
  {
    "id": 60407,
    "name": "SANT'OMERO",
    "state": "ABRUZZO",
    "state_iso2": "65",
    "country": "ITALY",
    "country_iso2": "IT",
    "country_iso3": "ITA",
    "country_native": "ITALIA"
  },
  {
    "id": 60463,
    "name": "SANTA MARIA IMBARO",
    "state": "ABRUZZO",
    "state_iso2": "65",
    "country": "ITALY",
    "country_iso2": "IT",
    "country_iso3": "ITA",
    "country_native": "ITALIA"
  },
  {
    "id": 60494,
    "name": "SANTA TERESA",
    "state": "ABRUZZO",
    "state_iso2": "65",
    "country": "ITALY",
    "country_iso2": "IT",
    "country_iso3": "ITA",
    "country_native": "ITALIA"
  },
  {
    "id": 60504,
    "name": "SANTE MARIE",
    "state": "ABRUZZO",
    "state_iso2": "65",
    "country": "ITALY",
    "country_iso2": "IT",
    "country_iso3": "ITA",
    "country_native": "ITALIA"
  },
  {
    "id": 60524,
    "name": "SANTO STEFANO DI SESSANIO",
    "state": "ABRUZZO",
    "state_iso2": "65",
    "country": "ITALY",
    "country_iso2": "IT",
    "country_iso3": "ITA",
    "country_native": "ITALIA"
  },
  {
    "id": 60565,
    "name": "SASSA",
    "state": "ABRUZZO",
    "state_iso2": "65",
    "country": "ITALY",
    "country_iso2": "IT",
    "country_iso3": "ITA",
    "country_native": "ITALIA"
  },
  {
    "id": 60601,
    "name": "SCAFA",
    "state": "ABRUZZO",
    "state_iso2": "65",
    "country": "ITALY",
    "country_iso2": "IT",
    "country_iso3": "ITA",
    "country_native": "ITALIA"
  },
  {
    "id": 60622,
    "name": "SCANNO",
    "state": "ABRUZZO",
    "state_iso2": "65",
    "country": "ITALY",
    "country_iso2": "IT",
    "country_iso3": "ITA",
    "country_native": "ITALIA"
  },
  {
    "id": 60639,
    "name": "SCERNE",
    "state": "ABRUZZO",
    "state_iso2": "65",
    "country": "ITALY",
    "country_iso2": "IT",
    "country_iso3": "ITA",
    "country_native": "ITALIA"
  },
  {
    "id": 60640,
    "name": "SCERNI",
    "state": "ABRUZZO",
    "state_iso2": "65",
    "country": "ITALY",
    "country_iso2": "IT",
    "country_iso3": "ITA",
    "country_native": "ITALIA"
  },
  {
    "id": 60643,
    "name": "SCHIAVI DI ABRUZZO",
    "state": "ABRUZZO",
    "state_iso2": "65",
    "country": "ITALY",
    "country_iso2": "IT",
    "country_iso3": "ITA",
    "country_native": "ITALIA"
  },
  {
    "id": 60662,
    "name": "SCONTRONE",
    "state": "ABRUZZO",
    "state_iso2": "65",
    "country": "ITALY",
    "country_iso2": "IT",
    "country_iso3": "ITA",
    "country_native": "ITALIA"
  },
  {
    "id": 60665,
    "name": "SCOPPITO",
    "state": "ABRUZZO",
    "state_iso2": "65",
    "country": "ITALY",
    "country_iso2": "IT",
    "country_iso3": "ITA",
    "country_native": "ITALIA"
  },
  {
    "id": 60670,
    "name": "SCURCOLA MARSICANA",
    "state": "ABRUZZO",
    "state_iso2": "65",
    "country": "ITALY",
    "country_iso2": "IT",
    "country_iso3": "ITA",
    "country_native": "ITALIA"
  },
  {
    "id": 60676,
    "name": "SECINARO",
    "state": "ABRUZZO",
    "state_iso2": "65",
    "country": "ITALY",
    "country_iso2": "IT",
    "country_iso3": "ITA",
    "country_native": "ITALIA"
  },
  {
    "id": 60704,
    "name": "SELVA",
    "state": "ABRUZZO",
    "state_iso2": "65",
    "country": "ITALY",
    "country_iso2": "IT",
    "country_iso3": "ITA",
    "country_native": "ITALIA"
  },
  {
    "id": 60765,
    "name": "SERRAMONACESCA",
    "state": "ABRUZZO",
    "state_iso2": "65",
    "country": "ITALY",
    "country_iso2": "IT",
    "country_iso3": "ITA",
    "country_native": "ITALIA"
  },
  {
    "id": 60857,
    "name": "SILVI",
    "state": "ABRUZZO",
    "state_iso2": "65",
    "country": "ITALY",
    "country_iso2": "IT",
    "country_iso3": "ITA",
    "country_native": "ITALIA"
  },
  {
    "id": 61027,
    "name": "SPOLTORE",
    "state": "ABRUZZO",
    "state_iso2": "65",
    "country": "ITALY",
    "country_iso2": "IT",
    "country_iso3": "ITA",
    "country_native": "ITALIA"
  },
  {
    "id": 61116,
    "name": "SULMONA",
    "state": "ABRUZZO",
    "state_iso2": "65",
    "country": "ITALY",
    "country_iso2": "IT",
    "country_iso3": "ITA",
    "country_native": "ITALIA"
  },
  {
    "id": 61142,
    "name": "TAGLIACOZZO",
    "state": "ABRUZZO",
    "state_iso2": "65",
    "country": "ITALY",
    "country_iso2": "IT",
    "country_iso3": "ITA",
    "country_native": "ITALIA"
  },
  {
    "id": 61163,
    "name": "TARANTA PELIGNA",
    "state": "ABRUZZO",
    "state_iso2": "65",
    "country": "ITALY",
    "country_iso2": "IT",
    "country_iso3": "ITA",
    "country_native": "ITALIA"
  },
  {
    "id": 61217,
    "name": "TERAMO",
    "state": "ABRUZZO",
    "state_iso2": "65",
    "country": "ITALY",
    "country_iso2": "IT",
    "country_iso3": "ITA",
    "country_native": "ITALIA"
  },
  {
    "id": 61280,
    "name": "TIONE DEGLI ABRUZZI",
    "state": "ABRUZZO",
    "state_iso2": "65",
    "country": "ITALY",
    "country_iso2": "IT",
    "country_iso3": "ITA",
    "country_native": "ITALIA"
  },
  {
    "id": 61293,
    "name": "TOCCO DA CASAURIA",
    "state": "ABRUZZO",
    "state_iso2": "65",
    "country": "ITALY",
    "country_iso2": "IT",
    "country_iso3": "ITA",
    "country_native": "ITALIA"
  },
  {
    "id": 61301,
    "name": "TOLLO",
    "state": "ABRUZZO",
    "state_iso2": "65",
    "country": "ITALY",
    "country_iso2": "IT",
    "country_iso3": "ITA",
    "country_native": "ITALIA"
  },
  {
    "id": 61317,
    "name": "TORANO NUOVO",
    "state": "ABRUZZO",
    "state_iso2": "65",
    "country": "ITALY",
    "country_iso2": "IT",
    "country_iso3": "ITA",
    "country_native": "ITALIA"
  },
  {
    "id": 61330,
    "name": "TORINO DI SANGRO",
    "state": "ABRUZZO",
    "state_iso2": "65",
    "country": "ITALY",
    "country_iso2": "IT",
    "country_iso3": "ITA",
    "country_native": "ITALIA"
  },
  {
    "id": 61334,
    "name": "TORNARECCIO",
    "state": "ABRUZZO",
    "state_iso2": "65",
    "country": "ITALY",
    "country_iso2": "IT",
    "country_iso3": "ITA",
    "country_native": "ITALIA"
  },
  {
    "id": 61336,
    "name": "TORNIMPARTE",
    "state": "ABRUZZO",
    "state_iso2": "65",
    "country": "ITALY",
    "country_iso2": "IT",
    "country_iso3": "ITA",
    "country_native": "ITALIA"
  },
  {
    "id": 61368,
    "name": "TORRE DE' PASSERI",
    "state": "ABRUZZO",
    "state_iso2": "65",
    "country": "ITALY",
    "country_iso2": "IT",
    "country_iso3": "ITA",
    "country_native": "ITALIA"
  },
  {
    "id": 61380,
    "name": "TORREBRUNA",
    "state": "ABRUZZO",
    "state_iso2": "65",
    "country": "ITALY",
    "country_iso2": "IT",
    "country_iso3": "ITA",
    "country_native": "ITALIA"
  },
  {
    "id": 61392,
    "name": "TORREVECCHIA",
    "state": "ABRUZZO",
    "state_iso2": "65",
    "country": "ITALY",
    "country_iso2": "IT",
    "country_iso3": "ITA",
    "country_native": "ITALIA"
  },
  {
    "id": 61399,
    "name": "TORRICELLA",
    "state": "ABRUZZO",
    "state_iso2": "65",
    "country": "ITALY",
    "country_iso2": "IT",
    "country_iso3": "ITA",
    "country_native": "ITALIA"
  },
  {
    "id": 61401,
    "name": "TORRICELLA PELIGNA",
    "state": "ABRUZZO",
    "state_iso2": "65",
    "country": "ITALY",
    "country_iso2": "IT",
    "country_iso3": "ITA",
    "country_native": "ITALIA"
  },
  {
    "id": 61416,
    "name": "TORTORETO",
    "state": "ABRUZZO",
    "state_iso2": "65",
    "country": "ITALY",
    "country_iso2": "IT",
    "country_iso3": "ITA",
    "country_native": "ITALIA"
  },
  {
    "id": 61417,
    "name": "TORTORETO LIDO",
    "state": "ABRUZZO",
    "state_iso2": "65",
    "country": "ITALY",
    "country_iso2": "IT",
    "country_iso3": "ITA",
    "country_native": "ITALIA"
  },
  {
    "id": 61424,
    "name": "TOSSICIA",
    "state": "ABRUZZO",
    "state_iso2": "65",
    "country": "ITALY",
    "country_iso2": "IT",
    "country_iso3": "ITA",
    "country_native": "ITALIA"
  },
  {
    "id": 61444,
    "name": "TRASACCO",
    "state": "ABRUZZO",
    "state_iso2": "65",
    "country": "ITALY",
    "country_iso2": "IT",
    "country_iso3": "ITA",
    "country_native": "ITALIA"
  },
  {
    "id": 61473,
    "name": "TREGLIO",
    "state": "ABRUZZO",
    "state_iso2": "65",
    "country": "ITALY",
    "country_iso2": "IT",
    "country_iso3": "ITA",
    "country_native": "ITALIA"
  },
  {
    "id": 61563,
    "name": "TUFILLO",
    "state": "ABRUZZO",
    "state_iso2": "65",
    "country": "ITALY",
    "country_iso2": "IT",
    "country_iso3": "ITA",
    "country_native": "ITALIA"
  },
  {
    "id": 61578,
    "name": "TURRIVALIGNANI",
    "state": "ABRUZZO",
    "state_iso2": "65",
    "country": "ITALY",
    "country_iso2": "IT",
    "country_iso3": "ITA",
    "country_native": "ITALIA"
  },
  {
    "id": 61626,
    "name": "VACRI",
    "state": "ABRUZZO",
    "state_iso2": "65",
    "country": "ITALY",
    "country_iso2": "IT",
    "country_iso3": "ITA",
    "country_native": "ITALIA"
  },
  {
    "id": 61686,
    "name": "VALLE CASTELLANA",
    "state": "ABRUZZO",
    "state_iso2": "65",
    "country": "ITALY",
    "country_iso2": "IT",
    "country_iso3": "ITA",
    "country_native": "ITALIA"
  },
  {
    "id": 61704,
    "name": "VALLECUPA",
    "state": "ABRUZZO",
    "state_iso2": "65",
    "country": "ITALY",
    "country_iso2": "IT",
    "country_iso3": "ITA",
    "country_native": "ITALIA"
  },
  {
    "id": 61781,
    "name": "VASTO",
    "state": "ABRUZZO",
    "state_iso2": "65",
    "country": "ITALY",
    "country_iso2": "IT",
    "country_iso3": "ITA",
    "country_native": "ITALIA"
  },
  {
    "id": 61922,
    "name": "VICOLI",
    "state": "ABRUZZO",
    "state_iso2": "65",
    "country": "ITALY",
    "country_iso2": "IT",
    "country_iso3": "ITA",
    "country_native": "ITALIA"
  },
  {
    "id": 61988,
    "name": "VILLA CALDARI",
    "state": "ABRUZZO",
    "state_iso2": "65",
    "country": "ITALY",
    "country_iso2": "IT",
    "country_iso3": "ITA",
    "country_native": "ITALIA"
  },
  {
    "id": 61992,
    "name": "VILLA CELIERA",
    "state": "ABRUZZO",
    "state_iso2": "65",
    "country": "ITALY",
    "country_iso2": "IT",
    "country_iso3": "ITA",
    "country_native": "ITALIA"
  },
  {
    "id": 62003,
    "name": "VILLA LEMPA",
    "state": "ABRUZZO",
    "state_iso2": "65",
    "country": "ITALY",
    "country_iso2": "IT",
    "country_iso3": "ITA",
    "country_native": "ITALIA"
  },
  {
    "id": 62012,
    "name": "VILLA RASPA",
    "state": "ABRUZZO",
    "state_iso2": "65",
    "country": "ITALY",
    "country_iso2": "IT",
    "country_iso3": "ITA",
    "country_native": "ITALIA"
  },
  {
    "id": 62015,
    "name": "VILLA ROSA",
    "state": "ABRUZZO",
    "state_iso2": "65",
    "country": "ITALY",
    "country_iso2": "IT",
    "country_iso3": "ITA",
    "country_native": "ITALIA"
  },
  {
    "id": 62022,
    "name": "VILLA SANT'ANGELO",
    "state": "ABRUZZO",
    "state_iso2": "65",
    "country": "ITALY",
    "country_iso2": "IT",
    "country_iso3": "ITA",
    "country_native": "ITALIA"
  },
  {
    "id": 62025,
    "name": "VILLA SANTA LUCIA DEGLI ABRUZZI",
    "state": "ABRUZZO",
    "state_iso2": "65",
    "country": "ITALY",
    "country_iso2": "IT",
    "country_iso3": "ITA",
    "country_native": "ITALIA"
  },
  {
    "id": 62026,
    "name": "VILLA SANTA MARIA",
    "state": "ABRUZZO",
    "state_iso2": "65",
    "country": "ITALY",
    "country_iso2": "IT",
    "country_iso3": "ITA",
    "country_native": "ITALIA"
  },
  {
    "id": 62071,
    "name": "VILLAGRANDE",
    "state": "ABRUZZO",
    "state_iso2": "65",
    "country": "ITALY",
    "country_iso2": "IT",
    "country_iso3": "ITA",
    "country_native": "ITALIA"
  },
  {
    "id": 62075,
    "name": "VILLALAGO",
    "state": "ABRUZZO",
    "state_iso2": "65",
    "country": "ITALY",
    "country_iso2": "IT",
    "country_iso3": "ITA",
    "country_native": "ITALIA"
  },
  {
    "id": 62078,
    "name": "VILLALFONSINA",
    "state": "ABRUZZO",
    "state_iso2": "65",
    "country": "ITALY",
    "country_iso2": "IT",
    "country_iso3": "ITA",
    "country_native": "ITALIA"
  },
  {
    "id": 62080,
    "name": "VILLAMAGNA",
    "state": "ABRUZZO",
    "state_iso2": "65",
    "country": "ITALY",
    "country_iso2": "IT",
    "country_iso3": "ITA",
    "country_native": "ITALIA"
  },
  {
    "id": 62093,
    "name": "VILLANOVA",
    "state": "ABRUZZO",
    "state_iso2": "65",
    "country": "ITALY",
    "country_iso2": "IT",
    "country_iso3": "ITA",
    "country_native": "ITALIA"
  },
  {
    "id": 62145,
    "name": "VILLAVALLELONGA",
    "state": "ABRUZZO",
    "state_iso2": "65",
    "country": "ITALY",
    "country_iso2": "IT",
    "country_iso3": "ITA",
    "country_native": "ITALIA"
  },
  {
    "id": 62151,
    "name": "VILLETTA BARREA",
    "state": "ABRUZZO",
    "state_iso2": "65",
    "country": "ITALY",
    "country_iso2": "IT",
    "country_iso3": "ITA",
    "country_native": "ITALIA"
  },
  {
    "id": 62186,
    "name": "VITTORITO",
    "state": "ABRUZZO",
    "state_iso2": "65",
    "country": "ITALY",
    "country_iso2": "IT",
    "country_iso3": "ITA",
    "country_native": "ITALIA"
  }
]