[
  {
    "id": 135335,
    "name": "AIROLE",
    "state": "LIGURIA",
    "state_iso2": "42",
    "country": "ITALY",
    "country_iso2": "IT",
    "country_iso3": "ITA",
    "country_native": "ITALIA"
  },
  {
    "id": 135344,
    "name": "ALASSIO",
    "state": "LIGURIA",
    "state_iso2": "42",
    "country": "ITALY",
    "country_iso2": "IT",
    "country_iso3": "ITA",
    "country_native": "ITALIA"
  },
  {
    "id": 135362,
    "name": "ALBENGA",
    "state": "LIGURIA",
    "state_iso2": "42",
    "country": "ITALY",
    "country_iso2": "IT",
    "country_iso3": "ITA",
    "country_native": "ITALIA"
  },
  {
    "id": 135381,
    "name": "ALBISOLA MARINA",
    "state": "LIGURIA",
    "state_iso2": "42",
    "country": "ITALY",
    "country_iso2": "IT",
    "country_iso3": "ITA",
    "country_native": "ITALIA"
  },
  {
    "id": 135382,
    "name": "ALBISOLA SUPERIORE",
    "state": "LIGURIA",
    "state_iso2": "42",
    "country": "ITALY",
    "country_iso2": "IT",
    "country_iso3": "ITA",
    "country_native": "ITALIA"
  },
  {
    "id": 135431,
    "name": "ALTARE",
    "state": "LIGURIA",
    "state_iso2": "42",
    "country": "ITALY",
    "country_iso2": "IT",
    "country_iso3": "ITA",
    "country_native": "ITALIA"
  },
  {
    "id": 135467,
    "name": "AMEGLIA",
    "state": "LIGURIA",
    "state_iso2": "42",
    "country": "ITALY",
    "country_iso2": "IT",
    "country_iso3": "ITA",
    "country_native": "ITALIA"
  },
  {
    "id": 135484,
    "name": "ANDORA",
    "state": "LIGURIA",
    "state_iso2": "42",
    "country": "ITALY",
    "country_iso2": "IT",
    "country_iso3": "ITA",
    "country_native": "ITALIA"
  },
  {
    "id": 135539,
    "name": "APRICALE",
    "state": "LIGURIA",
    "state_iso2": "42",
    "country": "ITALY",
    "country_iso2": "IT",
    "country_iso3": "ITA",
    "country_native": "ITALIA"
  },
  {
    "id": 135544,
    "name": "AQUILA DI ARROSCIA",
    "state": "LIGURIA",
    "state_iso2": "42",
    "country": "ITALY",
    "country_iso2": "IT",
    "country_iso3": "ITA",
    "country_native": "ITALIA"
  },
  {
    "id": 135571,
    "name": "ARCOLA",
    "state": "LIGURIA",
    "state_iso2": "42",
    "country": "ITALY",
    "country_iso2": "IT",
    "country_iso3": "ITA",
    "country_native": "ITALIA"
  },
  {
    "id": 135588,
    "name": "ARENZANO",
    "state": "LIGURIA",
    "state_iso2": "42",
    "country": "ITALY",
    "country_iso2": "IT",
    "country_iso3": "ITA",
    "country_native": "ITALIA"
  },
  {
    "id": 135616,
    "name": "ARMO",
    "state": "LIGURIA",
    "state_iso2": "42",
    "country": "ITALY",
    "country_iso2": "IT",
    "country_iso3": "ITA",
    "country_native": "ITALIA"
  },
  {
    "id": 135620,
    "name": "ARNASCO",
    "state": "LIGURIA",
    "state_iso2": "42",
    "country": "ITALY",
    "country_iso2": "IT",
    "country_iso3": "ITA",
    "country_native": "ITALIA"
  },
  {
    "id": 135690,
    "name": "AURIGO",
    "state": "LIGURIA",
    "state_iso2": "42",
    "country": "ITALY",
    "country_iso2": "IT",
    "country_iso3": "ITA",
    "country_native": "ITALIA"
  },
  {
    "id": 135697,
    "name": "AVEGNO",
    "state": "LIGURIA",
    "state_iso2": "42",
    "country": "ITALY",
    "country_iso2": "IT",
    "country_iso3": "ITA",
    "country_native": "ITALIA"
  },
  {
    "id": 135732,
    "name": "BADALUCCO",
    "state": "LIGURIA",
    "state_iso2": "42",
    "country": "ITALY",
    "country_iso2": "IT",
    "country_iso3": "ITA",
    "country_native": "ITALIA"
  },
  {
    "id": 135781,
    "name": "BAJARDO",
    "state": "LIGURIA",
    "state_iso2": "42",
    "country": "ITALY",
    "country_iso2": "IT",
    "country_iso3": "ITA",
    "country_native": "ITALIA"
  },
  {
    "id": 135788,
    "name": "BALESTRINO",
    "state": "LIGURIA",
    "state_iso2": "42",
    "country": "ITALY",
    "country_iso2": "IT",
    "country_iso3": "ITA",
    "country_native": "ITALIA"
  },
  {
    "id": 135841,
    "name": "BARDINETO",
    "state": "LIGURIA",
    "state_iso2": "42",
    "country": "ITALY",
    "country_iso2": "IT",
    "country_iso3": "ITA",
    "country_native": "ITALIA"
  },
  {
    "id": 135849,
    "name": "BARGAGLI",
    "state": "LIGURIA",
    "state_iso2": "42",
    "country": "ITALY",
    "country_iso2": "IT",
    "country_iso3": "ITA",
    "country_native": "ITALIA"
  },
  {
    "id": 135989,
    "name": "BERGEGGI",
    "state": "LIGURIA",
    "state_iso2": "42",
    "country": "ITALY",
    "country_iso2": "IT",
    "country_iso3": "ITA",
    "country_native": "ITALIA"
  },
  {
    "id": 136025,
    "name": "BEVERINO",
    "state": "LIGURIA",
    "state_iso2": "42",
    "country": "ITALY",
    "country_iso2": "IT",
    "country_iso3": "ITA",
    "country_native": "ITALIA"
  },
  {
    "id": 136090,
    "name": "BOCCO",
    "state": "LIGURIA",
    "state_iso2": "42",
    "country": "ITALY",
    "country_iso2": "IT",
    "country_iso3": "ITA",
    "country_native": "ITALIA"
  },
  {
    "id": 136096,
    "name": "BOGLIASCO",
    "state": "LIGURIA",
    "state_iso2": "42",
    "country": "ITALY",
    "country_iso2": "IT",
    "country_iso3": "ITA",
    "country_native": "ITALIA"
  },
  {
    "id": 136098,
    "name": "BOISSANO",
    "state": "LIGURIA",
    "state_iso2": "42",
    "country": "ITALY",
    "country_iso2": "IT",
    "country_iso3": "ITA",
    "country_native": "ITALIA"
  },
  {
    "id": 136101,
    "name": "BOLANO",
    "state": "LIGURIA",
    "state_iso2": "42",
    "country": "ITALY",
    "country_iso2": "IT",
    "country_iso3": "ITA",
    "country_native": "ITALIA"
  },
  {
    "id": 136124,
    "name": "BONASSOLA",
    "state": "LIGURIA",
    "state_iso2": "42",
    "country": "ITALY",
    "country_iso2": "IT",
    "country_iso3": "ITA",
    "country_native": "ITALIA"
  },
  {
    "id": 136148,
    "name": "BORDIGHERA",
    "state": "LIGURIA",
    "state_iso2": "42",
    "country": "ITALY",
    "country_iso2": "IT",
    "country_iso3": "ITA",
    "country_native": "ITALIA"
  },
  {
    "id": 136161,
    "name": "BORGHETTO D'ARROSCIA",
    "state": "LIGURIA",
    "state_iso2": "42",
    "country": "ITALY",
    "country_iso2": "IT",
    "country_iso3": "ITA",
    "country_native": "ITALIA"
  },
  {
    "id": 136163,
    "name": "BORGHETTO DI VARA",
    "state": "LIGURIA",
    "state_iso2": "42",
    "country": "ITALY",
    "country_iso2": "IT",
    "country_iso3": "ITA",
    "country_native": "ITALIA"
  },
  {
    "id": 136160,
    "name": "BORGHETTO SANTO SPIRITO",
    "state": "LIGURIA",
    "state_iso2": "42",
    "country": "ITALY",
    "country_iso2": "IT",
    "country_iso3": "ITA",
    "country_native": "ITALIA"
  },
  {
    "id": 136168,
    "name": "BORGIO",
    "state": "LIGURIA",
    "state_iso2": "42",
    "country": "ITALY",
    "country_iso2": "IT",
    "country_iso3": "ITA",
    "country_native": "ITALIA"
  },
  {
    "id": 136200,
    "name": "BORGO DI RANZO",
    "state": "LIGURIA",
    "state_iso2": "42",
    "country": "ITALY",
    "country_iso2": "IT",
    "country_iso3": "ITA",
    "country_native": "ITALIA"
  },
  {
    "id": 136171,
    "name": "BORGO FORNARI-PIEVE",
    "state": "LIGURIA",
    "state_iso2": "42",
    "country": "ITALY",
    "country_iso2": "IT",
    "country_iso3": "ITA",
    "country_native": "ITALIA"
  },
  {
    "id": 136208,
    "name": "BORGOMARO",
    "state": "LIGURIA",
    "state_iso2": "42",
    "country": "ITALY",
    "country_iso2": "IT",
    "country_iso3": "ITA",
    "country_native": "ITALIA"
  },
  {
    "id": 136219,
    "name": "BORMIDA",
    "state": "LIGURIA",
    "state_iso2": "42",
    "country": "ITALY",
    "country_iso2": "IT",
    "country_iso3": "ITA",
    "country_native": "ITALIA"
  },
  {
    "id": 136220,
    "name": "BORMIDA-GENEPRO",
    "state": "LIGURIA",
    "state_iso2": "42",
    "country": "ITALY",
    "country_iso2": "IT",
    "country_iso3": "ITA",
    "country_native": "ITALIA"
  },
  {
    "id": 136235,
    "name": "BORZONASCA",
    "state": "LIGURIA",
    "state_iso2": "42",
    "country": "ITALY",
    "country_iso2": "IT",
    "country_iso3": "ITA",
    "country_native": "ITALIA"
  },
  {
    "id": 136364,
    "name": "BRUGNATO",
    "state": "LIGURIA",
    "state_iso2": "42",
    "country": "ITALY",
    "country_iso2": "IT",
    "country_iso3": "ITA",
    "country_native": "ITALIA"
  },
  {
    "id": 136418,
    "name": "BUSALLA",
    "state": "LIGURIA",
    "state_iso2": "42",
    "country": "ITALY",
    "country_iso2": "IT",
    "country_iso3": "ITA",
    "country_native": "ITALIA"
  },
  {
    "id": 136483,
    "name": "CAIRO MONTENOTTE",
    "state": "LIGURIA",
    "state_iso2": "42",
    "country": "ITALY",
    "country_iso2": "IT",
    "country_iso3": "ITA",
    "country_native": "ITALIA"
  },
  {
    "id": 136527,
    "name": "CALICE AL CORNOVIGLIO",
    "state": "LIGURIA",
    "state_iso2": "42",
    "country": "ITALY",
    "country_iso2": "IT",
    "country_iso3": "ITA",
    "country_native": "ITALIA"
  },
  {
    "id": 136526,
    "name": "CALICE LIGURE",
    "state": "LIGURIA",
    "state_iso2": "42",
    "country": "ITALY",
    "country_iso2": "IT",
    "country_iso3": "ITA",
    "country_native": "ITALIA"
  },
  {
    "id": 136530,
    "name": "CALIZZANO",
    "state": "LIGURIA",
    "state_iso2": "42",
    "country": "ITALY",
    "country_iso2": "IT",
    "country_iso3": "ITA",
    "country_native": "ITALIA"
  },
  {
    "id": 136597,
    "name": "CAMOGLI",
    "state": "LIGURIA",
    "state_iso2": "42",
    "country": "ITALY",
    "country_iso2": "IT",
    "country_iso3": "ITA",
    "country_native": "ITALIA"
  },
  {
    "id": 136629,
    "name": "CAMPO LIGURE",
    "state": "LIGURIA",
    "state_iso2": "42",
    "country": "ITALY",
    "country_iso2": "IT",
    "country_iso3": "ITA",
    "country_native": "ITALIA"
  },
  {
    "id": 136643,
    "name": "CAMPOCHIESA",
    "state": "LIGURIA",
    "state_iso2": "42",
    "country": "ITALY",
    "country_iso2": "IT",
    "country_iso3": "ITA",
    "country_native": "ITALIA"
  },
  {
    "id": 136670,
    "name": "CAMPOMORONE",
    "state": "LIGURIA",
    "state_iso2": "42",
    "country": "ITALY",
    "country_iso2": "IT",
    "country_iso3": "ITA",
    "country_native": "ITALIA"
  },
  {
    "id": 136676,
    "name": "CAMPOROSSO",
    "state": "LIGURIA",
    "state_iso2": "42",
    "country": "ITALY",
    "country_iso2": "IT",
    "country_iso3": "ITA",
    "country_native": "ITALIA"
  },
  {
    "id": 136836,
    "name": "CARASCO",
    "state": "LIGURIA",
    "state_iso2": "42",
    "country": "ITALY",
    "country_iso2": "IT",
    "country_iso3": "ITA",
    "country_native": "ITALIA"
  },
  {
    "id": 136843,
    "name": "CARAVONICA",
    "state": "LIGURIA",
    "state_iso2": "42",
    "country": "ITALY",
    "country_iso2": "IT",
    "country_iso3": "ITA",
    "country_native": "ITALIA"
  },
  {
    "id": 136853,
    "name": "CARCARE",
    "state": "LIGURIA",
    "state_iso2": "42",
    "country": "ITALY",
    "country_iso2": "IT",
    "country_iso3": "ITA",
    "country_native": "ITALIA"
  },
  {
    "id": 136908,
    "name": "CARPASIO",
    "state": "LIGURIA",
    "state_iso2": "42",
    "country": "ITALY",
    "country_iso2": "IT",
    "country_iso3": "ITA",
    "country_native": "ITALIA"
  },
  {
    "id": 136928,
    "name": "CARRO",
    "state": "LIGURIA",
    "state_iso2": "42",
    "country": "ITALY",
    "country_iso2": "IT",
    "country_iso3": "ITA",
    "country_native": "ITALIA"
  },
  {
    "id": 136929,
    "name": "CARRODANO",
    "state": "LIGURIA",
    "state_iso2": "42",
    "country": "ITALY",
    "country_iso2": "IT",
    "country_iso3": "ITA",
    "country_native": "ITALIA"
  },
  {
    "id": 137020,
    "name": "CASANO-DOGANA-ISOLA",
    "state": "LIGURIA",
    "state_iso2": "42",
    "country": "ITALY",
    "country_iso2": "IT",
    "country_iso3": "ITA",
    "country_native": "ITALIA"
  },
  {
    "id": 137023,
    "name": "CASANOVA LERRONE",
    "state": "LIGURIA",
    "state_iso2": "42",
    "country": "ITALY",
    "country_iso2": "IT",
    "country_iso3": "ITA",
    "country_native": "ITALIA"
  },
  {
    "id": 137035,
    "name": "CASARZA LIGURE",
    "state": "LIGURIA",
    "state_iso2": "42",
    "country": "ITALY",
    "country_iso2": "IT",
    "country_iso3": "ITA",
    "country_native": "ITALIA"
  },
  {
    "id": 137042,
    "name": "CASAVECCHIA",
    "state": "LIGURIA",
    "state_iso2": "42",
    "country": "ITALY",
    "country_iso2": "IT",
    "country_iso3": "ITA",
    "country_native": "ITALIA"
  },
  {
    "id": 137058,
    "name": "CASELLA",
    "state": "LIGURIA",
    "state_iso2": "42",
    "country": "ITALY",
    "country_iso2": "IT",
    "country_iso3": "ITA",
    "country_native": "ITALIA"
  },
  {
    "id": 137160,
    "name": "CASTEL VITTORIO",
    "state": "LIGURIA",
    "state_iso2": "42",
    "country": "ITALY",
    "country_iso2": "IT",
    "country_iso3": "ITA",
    "country_native": "ITALIA"
  },
  {
    "id": 137181,
    "name": "CASTELBIANCO",
    "state": "LIGURIA",
    "state_iso2": "42",
    "country": "ITALY",
    "country_iso2": "IT",
    "country_iso3": "ITA",
    "country_native": "ITALIA"
  },
  {
    "id": 137223,
    "name": "CASTELLARO",
    "state": "LIGURIA",
    "state_iso2": "42",
    "country": "ITALY",
    "country_iso2": "IT",
    "country_iso3": "ITA",
    "country_native": "ITALIA"
  },
  {
    "id": 137290,
    "name": "CASTELNUOVO MAGRA",
    "state": "LIGURIA",
    "state_iso2": "42",
    "country": "ITALY",
    "country_iso2": "IT",
    "country_iso3": "ITA",
    "country_native": "ITALIA"
  },
  {
    "id": 137323,
    "name": "CASTELVECCHIO DI ROCCA BARBENA",
    "state": "LIGURIA",
    "state_iso2": "42",
    "country": "ITALY",
    "country_iso2": "IT",
    "country_iso3": "ITA",
    "country_native": "ITALIA"
  },
  {
    "id": 137339,
    "name": "CASTIGLIONE",
    "state": "LIGURIA",
    "state_iso2": "42",
    "country": "ITALY",
    "country_iso2": "IT",
    "country_iso3": "ITA",
    "country_native": "ITALIA"
  },
  {
    "id": 137474,
    "name": "CELLE LIGURE",
    "state": "LIGURIA",
    "state_iso2": "42",
    "country": "ITALY",
    "country_iso2": "IT",
    "country_iso3": "ITA",
    "country_native": "ITALIA"
  },
  {
    "id": 137493,
    "name": "CENGIO ALTO",
    "state": "LIGURIA",
    "state_iso2": "42",
    "country": "ITALY",
    "country_iso2": "IT",
    "country_iso3": "ITA",
    "country_native": "ITALIA"
  },
  {
    "id": 137506,
    "name": "CEPARANA-CARPENA",
    "state": "LIGURIA",
    "state_iso2": "42",
    "country": "ITALY",
    "country_iso2": "IT",
    "country_iso3": "ITA",
    "country_native": "ITALIA"
  },
  {
    "id": 137513,
    "name": "CERANESI",
    "state": "LIGURIA",
    "state_iso2": "42",
    "country": "ITALY",
    "country_iso2": "IT",
    "country_iso3": "ITA",
    "country_native": "ITALIA"
  },
  {
    "id": 137546,
    "name": "CERIALE",
    "state": "LIGURIA",
    "state_iso2": "42",
    "country": "ITALY",
    "country_iso2": "IT",
    "country_iso3": "ITA",
    "country_native": "ITALIA"
  },
  {
    "id": 137547,
    "name": "CERIANA",
    "state": "LIGURIA",
    "state_iso2": "42",
    "country": "ITALY",
    "country_iso2": "IT",
    "country_iso3": "ITA",
    "country_native": "ITALIA"
  },
  {
    "id": 137597,
    "name": "CERVO",
    "state": "LIGURIA",
    "state_iso2": "42",
    "country": "ITALY",
    "country_iso2": "IT",
    "country_iso3": "ITA",
    "country_native": "ITALIA"
  },
  {
    "id": 137614,
    "name": "CESIO",
    "state": "LIGURIA",
    "state_iso2": "42",
    "country": "ITALY",
    "country_iso2": "IT",
    "country_iso3": "ITA",
    "country_native": "ITALIA"
  },
  {
    "id": 137659,
    "name": "CHIAVARI",
    "state": "LIGURIA",
    "state_iso2": "42",
    "country": "ITALY",
    "country_iso2": "IT",
    "country_iso3": "ITA",
    "country_native": "ITALIA"
  },
  {
    "id": 137665,
    "name": "CHIESA",
    "state": "LIGURIA",
    "state_iso2": "42",
    "country": "ITALY",
    "country_iso2": "IT",
    "country_iso3": "ITA",
    "country_native": "ITALIA"
  },
  {
    "id": 137666,
    "name": "CHIESA NUOVA",
    "state": "LIGURIA",
    "state_iso2": "42",
    "country": "ITALY",
    "country_iso2": "IT",
    "country_iso3": "ITA",
    "country_native": "ITALIA"
  },
  {
    "id": 137691,
    "name": "CHIUSANICO",
    "state": "LIGURIA",
    "state_iso2": "42",
    "country": "ITALY",
    "country_iso2": "IT",
    "country_iso3": "ITA",
    "country_native": "ITALIA"
  },
  {
    "id": 137694,
    "name": "CHIUSAVECCHIA",
    "state": "LIGURIA",
    "state_iso2": "42",
    "country": "ITALY",
    "country_iso2": "IT",
    "country_iso3": "ITA",
    "country_native": "ITALIA"
  },
  {
    "id": 137707,
    "name": "CICAGNA",
    "state": "LIGURIA",
    "state_iso2": "42",
    "country": "ITALY",
    "country_iso2": "IT",
    "country_iso3": "ITA",
    "country_native": "ITALIA"
  },
  {
    "id": 137745,
    "name": "CIPRESSA",
    "state": "LIGURIA",
    "state_iso2": "42",
    "country": "ITALY",
    "country_iso2": "IT",
    "country_iso3": "ITA",
    "country_native": "ITALIA"
  },
  {
    "id": 137753,
    "name": "CISANO",
    "state": "LIGURIA",
    "state_iso2": "42",
    "country": "ITALY",
    "country_iso2": "IT",
    "country_iso3": "ITA",
    "country_native": "ITALIA"
  },
  {
    "id": 137779,
    "name": "CIVEZZA",
    "state": "LIGURIA",
    "state_iso2": "42",
    "country": "ITALY",
    "country_iso2": "IT",
    "country_iso3": "ITA",
    "country_native": "ITALIA"
  },
  {
    "id": 137842,
    "name": "COGOLETO",
    "state": "LIGURIA",
    "state_iso2": "42",
    "country": "ITALY",
    "country_iso2": "IT",
    "country_iso3": "ITA",
    "country_native": "ITALIA"
  },
  {
    "id": 137845,
    "name": "COGORNO",
    "state": "LIGURIA",
    "state_iso2": "42",
    "country": "ITALY",
    "country_iso2": "IT",
    "country_iso3": "ITA",
    "country_native": "ITALIA"
  },
  {
    "id": 137921,
    "name": "COLOMBIERA-MOLICCIARA",
    "state": "LIGURIA",
    "state_iso2": "42",
    "country": "ITALY",
    "country_iso2": "IT",
    "country_iso3": "ITA",
    "country_native": "ITALIA"
  },
  {
    "id": 137972,
    "name": "CONSCENTI",
    "state": "LIGURIA",
    "state_iso2": "42",
    "country": "ITALY",
    "country_iso2": "IT",
    "country_iso3": "ITA",
    "country_native": "ITALIA"
  },
  {
    "id": 138006,
    "name": "COREGLIA LIGURE",
    "state": "LIGURIA",
    "state_iso2": "42",
    "country": "ITALY",
    "country_iso2": "IT",
    "country_iso3": "ITA",
    "country_native": "ITALIA"
  },
  {
    "id": 138080,
    "name": "COSIO DI ARROSCIA",
    "state": "LIGURIA",
    "state_iso2": "42",
    "country": "ITALY",
    "country_iso2": "IT",
    "country_iso3": "ITA",
    "country_native": "ITALIA"
  },
  {
    "id": 138086,
    "name": "COSSERIA",
    "state": "LIGURIA",
    "state_iso2": "42",
    "country": "ITALY",
    "country_iso2": "IT",
    "country_iso3": "ITA",
    "country_native": "ITALIA"
  },
  {
    "id": 138106,
    "name": "COSTARAINERA",
    "state": "LIGURIA",
    "state_iso2": "42",
    "country": "ITALY",
    "country_iso2": "IT",
    "country_iso3": "ITA",
    "country_native": "ITALIA"
  },
  {
    "id": 138159,
    "name": "CROCEFIESCHI",
    "state": "LIGURIA",
    "state_iso2": "42",
    "country": "ITALY",
    "country_iso2": "IT",
    "country_iso3": "ITA",
    "country_native": "ITALIA"
  },
  {
    "id": 138231,
    "name": "DAVAGNA",
    "state": "LIGURIA",
    "state_iso2": "42",
    "country": "ITALY",
    "country_iso2": "IT",
    "country_iso3": "ITA",
    "country_native": "ITALIA"
  },
  {
    "id": 138239,
    "name": "DEGO",
    "state": "LIGURIA",
    "state_iso2": "42",
    "country": "ITALY",
    "country_iso2": "IT",
    "country_iso3": "ITA",
    "country_native": "ITALIA"
  },
  {
    "id": 138240,
    "name": "DEIVA MARINA",
    "state": "LIGURIA",
    "state_iso2": "42",
    "country": "ITALY",
    "country_iso2": "IT",
    "country_iso3": "ITA",
    "country_native": "ITALIA"
  },
  {
    "id": 138260,
    "name": "DIANO ARENTINO",
    "state": "LIGURIA",
    "state_iso2": "42",
    "country": "ITALY",
    "country_iso2": "IT",
    "country_iso3": "ITA",
    "country_native": "ITALIA"
  },
  {
    "id": 138261,
    "name": "DIANO CASTELLO",
    "state": "LIGURIA",
    "state_iso2": "42",
    "country": "ITALY",
    "country_iso2": "IT",
    "country_iso3": "ITA",
    "country_native": "ITALIA"
  },
  {
    "id": 138262,
    "name": "DIANO MARINA",
    "state": "LIGURIA",
    "state_iso2": "42",
    "country": "ITALY",
    "country_iso2": "IT",
    "country_iso3": "ITA",
    "country_native": "ITALIA"
  },
  {
    "id": 138263,
    "name": "DIANO SAN PIETRO",
    "state": "LIGURIA",
    "state_iso2": "42",
    "country": "ITALY",
    "country_iso2": "IT",
    "country_iso3": "ITA",
    "country_native": "ITALIA"
  },
  {
    "id": 138279,
    "name": "DOLCEACQUA",
    "state": "LIGURIA",
    "state_iso2": "42",
    "country": "ITALY",
    "country_iso2": "IT",
    "country_iso3": "ITA",
    "country_native": "ITALIA"
  },
  {
    "id": 138280,
    "name": "DOLCEDO",
    "state": "LIGURIA",
    "state_iso2": "42",
    "country": "ITALY",
    "country_iso2": "IT",
    "country_iso3": "ITA",
    "country_native": "ITALIA"
  },
  {
    "id": 138375,
    "name": "ERLI",
    "state": "LIGURIA",
    "state_iso2": "42",
    "country": "ITALY",
    "country_iso2": "IT",
    "country_iso3": "ITA",
    "country_native": "ITALIA"
  },
  {
    "id": 138455,
    "name": "FASCIA",
    "state": "LIGURIA",
    "state_iso2": "42",
    "country": "ITALY",
    "country_iso2": "IT",
    "country_iso3": "ITA",
    "country_native": "ITALIA"
  },
  {
    "id": 138458,
    "name": "FAVALE DI MALVARO",
    "state": "LIGURIA",
    "state_iso2": "42",
    "country": "ITALY",
    "country_iso2": "IT",
    "country_iso3": "ITA",
    "country_native": "ITALIA"
  },
  {
    "id": 138464,
    "name": "FEGLINO",
    "state": "LIGURIA",
    "state_iso2": "42",
    "country": "ITALY",
    "country_iso2": "IT",
    "country_iso3": "ITA",
    "country_native": "ITALIA"
  },
  {
    "id": 138487,
    "name": "FERRADA",
    "state": "LIGURIA",
    "state_iso2": "42",
    "country": "ITALY",
    "country_iso2": "IT",
    "country_iso3": "ITA",
    "country_native": "ITALIA"
  },
  {
    "id": 138497,
    "name": "FERRIERE",
    "state": "LIGURIA",
    "state_iso2": "42",
    "country": "ITALY",
    "country_iso2": "IT",
    "country_iso3": "ITA",
    "country_native": "ITALIA"
  },
  {
    "id": 138536,
    "name": "FINALE LIGURE",
    "state": "LIGURIA",
    "state_iso2": "42",
    "country": "ITALY",
    "country_iso2": "IT",
    "country_iso3": "ITA",
    "country_native": "ITALIA"
  },
  {
    "id": 138604,
    "name": "FONTANIGORDA",
    "state": "LIGURIA",
    "state_iso2": "42",
    "country": "ITALY",
    "country_iso2": "IT",
    "country_iso3": "ITA",
    "country_native": "ITALIA"
  },
  {
    "id": 138691,
    "name": "FRAMURA",
    "state": "LIGURIA",
    "state_iso2": "42",
    "country": "ITALY",
    "country_iso2": "IT",
    "country_iso3": "ITA",
    "country_native": "ITALIA"
  },
  {
    "id": 138860,
    "name": "GARLENDA",
    "state": "LIGURIA",
    "state_iso2": "42",
    "country": "ITALY",
    "country_iso2": "IT",
    "country_iso3": "ITA",
    "country_native": "ITALIA"
  },
  {
    "id": 138899,
    "name": "GENOA",
    "state": "LIGURIA",
    "state_iso2": "42",
    "country": "ITALY",
    "country_iso2": "IT",
    "country_iso3": "ITA",
    "country_native": "ITALIA"
  },
  {
    "id": 138999,
    "name": "GIUSTENICE",
    "state": "LIGURIA",
    "state_iso2": "42",
    "country": "ITALY",
    "country_iso2": "IT",
    "country_iso3": "ITA",
    "country_native": "ITALIA"
  },
  {
    "id": 139001,
    "name": "GIUSVALLA",
    "state": "LIGURIA",
    "state_iso2": "42",
    "country": "ITALY",
    "country_iso2": "IT",
    "country_iso3": "ITA",
    "country_native": "ITALIA"
  },
  {
    "id": 139040,
    "name": "GORRETO",
    "state": "LIGURIA",
    "state_iso2": "42",
    "country": "ITALY",
    "country_iso2": "IT",
    "country_iso3": "ITA",
    "country_native": "ITALIA"
  },
  {
    "id": 139200,
    "name": "IMPERIA",
    "state": "LIGURIA",
    "state_iso2": "42",
    "country": "ITALY",
    "country_iso2": "IT",
    "country_iso3": "ITA",
    "country_native": "ITALIA"
  },
  {
    "id": 139243,
    "name": "ISOLA DEL CANTONE",
    "state": "LIGURIA",
    "state_iso2": "42",
    "country": "ITALY",
    "country_iso2": "IT",
    "country_iso3": "ITA",
    "country_native": "ITALIA"
  },
  {
    "id": 139253,
    "name": "ISOLABONA",
    "state": "LIGURIA",
    "state_iso2": "42",
    "country": "ITALY",
    "country_iso2": "IT",
    "country_iso3": "ITA",
    "country_native": "ITALIA"
  },
  {
    "id": 139257,
    "name": "ISOVERDE",
    "state": "LIGURIA",
    "state_iso2": "42",
    "country": "ITALY",
    "country_iso2": "IT",
    "country_iso3": "ITA",
    "country_native": "ITALIA"
  },
  {
    "id": 139305,
    "name": "LA SPEZIA",
    "state": "LIGURIA",
    "state_iso2": "42",
    "country": "ITALY",
    "country_iso2": "IT",
    "country_iso3": "ITA",
    "country_native": "ITALIA"
  },
  {
    "id": 139330,
    "name": "LAIGUEGLIA",
    "state": "LIGURIA",
    "state_iso2": "42",
    "country": "ITALY",
    "country_iso2": "IT",
    "country_iso3": "ITA",
    "country_native": "ITALIA"
  },
  {
    "id": 139408,
    "name": "LAVAGNA",
    "state": "LIGURIA",
    "state_iso2": "42",
    "country": "ITALY",
    "country_iso2": "IT",
    "country_iso3": "ITA",
    "country_native": "ITALIA"
  },
  {
    "id": 139427,
    "name": "LE GRAZIE",
    "state": "LIGURIA",
    "state_iso2": "42",
    "country": "ITALY",
    "country_iso2": "IT",
    "country_iso3": "ITA",
    "country_native": "ITALIA"
  },
  {
    "id": 139440,
    "name": "LEIVI",
    "state": "LIGURIA",
    "state_iso2": "42",
    "country": "ITALY",
    "country_iso2": "IT",
    "country_iso3": "ITA",
    "country_native": "ITALIA"
  },
  {
    "id": 139464,
    "name": "LERICI",
    "state": "LIGURIA",
    "state_iso2": "42",
    "country": "ITALY",
    "country_iso2": "IT",
    "country_iso3": "ITA",
    "country_native": "ITALIA"
  },
  {
    "id": 139483,
    "name": "LEVANTO",
    "state": "LIGURIA",
    "state_iso2": "42",
    "country": "ITALY",
    "country_iso2": "IT",
    "country_iso3": "ITA",
    "country_native": "ITALIA"
  },
  {
    "id": 139557,
    "name": "LOANO",
    "state": "LIGURIA",
    "state_iso2": "42",
    "country": "ITALY",
    "country_iso2": "IT",
    "country_iso3": "ITA",
    "country_native": "ITALIA"
  },
  {
    "id": 139615,
    "name": "LORSICA",
    "state": "LIGURIA",
    "state_iso2": "42",
    "country": "ITALY",
    "country_iso2": "IT",
    "country_iso3": "ITA",
    "country_native": "ITALIA"
  },
  {
    "id": 139633,
    "name": "LUCINASCO",
    "state": "LIGURIA",
    "state_iso2": "42",
    "country": "ITALY",
    "country_iso2": "IT",
    "country_iso3": "ITA",
    "country_native": "ITALIA"
  },
  {
    "id": 139732,
    "name": "MAGLIOLO",
    "state": "LIGURIA",
    "state_iso2": "42",
    "country": "ITALY",
    "country_iso2": "IT",
    "country_iso3": "ITA",
    "country_native": "ITALIA"
  },
  {
    "id": 139752,
    "name": "MAISSANA",
    "state": "LIGURIA",
    "state_iso2": "42",
    "country": "ITALY",
    "country_iso2": "IT",
    "country_iso3": "ITA",
    "country_native": "ITALIA"
  },
  {
    "id": 139768,
    "name": "MALLARE",
    "state": "LIGURIA",
    "state_iso2": "42",
    "country": "ITALY",
    "country_iso2": "IT",
    "country_iso3": "ITA",
    "country_native": "ITALIA"
  },
  {
    "id": 139795,
    "name": "MANESSENO",
    "state": "LIGURIA",
    "state_iso2": "42",
    "country": "ITALY",
    "country_iso2": "IT",
    "country_iso3": "ITA",
    "country_native": "ITALIA"
  },
  {
    "id": 139876,
    "name": "MARINA DI ANDORA",
    "state": "LIGURIA",
    "state_iso2": "42",
    "country": "ITALY",
    "country_iso2": "IT",
    "country_iso3": "ITA",
    "country_native": "ITALIA"
  },
  {
    "id": 139965,
    "name": "MASONE",
    "state": "LIGURIA",
    "state_iso2": "42",
    "country": "ITALY",
    "country_iso2": "IT",
    "country_iso3": "ITA",
    "country_native": "ITALIA"
  },
  {
    "id": 139988,
    "name": "MASSIMINO",
    "state": "LIGURIA",
    "state_iso2": "42",
    "country": "ITALY",
    "country_iso2": "IT",
    "country_iso3": "ITA",
    "country_native": "ITALIA"
  },
  {
    "id": 140038,
    "name": "MELE",
    "state": "LIGURIA",
    "state_iso2": "42",
    "country": "ITALY",
    "country_iso2": "IT",
    "country_iso3": "ITA",
    "country_native": "ITALIA"
  },
  {
    "id": 140062,
    "name": "MENDATICA",
    "state": "LIGURIA",
    "state_iso2": "42",
    "country": "ITALY",
    "country_iso2": "IT",
    "country_iso3": "ITA",
    "country_native": "ITALIA"
  },
  {
    "id": 140110,
    "name": "MEZZANEGO",
    "state": "LIGURIA",
    "state_iso2": "42",
    "country": "ITALY",
    "country_iso2": "IT",
    "country_iso3": "ITA",
    "country_native": "ITALIA"
  },
  {
    "id": 140140,
    "name": "MIGNANEGO",
    "state": "LIGURIA",
    "state_iso2": "42",
    "country": "ITALY",
    "country_iso2": "IT",
    "country_iso3": "ITA",
    "country_native": "ITALIA"
  },
  {
    "id": 140152,
    "name": "MILLESIMO",
    "state": "LIGURIA",
    "state_iso2": "42",
    "country": "ITALY",
    "country_iso2": "IT",
    "country_iso3": "ITA",
    "country_native": "ITALIA"
  },
  {
    "id": 140164,
    "name": "MIOGLIA",
    "state": "LIGURIA",
    "state_iso2": "42",
    "country": "ITALY",
    "country_iso2": "IT",
    "country_iso3": "ITA",
    "country_native": "ITALIA"
  },
  {
    "id": 140187,
    "name": "MOCONESI",
    "state": "LIGURIA",
    "state_iso2": "42",
    "country": "ITALY",
    "country_iso2": "IT",
    "country_iso3": "ITA",
    "country_native": "ITALIA"
  },
  {
    "id": 140219,
    "name": "MOLINI",
    "state": "LIGURIA",
    "state_iso2": "42",
    "country": "ITALY",
    "country_iso2": "IT",
    "country_iso3": "ITA",
    "country_native": "ITALIA"
  },
  {
    "id": 140220,
    "name": "MOLINI DI TRIORA",
    "state": "LIGURIA",
    "state_iso2": "42",
    "country": "ITALY",
    "country_iso2": "IT",
    "country_iso3": "ITA",
    "country_native": "ITALIA"
  },
  {
    "id": 140221,
    "name": "MOLINO VECCHIO-SCAPITOLA-BAIO",
    "state": "LIGURIA",
    "state_iso2": "42",
    "country": "ITALY",
    "country_iso2": "IT",
    "country_iso3": "ITA",
    "country_native": "ITALIA"
  },
  {
    "id": 140226,
    "name": "MOLINO-PERA",
    "state": "LIGURIA",
    "state_iso2": "42",
    "country": "ITALY",
    "country_iso2": "IT",
    "country_iso3": "ITA",
    "country_native": "ITALIA"
  },
  {
    "id": 140277,
    "name": "MONEGLIA",
    "state": "LIGURIA",
    "state_iso2": "42",
    "country": "ITALY",
    "country_iso2": "IT",
    "country_iso3": "ITA",
    "country_native": "ITALIA"
  },
  {
    "id": 140332,
    "name": "MONTALTO LIGURE",
    "state": "LIGURIA",
    "state_iso2": "42",
    "country": "ITALY",
    "country_iso2": "IT",
    "country_iso3": "ITA",
    "country_native": "ITALIA"
  },
  {
    "id": 140393,
    "name": "MONTEBRUNO",
    "state": "LIGURIA",
    "state_iso2": "42",
    "country": "ITALY",
    "country_iso2": "IT",
    "country_iso3": "ITA",
    "country_native": "ITALIA"
  },
  {
    "id": 140460,
    "name": "MONTEGROSSO PIAN LATTE",
    "state": "LIGURIA",
    "state_iso2": "42",
    "country": "ITALY",
    "country_iso2": "IT",
    "country_iso3": "ITA",
    "country_native": "ITALIA"
  },
  {
    "id": 140525,
    "name": "MONTEROSSO AL MARE",
    "state": "LIGURIA",
    "state_iso2": "42",
    "country": "ITALY",
    "country_iso2": "IT",
    "country_iso3": "ITA",
    "country_native": "ITALIA"
  },
  {
    "id": 140578,
    "name": "MONTOGGIO",
    "state": "LIGURIA",
    "state_iso2": "42",
    "country": "ITALY",
    "country_iso2": "IT",
    "country_iso3": "ITA",
    "country_native": "ITALIA"
  },
  {
    "id": 140690,
    "name": "MURIALDO",
    "state": "LIGURIA",
    "state_iso2": "42",
    "country": "ITALY",
    "country_iso2": "IT",
    "country_iso3": "ITA",
    "country_native": "ITALIA"
  },
  {
    "id": 140723,
    "name": "NASINO-BORGO",
    "state": "LIGURIA",
    "state_iso2": "42",
    "country": "ITALY",
    "country_iso2": "IT",
    "country_iso3": "ITA",
    "country_native": "ITALIA"
  },
  {
    "id": 140737,
    "name": "NEIRONE",
    "state": "LIGURIA",
    "state_iso2": "42",
    "country": "ITALY",
    "country_iso2": "IT",
    "country_iso3": "ITA",
    "country_native": "ITALIA"
  },
  {
    "id": 140799,
    "name": "NOLI",
    "state": "LIGURIA",
    "state_iso2": "42",
    "country": "ITALY",
    "country_iso2": "IT",
    "country_iso3": "ITA",
    "country_native": "ITALIA"
  },
  {
    "id": 140903,
    "name": "OLIVETTA SAN MICHELE",
    "state": "LIGURIA",
    "state_iso2": "42",
    "country": "ITALY",
    "country_iso2": "IT",
    "country_iso3": "ITA",
    "country_native": "ITALIA"
  },
  {
    "id": 140929,
    "name": "ONZO",
    "state": "LIGURIA",
    "state_iso2": "42",
    "country": "ITALY",
    "country_iso2": "IT",
    "country_iso3": "ITA",
    "country_native": "ITALIA"
  },
  {
    "id": 140945,
    "name": "ORCO FEGLINO",
    "state": "LIGURIA",
    "state_iso2": "42",
    "country": "ITALY",
    "country_iso2": "IT",
    "country_iso3": "ITA",
    "country_native": "ITALIA"
  },
  {
    "id": 140948,
    "name": "ORERO",
    "state": "LIGURIA",
    "state_iso2": "42",
    "country": "ITALY",
    "country_iso2": "IT",
    "country_iso3": "ITA",
    "country_native": "ITALIA"
  },
  {
    "id": 140989,
    "name": "ORTOVERO",
    "state": "LIGURIA",
    "state_iso2": "42",
    "country": "ITALY",
    "country_iso2": "IT",
    "country_iso3": "ITA",
    "country_native": "ITALIA"
  },
  {
    "id": 141004,
    "name": "OSIGLIA",
    "state": "LIGURIA",
    "state_iso2": "42",
    "country": "ITALY",
    "country_iso2": "IT",
    "country_iso3": "ITA",
    "country_native": "ITALIA"
  },
  {
    "id": 141014,
    "name": "OSPEDALETTI",
    "state": "LIGURIA",
    "state_iso2": "42",
    "country": "ITALY",
    "country_iso2": "IT",
    "country_iso3": "ITA",
    "country_native": "ITALIA"
  },
  {
    "id": 141038,
    "name": "OSTERIA DEI CACCIATORI-STELLA",
    "state": "LIGURIA",
    "state_iso2": "42",
    "country": "ITALY",
    "country_iso2": "IT",
    "country_iso3": "ITA",
    "country_native": "ITALIA"
  },
  {
    "id": 141084,
    "name": "PADIVARMA",
    "state": "LIGURIA",
    "state_iso2": "42",
    "country": "ITALY",
    "country_iso2": "IT",
    "country_iso3": "ITA",
    "country_native": "ITALIA"
  },
  {
    "id": 58251,
    "name": "PALLARE",
    "state": "LIGURIA",
    "state_iso2": "42",
    "country": "ITALY",
    "country_iso2": "IT",
    "country_iso3": "ITA",
    "country_native": "ITALIA"
  },
  {
    "id": 58379,
    "name": "PEDEMONTE",
    "state": "LIGURIA",
    "state_iso2": "42",
    "country": "ITALY",
    "country_iso2": "IT",
    "country_iso3": "ITA",
    "country_native": "ITALIA"
  },
  {
    "id": 58425,
    "name": "PERINALDO",
    "state": "LIGURIA",
    "state_iso2": "42",
    "country": "ITALY",
    "country_iso2": "IT",
    "country_iso3": "ITA",
    "country_native": "ITALIA"
  },
  {
    "id": 58511,
    "name": "PIANA BATTOLLA",
    "state": "LIGURIA",
    "state_iso2": "42",
    "country": "ITALY",
    "country_iso2": "IT",
    "country_iso3": "ITA",
    "country_native": "ITALIA"
  },
  {
    "id": 58512,
    "name": "PIANA CRIXIA",
    "state": "LIGURIA",
    "state_iso2": "42",
    "country": "ITALY",
    "country_iso2": "IT",
    "country_iso3": "ITA",
    "country_native": "ITALIA"
  },
  {
    "id": 58538,
    "name": "PIANO",
    "state": "LIGURIA",
    "state_iso2": "42",
    "country": "ITALY",
    "country_iso2": "IT",
    "country_iso3": "ITA",
    "country_native": "ITALIA"
  },
  {
    "id": 58543,
    "name": "PIANO DI FOLLO",
    "state": "LIGURIA",
    "state_iso2": "42",
    "country": "ITALY",
    "country_iso2": "IT",
    "country_iso3": "ITA",
    "country_native": "ITALIA"
  },
  {
    "id": 58578,
    "name": "PICCARELLO",
    "state": "LIGURIA",
    "state_iso2": "42",
    "country": "ITALY",
    "country_iso2": "IT",
    "country_iso3": "ITA",
    "country_native": "ITALIA"
  },
  {
    "id": 58601,
    "name": "PIETRA LIGURE",
    "state": "LIGURIA",
    "state_iso2": "42",
    "country": "ITALY",
    "country_iso2": "IT",
    "country_iso3": "ITA",
    "country_native": "ITALIA"
  },
  {
    "id": 58606,
    "name": "PIETRABRUNA",
    "state": "LIGURIA",
    "state_iso2": "42",
    "country": "ITALY",
    "country_iso2": "IT",
    "country_iso3": "ITA",
    "country_native": "ITALIA"
  },
  {
    "id": 58654,
    "name": "PIEVE DI TECO",
    "state": "LIGURIA",
    "state_iso2": "42",
    "country": "ITALY",
    "country_iso2": "IT",
    "country_iso3": "ITA",
    "country_native": "ITALIA"
  },
  {
    "id": 58655,
    "name": "PIEVE DI ZIGNAGO",
    "state": "LIGURIA",
    "state_iso2": "42",
    "country": "ITALY",
    "country_iso2": "IT",
    "country_iso3": "ITA",
    "country_native": "ITALIA"
  },
  {
    "id": 58636,
    "name": "PIEVE LIGURE",
    "state": "LIGURIA",
    "state_iso2": "42",
    "country": "ITALY",
    "country_iso2": "IT",
    "country_iso3": "ITA",
    "country_native": "ITALIA"
  },
  {
    "id": 58660,
    "name": "PIGNA",
    "state": "LIGURIA",
    "state_iso2": "42",
    "country": "ITALY",
    "country_iso2": "IT",
    "country_iso3": "ITA",
    "country_native": "ITALIA"
  },
  {
    "id": 58664,
    "name": "PIGNONE",
    "state": "LIGURIA",
    "state_iso2": "42",
    "country": "ITALY",
    "country_iso2": "IT",
    "country_iso3": "ITA",
    "country_native": "ITALIA"
  },
  {
    "id": 58717,
    "name": "PITELLI",
    "state": "LIGURIA",
    "state_iso2": "42",
    "country": "ITALY",
    "country_iso2": "IT",
    "country_iso3": "ITA",
    "country_native": "ITALIA"
  },
  {
    "id": 58740,
    "name": "PLODIO",
    "state": "LIGURIA",
    "state_iso2": "42",
    "country": "ITALY",
    "country_iso2": "IT",
    "country_iso3": "ITA",
    "country_native": "ITALIA"
  },
  {
    "id": 58818,
    "name": "POMPEIANA",
    "state": "LIGURIA",
    "state_iso2": "42",
    "country": "ITALY",
    "country_iso2": "IT",
    "country_iso3": "ITA",
    "country_native": "ITALIA"
  },
  {
    "id": 58868,
    "name": "PONTEDASSIO",
    "state": "LIGURIA",
    "state_iso2": "42",
    "country": "ITALY",
    "country_iso2": "IT",
    "country_iso3": "ITA",
    "country_native": "ITALIA"
  },
  {
    "id": 58889,
    "name": "PONTINVREA",
    "state": "LIGURIA",
    "state_iso2": "42",
    "country": "ITALY",
    "country_iso2": "IT",
    "country_iso3": "ITA",
    "country_native": "ITALIA"
  },
  {
    "id": 58908,
    "name": "PORNASSIO",
    "state": "LIGURIA",
    "state_iso2": "42",
    "country": "ITALY",
    "country_iso2": "IT",
    "country_iso3": "ITA",
    "country_native": "ITALIA"
  },
  {
    "id": 58945,
    "name": "PORTOFINO",
    "state": "LIGURIA",
    "state_iso2": "42",
    "country": "ITALY",
    "country_iso2": "IT",
    "country_iso3": "ITA",
    "country_native": "ITALIA"
  },
  {
    "id": 58950,
    "name": "PORTOVENERE",
    "state": "LIGURIA",
    "state_iso2": "42",
    "country": "ITALY",
    "country_iso2": "IT",
    "country_iso3": "ITA",
    "country_native": "ITALIA"
  },
  {
    "id": 59021,
    "name": "PRATI",
    "state": "LIGURIA",
    "state_iso2": "42",
    "country": "ITALY",
    "country_iso2": "IT",
    "country_iso3": "ITA",
    "country_native": "ITALIA"
  },
  {
    "id": 59051,
    "name": "PRELÀ CASTELLO",
    "state": "LIGURIA",
    "state_iso2": "42",
    "country": "ITALY",
    "country_iso2": "IT",
    "country_iso3": "ITA",
    "country_native": "ITALIA"
  },
  {
    "id": 59091,
    "name": "PROPATA",
    "state": "LIGURIA",
    "state_iso2": "42",
    "country": "ITALY",
    "country_iso2": "IT",
    "country_iso3": "ITA",
    "country_native": "ITALIA"
  },
  {
    "id": 59134,
    "name": "PROVINCIA DI GENOVA",
    "state": "LIGURIA",
    "state_iso2": "42",
    "country": "ITALY",
    "country_iso2": "IT",
    "country_iso3": "ITA",
    "country_native": "ITALIA"
  },
  {
    "id": 59137,
    "name": "PROVINCIA DI IMPERIA",
    "state": "LIGURIA",
    "state_iso2": "42",
    "country": "ITALY",
    "country_iso2": "IT",
    "country_iso3": "ITA",
    "country_native": "ITALIA"
  },
  {
    "id": 59139,
    "name": "PROVINCIA DI LA SPEZIA",
    "state": "LIGURIA",
    "state_iso2": "42",
    "country": "ITALY",
    "country_iso2": "IT",
    "country_iso3": "ITA",
    "country_native": "ITALIA"
  },
  {
    "id": 59174,
    "name": "PROVINCIA DI SAVONA",
    "state": "LIGURIA",
    "state_iso2": "42",
    "country": "ITALY",
    "country_iso2": "IT",
    "country_iso3": "ITA",
    "country_native": "ITALIA"
  },
  {
    "id": 59242,
    "name": "QUILIANO",
    "state": "LIGURIA",
    "state_iso2": "42",
    "country": "ITALY",
    "country_iso2": "IT",
    "country_iso3": "ITA",
    "country_native": "ITALIA"
  },
  {
    "id": 59284,
    "name": "RAPALLO",
    "state": "LIGURIA",
    "state_iso2": "42",
    "country": "ITALY",
    "country_iso2": "IT",
    "country_iso3": "ITA",
    "country_native": "ITALIA"
  },
  {
    "id": 59311,
    "name": "RECCO",
    "state": "LIGURIA",
    "state_iso2": "42",
    "country": "ITALY",
    "country_iso2": "IT",
    "country_iso3": "ITA",
    "country_native": "ITALIA"
  },
  {
    "id": 59348,
    "name": "REZZO",
    "state": "LIGURIA",
    "state_iso2": "42",
    "country": "ITALY",
    "country_iso2": "IT",
    "country_iso3": "ITA",
    "country_native": "ITALIA"
  },
  {
    "id": 59349,
    "name": "REZZOAGLIO",
    "state": "LIGURIA",
    "state_iso2": "42",
    "country": "ITALY",
    "country_iso2": "IT",
    "country_iso3": "ITA",
    "country_native": "ITALIA"
  },
  {
    "id": 59356,
    "name": "RIALTO",
    "state": "LIGURIA",
    "state_iso2": "42",
    "country": "ITALY",
    "country_iso2": "IT",
    "country_iso3": "ITA",
    "country_native": "ITALIA"
  },
  {
    "id": 59368,
    "name": "RICCÒ DEL GOLFO",
    "state": "LIGURIA",
    "state_iso2": "42",
    "country": "ITALY",
    "country_iso2": "IT",
    "country_iso3": "ITA",
    "country_native": "ITALIA"
  },
  {
    "id": 59395,
    "name": "RIOMAGGIORE",
    "state": "LIGURIA",
    "state_iso2": "42",
    "country": "ITALY",
    "country_iso2": "IT",
    "country_iso3": "ITA",
    "country_native": "ITALIA"
  },
  {
    "id": 59416,
    "name": "RIVA LIGURE",
    "state": "LIGURIA",
    "state_iso2": "42",
    "country": "ITALY",
    "country_iso2": "IT",
    "country_iso3": "ITA",
    "country_native": "ITALIA"
  },
  {
    "id": 59528,
    "name": "ROCCAVIGNALE",
    "state": "LIGURIA",
    "state_iso2": "42",
    "country": "ITALY",
    "country_iso2": "IT",
    "country_iso3": "ITA",
    "country_native": "ITALIA"
  },
  {
    "id": 59544,
    "name": "ROCCHETTA DI VARA",
    "state": "LIGURIA",
    "state_iso2": "42",
    "country": "ITALY",
    "country_iso2": "IT",
    "country_iso3": "ITA",
    "country_native": "ITALIA"
  },
  {
    "id": 59538,
    "name": "ROCCHETTA NERVINA",
    "state": "LIGURIA",
    "state_iso2": "42",
    "country": "ITALY",
    "country_iso2": "IT",
    "country_iso3": "ITA",
    "country_native": "ITALIA"
  },
  {
    "id": 59587,
    "name": "ROMITO MAGRA",
    "state": "LIGURIA",
    "state_iso2": "42",
    "country": "ITALY",
    "country_iso2": "IT",
    "country_iso3": "ITA",
    "country_native": "ITALIA"
  },
  {
    "id": 59605,
    "name": "RONCO SCRIVIA",
    "state": "LIGURIA",
    "state_iso2": "42",
    "country": "ITALY",
    "country_iso2": "IT",
    "country_iso3": "ITA",
    "country_native": "ITALIA"
  },
  {
    "id": 59614,
    "name": "RONDANINA",
    "state": "LIGURIA",
    "state_iso2": "42",
    "country": "ITALY",
    "country_iso2": "IT",
    "country_iso3": "ITA",
    "country_native": "ITALIA"
  },
  {
    "id": 59650,
    "name": "ROSSI",
    "state": "LIGURIA",
    "state_iso2": "42",
    "country": "ITALY",
    "country_iso2": "IT",
    "country_iso3": "ITA",
    "country_native": "ITALIA"
  },
  {
    "id": 59651,
    "name": "ROSSIGLIONE",
    "state": "LIGURIA",
    "state_iso2": "42",
    "country": "ITALY",
    "country_iso2": "IT",
    "country_iso3": "ITA",
    "country_native": "ITALIA"
  },
  {
    "id": 59670,
    "name": "ROVEGNO",
    "state": "LIGURIA",
    "state_iso2": "42",
    "country": "ITALY",
    "country_iso2": "IT",
    "country_iso3": "ITA",
    "country_native": "ITALIA"
  },
  {
    "id": 59821,
    "name": "SAN BARTOLOMEO AL MARE",
    "state": "LIGURIA",
    "state_iso2": "42",
    "country": "ITALY",
    "country_iso2": "IT",
    "country_iso3": "ITA",
    "country_native": "ITALIA"
  },
  {
    "id": 59843,
    "name": "SAN BIAGIO DELLA CIMA",
    "state": "LIGURIA",
    "state_iso2": "42",
    "country": "ITALY",
    "country_iso2": "IT",
    "country_iso3": "ITA",
    "country_native": "ITALIA"
  },
  {
    "id": 59904,
    "name": "SAN FEDELE-LUSIGNANO",
    "state": "LIGURIA",
    "state_iso2": "42",
    "country": "ITALY",
    "country_iso2": "IT",
    "country_iso3": "ITA",
    "country_native": "ITALIA"
  },
  {
    "id": 59980,
    "name": "SAN GIOVANNI",
    "state": "LIGURIA",
    "state_iso2": "42",
    "country": "ITALY",
    "country_iso2": "IT",
    "country_iso3": "ITA",
    "country_native": "ITALIA"
  },
  {
    "id": 60039,
    "name": "SAN LORENZO",
    "state": "LIGURIA",
    "state_iso2": "42",
    "country": "ITALY",
    "country_iso2": "IT",
    "country_iso3": "ITA",
    "country_native": "ITALIA"
  },
  {
    "id": 60044,
    "name": "SAN LORENZO AL MARE",
    "state": "LIGURIA",
    "state_iso2": "42",
    "country": "ITALY",
    "country_iso2": "IT",
    "country_iso3": "ITA",
    "country_native": "ITALIA"
  },
  {
    "id": 60190,
    "name": "SAN PIETRO D'OLBA",
    "state": "LIGURIA",
    "state_iso2": "42",
    "country": "ITALY",
    "country_iso2": "IT",
    "country_iso3": "ITA",
    "country_native": "ITALIA"
  },
  {
    "id": 60220,
    "name": "SAN REMO",
    "state": "LIGURIA",
    "state_iso2": "42",
    "country": "ITALY",
    "country_iso2": "IT",
    "country_iso3": "ITA",
    "country_native": "ITALIA"
  },
  {
    "id": 60230,
    "name": "SAN SALVATORE",
    "state": "LIGURIA",
    "state_iso2": "42",
    "country": "ITALY",
    "country_iso2": "IT",
    "country_iso3": "ITA",
    "country_native": "ITALIA"
  },
  {
    "id": 60255,
    "name": "SAN TERENZO",
    "state": "LIGURIA",
    "state_iso2": "42",
    "country": "ITALY",
    "country_iso2": "IT",
    "country_iso3": "ITA",
    "country_native": "ITALIA"
  },
  {
    "id": 60451,
    "name": "SANTA MARGHERITA LIGURE",
    "state": "LIGURIA",
    "state_iso2": "42",
    "country": "ITALY",
    "country_iso2": "IT",
    "country_iso3": "ITA",
    "country_native": "ITALIA"
  },
  {
    "id": 60485,
    "name": "SANTA MARTA",
    "state": "LIGURIA",
    "state_iso2": "42",
    "country": "ITALY",
    "country_iso2": "IT",
    "country_iso3": "ITA",
    "country_native": "ITALIA"
  },
  {
    "id": 60517,
    "name": "SANTO STEFANO AL MARE",
    "state": "LIGURIA",
    "state_iso2": "42",
    "country": "ITALY",
    "country_iso2": "IT",
    "country_iso3": "ITA",
    "country_native": "ITALIA"
  },
  {
    "id": 60518,
    "name": "SANTO STEFANO D'AVETO",
    "state": "LIGURIA",
    "state_iso2": "42",
    "country": "ITALY",
    "country_iso2": "IT",
    "country_iso3": "ITA",
    "country_native": "ITALIA"
  },
  {
    "id": 60522,
    "name": "SANTO STEFANO DI MAGRA",
    "state": "LIGURIA",
    "state_iso2": "42",
    "country": "ITALY",
    "country_iso2": "IT",
    "country_iso3": "ITA",
    "country_native": "ITALIA"
  },
  {
    "id": 60563,
    "name": "SARZANA",
    "state": "LIGURIA",
    "state_iso2": "42",
    "country": "ITALY",
    "country_iso2": "IT",
    "country_iso3": "ITA",
    "country_native": "ITALIA"
  },
  {
    "id": 60569,
    "name": "SASSELLO",
    "state": "LIGURIA",
    "state_iso2": "42",
    "country": "ITALY",
    "country_iso2": "IT",
    "country_iso3": "ITA",
    "country_native": "ITALIA"
  },
  {
    "id": 60592,
    "name": "SAVIGNONE",
    "state": "LIGURIA",
    "state_iso2": "42",
    "country": "ITALY",
    "country_iso2": "IT",
    "country_iso3": "ITA",
    "country_native": "ITALIA"
  },
  {
    "id": 60599,
    "name": "SAVONA",
    "state": "LIGURIA",
    "state_iso2": "42",
    "country": "ITALY",
    "country_iso2": "IT",
    "country_iso3": "ITA",
    "country_native": "ITALIA"
  },
  {
    "id": 60651,
    "name": "SCIARBORASCA",
    "state": "LIGURIA",
    "state_iso2": "42",
    "country": "ITALY",
    "country_iso2": "IT",
    "country_iso3": "ITA",
    "country_native": "ITALIA"
  },
  {
    "id": 60674,
    "name": "SEBORGA",
    "state": "LIGURIA",
    "state_iso2": "42",
    "country": "ITALY",
    "country_iso2": "IT",
    "country_iso3": "ITA",
    "country_native": "ITALIA"
  },
  {
    "id": 60751,
    "name": "SERRA RICCÒ",
    "state": "LIGURIA",
    "state_iso2": "42",
    "country": "ITALY",
    "country_iso2": "IT",
    "country_iso3": "ITA",
    "country_native": "ITALIA"
  },
  {
    "id": 60792,
    "name": "SESTA GODANO",
    "state": "LIGURIA",
    "state_iso2": "42",
    "country": "ITALY",
    "country_iso2": "IT",
    "country_iso3": "ITA",
    "country_native": "ITALIA"
  },
  {
    "id": 60803,
    "name": "SESTRI LEVANTE",
    "state": "LIGURIA",
    "state_iso2": "42",
    "country": "ITALY",
    "country_iso2": "IT",
    "country_iso3": "ITA",
    "country_native": "ITALIA"
  },
  {
    "id": 60912,
    "name": "SOLDANO",
    "state": "LIGURIA",
    "state_iso2": "42",
    "country": "ITALY",
    "country_iso2": "IT",
    "country_iso3": "ITA",
    "country_native": "ITALIA"
  },
  {
    "id": 60957,
    "name": "SORI",
    "state": "LIGURIA",
    "state_iso2": "42",
    "country": "ITALY",
    "country_iso2": "IT",
    "country_iso3": "ITA",
    "country_native": "ITALIA"
  },
  {
    "id": 61031,
    "name": "SPOTORNO",
    "state": "LIGURIA",
    "state_iso2": "42",
    "country": "ITALY",
    "country_iso2": "IT",
    "country_iso3": "ITA",
    "country_native": "ITALIA"
  },
  {
    "id": 61057,
    "name": "STAZIONE-FORNOLA",
    "state": "LIGURIA",
    "state_iso2": "42",
    "country": "ITALY",
    "country_iso2": "IT",
    "country_iso3": "ITA",
    "country_native": "ITALIA"
  },
  {
    "id": 61064,
    "name": "STELLANELLO",
    "state": "LIGURIA",
    "state_iso2": "42",
    "country": "ITALY",
    "country_iso2": "IT",
    "country_iso3": "ITA",
    "country_native": "ITALIA"
  },
  {
    "id": 61140,
    "name": "TAGGIA",
    "state": "LIGURIA",
    "state_iso2": "42",
    "country": "ITALY",
    "country_iso2": "IT",
    "country_iso3": "ITA",
    "country_native": "ITALIA"
  },
  {
    "id": 61259,
    "name": "TERZORIO",
    "state": "LIGURIA",
    "state_iso2": "42",
    "country": "ITALY",
    "country_iso2": "IT",
    "country_iso3": "ITA",
    "country_native": "ITALIA"
  },
  {
    "id": 61264,
    "name": "TESTICO",
    "state": "LIGURIA",
    "state_iso2": "42",
    "country": "ITALY",
    "country_iso2": "IT",
    "country_iso3": "ITA",
    "country_native": "ITALIA"
  },
  {
    "id": 61277,
    "name": "TIGLIETO",
    "state": "LIGURIA",
    "state_iso2": "42",
    "country": "ITALY",
    "country_iso2": "IT",
    "country_iso3": "ITA",
    "country_native": "ITALIA"
  },
  {
    "id": 61297,
    "name": "TOIRANO",
    "state": "LIGURIA",
    "state_iso2": "42",
    "country": "ITALY",
    "country_iso2": "IT",
    "country_iso3": "ITA",
    "country_native": "ITALIA"
  },
  {
    "id": 61405,
    "name": "TORRIGLIA",
    "state": "LIGURIA",
    "state_iso2": "42",
    "country": "ITALY",
    "country_iso2": "IT",
    "country_iso3": "ITA",
    "country_native": "ITALIA"
  },
  {
    "id": 61425,
    "name": "TOVO SAN GIACOMO",
    "state": "LIGURIA",
    "state_iso2": "42",
    "country": "ITALY",
    "country_iso2": "IT",
    "country_iso3": "ITA",
    "country_native": "ITALIA"
  },
  {
    "id": 61517,
    "name": "TRIBOGNA",
    "state": "LIGURIA",
    "state_iso2": "42",
    "country": "ITALY",
    "country_iso2": "IT",
    "country_iso3": "ITA",
    "country_native": "ITALIA"
  },
  {
    "id": 61533,
    "name": "TRIORA",
    "state": "LIGURIA",
    "state_iso2": "42",
    "country": "ITALY",
    "country_iso2": "IT",
    "country_iso3": "ITA",
    "country_native": "ITALIA"
  },
  {
    "id": 61603,
    "name": "URBE",
    "state": "LIGURIA",
    "state_iso2": "42",
    "country": "ITALY",
    "country_iso2": "IT",
    "country_iso3": "ITA",
    "country_native": "ITALIA"
  },
  {
    "id": 61610,
    "name": "USCIO",
    "state": "LIGURIA",
    "state_iso2": "42",
    "country": "ITALY",
    "country_iso2": "IT",
    "country_iso3": "ITA",
    "country_native": "ITALIA"
  },
  {
    "id": 61630,
    "name": "VADO CENTRO",
    "state": "LIGURIA",
    "state_iso2": "42",
    "country": "ITALY",
    "country_iso2": "IT",
    "country_iso3": "ITA",
    "country_native": "ITALIA"
  },
  {
    "id": 61631,
    "name": "VADO LIGURE",
    "state": "LIGURIA",
    "state_iso2": "42",
    "country": "ITALY",
    "country_iso2": "IT",
    "country_iso3": "ITA",
    "country_native": "ITALIA"
  },
  {
    "id": 61699,
    "name": "VALLE DI VADO",
    "state": "LIGURIA",
    "state_iso2": "42",
    "country": "ITALY",
    "country_iso2": "IT",
    "country_iso3": "ITA",
    "country_native": "ITALIA"
  },
  {
    "id": 61701,
    "name": "VALLEBONA",
    "state": "LIGURIA",
    "state_iso2": "42",
    "country": "ITALY",
    "country_iso2": "IT",
    "country_iso3": "ITA",
    "country_native": "ITALIA"
  },
  {
    "id": 61703,
    "name": "VALLECROSIA",
    "state": "LIGURIA",
    "state_iso2": "42",
    "country": "ITALY",
    "country_iso2": "IT",
    "country_iso3": "ITA",
    "country_native": "ITALIA"
  },
  {
    "id": 61708,
    "name": "VALLEGGIA",
    "state": "LIGURIA",
    "state_iso2": "42",
    "country": "ITALY",
    "country_iso2": "IT",
    "country_iso3": "ITA",
    "country_native": "ITALIA"
  },
  {
    "id": 61749,
    "name": "VALZEMOLA",
    "state": "LIGURIA",
    "state_iso2": "42",
    "country": "ITALY",
    "country_iso2": "IT",
    "country_iso3": "ITA",
    "country_native": "ITALIA"
  },
  {
    "id": 61764,
    "name": "VARAZZE",
    "state": "LIGURIA",
    "state_iso2": "42",
    "country": "ITALY",
    "country_iso2": "IT",
    "country_iso3": "ITA",
    "country_native": "ITALIA"
  },
  {
    "id": 61770,
    "name": "VARESE LIGURE",
    "state": "LIGURIA",
    "state_iso2": "42",
    "country": "ITALY",
    "country_iso2": "IT",
    "country_iso3": "ITA",
    "country_native": "ITALIA"
  },
  {
    "id": 61779,
    "name": "VASIA",
    "state": "LIGURIA",
    "state_iso2": "42",
    "country": "ITALY",
    "country_iso2": "IT",
    "country_iso3": "ITA",
    "country_native": "ITALIA"
  },
  {
    "id": 61813,
    "name": "VENDONE",
    "state": "LIGURIA",
    "state_iso2": "42",
    "country": "ITALY",
    "country_iso2": "IT",
    "country_iso3": "ITA",
    "country_native": "ITALIA"
  },
  {
    "id": 61825,
    "name": "VENTIMIGLIA",
    "state": "LIGURIA",
    "state_iso2": "42",
    "country": "ITALY",
    "country_iso2": "IT",
    "country_iso3": "ITA",
    "country_native": "ITALIA"
  },
  {
    "id": 61856,
    "name": "VERNAZZA",
    "state": "LIGURIA",
    "state_iso2": "42",
    "country": "ITALY",
    "country_iso2": "IT",
    "country_iso3": "ITA",
    "country_native": "ITALIA"
  },
  {
    "id": 61884,
    "name": "VESSALICO",
    "state": "LIGURIA",
    "state_iso2": "42",
    "country": "ITALY",
    "country_iso2": "IT",
    "country_iso3": "ITA",
    "country_native": "ITALIA"
  },
  {
    "id": 61895,
    "name": "VEZZANO LIGURE",
    "state": "LIGURIA",
    "state_iso2": "42",
    "country": "ITALY",
    "country_iso2": "IT",
    "country_iso3": "ITA",
    "country_native": "ITALIA"
  },
  {
    "id": 61897,
    "name": "VEZZI PORTIO",
    "state": "LIGURIA",
    "state_iso2": "42",
    "country": "ITALY",
    "country_iso2": "IT",
    "country_iso3": "ITA",
    "country_native": "ITALIA"
  },
  {
    "id": 61997,
    "name": "VILLA FARALDI",
    "state": "LIGURIA",
    "state_iso2": "42",
    "country": "ITALY",
    "country_iso2": "IT",
    "country_iso3": "ITA",
    "country_native": "ITALIA"
  },
  {
    "id": 62055,
    "name": "VILLAFRANCA",
    "state": "LIGURIA",
    "state_iso2": "42",
    "country": "ITALY",
    "country_iso2": "IT",
    "country_iso3": "ITA",
    "country_native": "ITALIA"
  },
  {
    "id": 62105,
    "name": "VILLANOVA D'ALBENGA",
    "state": "LIGURIA",
    "state_iso2": "42",
    "country": "ITALY",
    "country_iso2": "IT",
    "country_iso3": "ITA",
    "country_native": "ITALIA"
  },
  {
    "id": 62198,
    "name": "VOBBIA",
    "state": "LIGURIA",
    "state_iso2": "42",
    "country": "ITALY",
    "country_iso2": "IT",
    "country_iso3": "ITA",
    "country_native": "ITALIA"
  },
  {
    "id": 62263,
    "name": "ZOAGLI",
    "state": "LIGURIA",
    "state_iso2": "42",
    "country": "ITALY",
    "country_iso2": "IT",
    "country_iso3": "ITA",
    "country_native": "ITALIA"
  },
  {
    "id": 62279,
    "name": "ZUCCARELLO",
    "state": "LIGURIA",
    "state_iso2": "42",
    "country": "ITALY",
    "country_iso2": "IT",
    "country_iso3": "ITA",
    "country_native": "ITALIA"
  }
]