[
  {
    "id": 154821,
    "name": "ALEGRIA",
    "state": "SURIGAO DEL NORTE",
    "state_iso2": "SUN",
    "country": "PHILIPPINES",
    "country_iso2": "PH",
    "country_iso3": "PHL",
    "country_native": "PILIPINAS"
  },
  {
    "id": 144380,
    "name": "BACUAG",
    "state": "SURIGAO DEL NORTE",
    "state_iso2": "SUN",
    "country": "PHILIPPINES",
    "country_iso2": "PH",
    "country_iso3": "PHL",
    "country_native": "PILIPINAS"
  },
  {
    "id": 154822,
    "name": "BURGOS",
    "state": "SURIGAO DEL NORTE",
    "state_iso2": "SUN",
    "country": "PHILIPPINES",
    "country_iso2": "PH",
    "country_iso3": "PHL",
    "country_native": "PILIPINAS"
  },
  {
    "id": 144415,
    "name": "CLAVER",
    "state": "SURIGAO DEL NORTE",
    "state_iso2": "SUN",
    "country": "PHILIPPINES",
    "country_iso2": "PH",
    "country_iso3": "PHL",
    "country_native": "PILIPINAS"
  },
  {
    "id": 144421,
    "name": "DAPA",
    "state": "SURIGAO DEL NORTE",
    "state_iso2": "SUN",
    "country": "PHILIPPINES",
    "country_iso2": "PH",
    "country_iso3": "PHL",
    "country_native": "PILIPINAS"
  },
  {
    "id": 82404,
    "name": "DEL CARMEN",
    "state": "SURIGAO DEL NORTE",
    "state_iso2": "SUN",
    "country": "PHILIPPINES",
    "country_iso2": "PH",
    "country_iso3": "PHL",
    "country_native": "PILIPINAS"
  },
  {
    "id": 154823,
    "name": "GENERAL LUNA",
    "state": "SURIGAO DEL NORTE",
    "state_iso2": "SUN",
    "country": "PHILIPPINES",
    "country_iso2": "PH",
    "country_iso3": "PHL",
    "country_native": "PILIPINAS"
  },
  {
    "id": 82591,
    "name": "GIGAQUIT",
    "state": "SURIGAO DEL NORTE",
    "state_iso2": "SUN",
    "country": "PHILIPPINES",
    "country_iso2": "PH",
    "country_iso3": "PHL",
    "country_native": "PILIPINAS"
  },
  {
    "id": 83370,
    "name": "MAINIT",
    "state": "SURIGAO DEL NORTE",
    "state_iso2": "SUN",
    "country": "PHILIPPINES",
    "country_iso2": "PH",
    "country_iso3": "PHL",
    "country_native": "PILIPINAS"
  },
  {
    "id": 83433,
    "name": "MALIMONO",
    "state": "SURIGAO DEL NORTE",
    "state_iso2": "SUN",
    "country": "PHILIPPINES",
    "country_iso2": "PH",
    "country_iso3": "PHL",
    "country_native": "PILIPINAS"
  },
  {
    "id": 154824,
    "name": "PILAR",
    "state": "SURIGAO DEL NORTE",
    "state_iso2": "SUN",
    "country": "PHILIPPINES",
    "country_iso2": "PH",
    "country_iso3": "PHL",
    "country_native": "PILIPINAS"
  },
  {
    "id": 154825,
    "name": "PLACER",
    "state": "SURIGAO DEL NORTE",
    "state_iso2": "SUN",
    "country": "PHILIPPINES",
    "country_iso2": "PH",
    "country_iso3": "PHL",
    "country_native": "PILIPINAS"
  },
  {
    "id": 144487,
    "name": "SAN BENITO",
    "state": "SURIGAO DEL NORTE",
    "state_iso2": "SUN",
    "country": "PHILIPPINES",
    "country_iso2": "PH",
    "country_iso3": "PHL",
    "country_native": "PILIPINAS"
  },
  {
    "id": 154826,
    "name": "SAN FRANCISCO",
    "state": "SURIGAO DEL NORTE",
    "state_iso2": "SUN",
    "country": "PHILIPPINES",
    "country_iso2": "PH",
    "country_iso3": "PHL",
    "country_native": "PILIPINAS"
  },
  {
    "id": 154827,
    "name": "SAN ISIDRO",
    "state": "SURIGAO DEL NORTE",
    "state_iso2": "SUN",
    "country": "PHILIPPINES",
    "country_iso2": "PH",
    "country_iso3": "PHL",
    "country_native": "PILIPINAS"
  },
  {
    "id": 84690,
    "name": "SANTA MONICA",
    "state": "SURIGAO DEL NORTE",
    "state_iso2": "SUN",
    "country": "PHILIPPINES",
    "country_iso2": "PH",
    "country_iso3": "PHL",
    "country_native": "PILIPINAS"
  },
  {
    "id": 154828,
    "name": "SISON",
    "state": "SURIGAO DEL NORTE",
    "state_iso2": "SUN",
    "country": "PHILIPPINES",
    "country_iso2": "PH",
    "country_iso3": "PHL",
    "country_native": "PILIPINAS"
  },
  {
    "id": 84835,
    "name": "SOCORRO",
    "state": "SURIGAO DEL NORTE",
    "state_iso2": "SUN",
    "country": "PHILIPPINES",
    "country_iso2": "PH",
    "country_iso3": "PHL",
    "country_native": "PILIPINAS"
  },
  {
    "id": 144509,
    "name": "SURIGAO CITY",
    "state": "SURIGAO DEL NORTE",
    "state_iso2": "SUN",
    "country": "PHILIPPINES",
    "country_iso2": "PH",
    "country_iso3": "PHL",
    "country_native": "PILIPINAS"
  },
  {
    "id": 144510,
    "name": "TAGANA-AN",
    "state": "SURIGAO DEL NORTE",
    "state_iso2": "SUN",
    "country": "PHILIPPINES",
    "country_iso2": "PH",
    "country_iso3": "PHL",
    "country_native": "PILIPINAS"
  },
  {
    "id": 154829,
    "name": "TUBOD",
    "state": "SURIGAO DEL NORTE",
    "state_iso2": "SUN",
    "country": "PHILIPPINES",
    "country_iso2": "PH",
    "country_iso3": "PHL",
    "country_native": "PILIPINAS"
  }
]