[
  {
    "id": 31931,
    "name": "ADEJE",
    "state": "SANTA CRUZ DE TENERIFE",
    "state_iso2": "TF",
    "country": "SPAIN",
    "country_iso2": "ES",
    "country_iso3": "ESP",
    "country_native": "ESPAÑA"
  },
  {
    "id": 31969,
    "name": "AGULO",
    "state": "SANTA CRUZ DE TENERIFE",
    "state_iso2": "TF",
    "country": "SPAIN",
    "country_iso2": "ES",
    "country_iso3": "ESP",
    "country_native": "ESPAÑA"
  },
  {
    "id": 31993,
    "name": "ALAJERÓ",
    "state": "SANTA CRUZ DE TENERIFE",
    "state_iso2": "TF",
    "country": "SPAIN",
    "country_iso2": "ES",
    "country_iso3": "ESP",
    "country_native": "ESPAÑA"
  },
  {
    "id": 32400,
    "name": "ARAFO",
    "state": "SANTA CRUZ DE TENERIFE",
    "state_iso2": "TF",
    "country": "SPAIN",
    "country_iso2": "ES",
    "country_iso3": "ESP",
    "country_native": "ESPAÑA"
  },
  {
    "id": 152448,
    "name": "ARICO",
    "state": "SANTA CRUZ DE TENERIFE",
    "state_iso2": "TF",
    "country": "SPAIN",
    "country_iso2": "ES",
    "country_iso3": "ESP",
    "country_native": "ESPAÑA"
  },
  {
    "id": 32497,
    "name": "ARONA",
    "state": "SANTA CRUZ DE TENERIFE",
    "state_iso2": "TF",
    "country": "SPAIN",
    "country_iso2": "ES",
    "country_iso3": "ESP",
    "country_native": "ESPAÑA"
  },
  {
    "id": 32666,
    "name": "BARLOVENTO",
    "state": "SANTA CRUZ DE TENERIFE",
    "state_iso2": "TF",
    "country": "SPAIN",
    "country_iso2": "ES",
    "country_iso3": "ESP",
    "country_native": "ESPAÑA"
  },
  {
    "id": 32980,
    "name": "BREÑA ALTA",
    "state": "SANTA CRUZ DE TENERIFE",
    "state_iso2": "TF",
    "country": "SPAIN",
    "country_iso2": "ES",
    "country_iso3": "ESP",
    "country_native": "ESPAÑA"
  },
  {
    "id": 32981,
    "name": "BREÑA BAJA",
    "state": "SANTA CRUZ DE TENERIFE",
    "state_iso2": "TF",
    "country": "SPAIN",
    "country_iso2": "ES",
    "country_iso3": "ESP",
    "country_native": "ESPAÑA"
  },
  {
    "id": 33005,
    "name": "BUENAVISTA DEL NORTE",
    "state": "SANTA CRUZ DE TENERIFE",
    "state_iso2": "TF",
    "country": "SPAIN",
    "country_iso2": "ES",
    "country_iso3": "ESP",
    "country_native": "ESPAÑA"
  },
  {
    "id": 33226,
    "name": "CANDELARIA",
    "state": "SANTA CRUZ DE TENERIFE",
    "state_iso2": "TF",
    "country": "SPAIN",
    "country_iso2": "ES",
    "country_iso3": "ESP",
    "country_native": "ESPAÑA"
  },
  {
    "id": 152454,
    "name": "EL PASO",
    "state": "SANTA CRUZ DE TENERIFE",
    "state_iso2": "TF",
    "country": "SPAIN",
    "country_iso2": "ES",
    "country_iso3": "ESP",
    "country_native": "ESPAÑA"
  },
  {
    "id": 152465,
    "name": "EL PINAR DE EL HIERRO",
    "state": "SANTA CRUZ DE TENERIFE",
    "state_iso2": "TF",
    "country": "SPAIN",
    "country_iso2": "ES",
    "country_iso3": "ESP",
    "country_native": "ESPAÑA"
  },
  {
    "id": 152456,
    "name": "EL ROSARIO",
    "state": "SANTA CRUZ DE TENERIFE",
    "state_iso2": "TF",
    "country": "SPAIN",
    "country_iso2": "ES",
    "country_iso3": "ESP",
    "country_native": "ESPAÑA"
  },
  {
    "id": 152458,
    "name": "EL SAUZAL",
    "state": "SANTA CRUZ DE TENERIFE",
    "state_iso2": "TF",
    "country": "SPAIN",
    "country_iso2": "ES",
    "country_iso3": "ESP",
    "country_native": "ESPAÑA"
  },
  {
    "id": 152460,
    "name": "EL TANQUE",
    "state": "SANTA CRUZ DE TENERIFE",
    "state_iso2": "TF",
    "country": "SPAIN",
    "country_iso2": "ES",
    "country_iso3": "ESP",
    "country_native": "ESPAÑA"
  },
  {
    "id": 34167,
    "name": "FASNIA",
    "state": "SANTA CRUZ DE TENERIFE",
    "state_iso2": "TF",
    "country": "SPAIN",
    "country_iso2": "ES",
    "country_iso3": "ESP",
    "country_native": "ESPAÑA"
  },
  {
    "id": 34268,
    "name": "FRONTERA",
    "state": "SANTA CRUZ DE TENERIFE",
    "state_iso2": "TF",
    "country": "SPAIN",
    "country_iso2": "ES",
    "country_iso3": "ESP",
    "country_native": "ESPAÑA"
  },
  {
    "id": 34276,
    "name": "FUENCALIENTE DE LA PALMA",
    "state": "SANTA CRUZ DE TENERIFE",
    "state_iso2": "TF",
    "country": "SPAIN",
    "country_iso2": "ES",
    "country_iso3": "ESP",
    "country_native": "ESPAÑA"
  },
  {
    "id": 34405,
    "name": "GARACHICO",
    "state": "SANTA CRUZ DE TENERIFE",
    "state_iso2": "TF",
    "country": "SPAIN",
    "country_iso2": "ES",
    "country_iso3": "ESP",
    "country_native": "ESPAÑA"
  },
  {
    "id": 34406,
    "name": "GARAFÍA",
    "state": "SANTA CRUZ DE TENERIFE",
    "state_iso2": "TF",
    "country": "SPAIN",
    "country_iso2": "ES",
    "country_iso3": "ESP",
    "country_native": "ESPAÑA"
  },
  {
    "id": 34498,
    "name": "GRANADILLA DE ABONA",
    "state": "SANTA CRUZ DE TENERIFE",
    "state_iso2": "TF",
    "country": "SPAIN",
    "country_iso2": "ES",
    "country_iso3": "ESP",
    "country_native": "ESPAÑA"
  },
  {
    "id": 34557,
    "name": "GUÍA DE ISORA",
    "state": "SANTA CRUZ DE TENERIFE",
    "state_iso2": "TF",
    "country": "SPAIN",
    "country_iso2": "ES",
    "country_iso3": "ESP",
    "country_native": "ESPAÑA"
  },
  {
    "id": 34569,
    "name": "GÜIMAR",
    "state": "SANTA CRUZ DE TENERIFE",
    "state_iso2": "TF",
    "country": "SPAIN",
    "country_iso2": "ES",
    "country_iso3": "ESP",
    "country_native": "ESPAÑA"
  },
  {
    "id": 34586,
    "name": "HERMIGUA",
    "state": "SANTA CRUZ DE TENERIFE",
    "state_iso2": "TF",
    "country": "SPAIN",
    "country_iso2": "ES",
    "country_iso3": "ESP",
    "country_native": "ESPAÑA"
  },
  {
    "id": 34732,
    "name": "ICOD DE LOS VINOS",
    "state": "SANTA CRUZ DE TENERIFE",
    "state_iso2": "TF",
    "country": "SPAIN",
    "country_iso2": "ES",
    "country_iso3": "ESP",
    "country_native": "ESPAÑA"
  },
  {
    "id": 152449,
    "name": "LA GUANCHA",
    "state": "SANTA CRUZ DE TENERIFE",
    "state_iso2": "TF",
    "country": "SPAIN",
    "country_iso2": "ES",
    "country_iso3": "ESP",
    "country_native": "ESPAÑA"
  },
  {
    "id": 152452,
    "name": "LA MATANZA DE ACENTEJO",
    "state": "SANTA CRUZ DE TENERIFE",
    "state_iso2": "TF",
    "country": "SPAIN",
    "country_iso2": "ES",
    "country_iso3": "ESP",
    "country_native": "ESPAÑA"
  },
  {
    "id": 152453,
    "name": "LA OROTAVA",
    "state": "SANTA CRUZ DE TENERIFE",
    "state_iso2": "TF",
    "country": "SPAIN",
    "country_iso2": "ES",
    "country_iso3": "ESP",
    "country_native": "ESPAÑA"
  },
  {
    "id": 152463,
    "name": "LA VICTORIA DE ACENTEJO",
    "state": "SANTA CRUZ DE TENERIFE",
    "state_iso2": "TF",
    "country": "SPAIN",
    "country_iso2": "ES",
    "country_iso3": "ESP",
    "country_native": "ESPAÑA"
  },
  {
    "id": 152451,
    "name": "LLANOS DE ARIDANE LOS",
    "state": "SANTA CRUZ DE TENERIFE",
    "state_iso2": "TF",
    "country": "SPAIN",
    "country_iso2": "ES",
    "country_iso3": "ESP",
    "country_native": "ESPAÑA"
  },
  {
    "id": 36454,
    "name": "PUERTO DE LA CRUZ",
    "state": "SANTA CRUZ DE TENERIFE",
    "state_iso2": "TF",
    "country": "SPAIN",
    "country_iso2": "ES",
    "country_iso3": "ESP",
    "country_native": "ESPAÑA"
  },
  {
    "id": 36472,
    "name": "PUNTAGORDA",
    "state": "SANTA CRUZ DE TENERIFE",
    "state_iso2": "TF",
    "country": "SPAIN",
    "country_iso2": "ES",
    "country_iso3": "ESP",
    "country_native": "ESPAÑA"
  },
  {
    "id": 36473,
    "name": "PUNTALLANA",
    "state": "SANTA CRUZ DE TENERIFE",
    "state_iso2": "TF",
    "country": "SPAIN",
    "country_iso2": "ES",
    "country_iso3": "ESP",
    "country_native": "ESPAÑA"
  },
  {
    "id": 152455,
    "name": "REALEJOS LOS",
    "state": "SANTA CRUZ DE TENERIFE",
    "state_iso2": "TF",
    "country": "SPAIN",
    "country_iso2": "ES",
    "country_iso3": "ESP",
    "country_native": "ESPAÑA"
  },
  {
    "id": 152457,
    "name": "SAN ANDRÉS Y SAUCES",
    "state": "SANTA CRUZ DE TENERIFE",
    "state_iso2": "TF",
    "country": "SPAIN",
    "country_iso2": "ES",
    "country_iso3": "ESP",
    "country_native": "ESPAÑA"
  },
  {
    "id": 152450,
    "name": "SAN CRISTÓBAL DE LA LAGUNA",
    "state": "SANTA CRUZ DE TENERIFE",
    "state_iso2": "TF",
    "country": "SPAIN",
    "country_iso2": "ES",
    "country_iso3": "ESP",
    "country_native": "ESPAÑA"
  },
  {
    "id": 36848,
    "name": "SAN JUAN DE LA RAMBLA",
    "state": "SANTA CRUZ DE TENERIFE",
    "state_iso2": "TF",
    "country": "SPAIN",
    "country_iso2": "ES",
    "country_iso3": "ESP",
    "country_native": "ESPAÑA"
  },
  {
    "id": 36879,
    "name": "SAN MIGUEL DE ABONA",
    "state": "SANTA CRUZ DE TENERIFE",
    "state_iso2": "TF",
    "country": "SPAIN",
    "country_iso2": "ES",
    "country_iso3": "ESP",
    "country_native": "ESPAÑA"
  },
  {
    "id": 36920,
    "name": "SAN SEBASTIÁN DE LA GOMERA",
    "state": "SANTA CRUZ DE TENERIFE",
    "state_iso2": "TF",
    "country": "SPAIN",
    "country_iso2": "ES",
    "country_iso3": "ESP",
    "country_native": "ESPAÑA"
  },
  {
    "id": 37038,
    "name": "SANTA CRUZ DE LA PALMA",
    "state": "SANTA CRUZ DE TENERIFE",
    "state_iso2": "TF",
    "country": "SPAIN",
    "country_iso2": "ES",
    "country_iso3": "ESP",
    "country_native": "ESPAÑA"
  },
  {
    "id": 37036,
    "name": "SANTA CRUZ DE TENERIFE",
    "state": "SANTA CRUZ DE TENERIFE",
    "state_iso2": "TF",
    "country": "SPAIN",
    "country_iso2": "ES",
    "country_iso3": "ESP",
    "country_native": "ESPAÑA"
  },
  {
    "id": 37102,
    "name": "SANTA ÚRSULA",
    "state": "SANTA CRUZ DE TENERIFE",
    "state_iso2": "TF",
    "country": "SPAIN",
    "country_iso2": "ES",
    "country_iso3": "ESP",
    "country_native": "ESPAÑA"
  },
  {
    "id": 37119,
    "name": "SANTIAGO DEL TEIDE",
    "state": "SANTA CRUZ DE TENERIFE",
    "state_iso2": "TF",
    "country": "SPAIN",
    "country_iso2": "ES",
    "country_iso3": "ESP",
    "country_native": "ESPAÑA"
  },
  {
    "id": 152459,
    "name": "SILOS LOS",
    "state": "SANTA CRUZ DE TENERIFE",
    "state_iso2": "TF",
    "country": "SPAIN",
    "country_iso2": "ES",
    "country_iso3": "ESP",
    "country_native": "ESPAÑA"
  },
  {
    "id": 37347,
    "name": "TACORONTE",
    "state": "SANTA CRUZ DE TENERIFE",
    "state_iso2": "TF",
    "country": "SPAIN",
    "country_iso2": "ES",
    "country_iso3": "ESP",
    "country_native": "ESPAÑA"
  },
  {
    "id": 37389,
    "name": "TAZACORTE",
    "state": "SANTA CRUZ DE TENERIFE",
    "state_iso2": "TF",
    "country": "SPAIN",
    "country_iso2": "ES",
    "country_iso3": "ESP",
    "country_native": "ESPAÑA"
  },
  {
    "id": 37391,
    "name": "TEGUESTE",
    "state": "SANTA CRUZ DE TENERIFE",
    "state_iso2": "TF",
    "country": "SPAIN",
    "country_iso2": "ES",
    "country_iso3": "ESP",
    "country_native": "ESPAÑA"
  },
  {
    "id": 37425,
    "name": "TIJARAFE",
    "state": "SANTA CRUZ DE TENERIFE",
    "state_iso2": "TF",
    "country": "SPAIN",
    "country_iso2": "ES",
    "country_iso3": "ESP",
    "country_native": "ESPAÑA"
  },
  {
    "id": 152461,
    "name": "VALLE GRAN REY",
    "state": "SANTA CRUZ DE TENERIFE",
    "state_iso2": "TF",
    "country": "SPAIN",
    "country_iso2": "ES",
    "country_iso3": "ESP",
    "country_native": "ESPAÑA"
  },
  {
    "id": 152462,
    "name": "VALLEHERMOSO",
    "state": "SANTA CRUZ DE TENERIFE",
    "state_iso2": "TF",
    "country": "SPAIN",
    "country_iso2": "ES",
    "country_iso3": "ESP",
    "country_native": "ESPAÑA"
  },
  {
    "id": 37881,
    "name": "VALVERDE",
    "state": "SANTA CRUZ DE TENERIFE",
    "state_iso2": "TF",
    "country": "SPAIN",
    "country_iso2": "ES",
    "country_iso3": "ESP",
    "country_native": "ESPAÑA"
  },
  {
    "id": 37982,
    "name": "VILAFLOR",
    "state": "SANTA CRUZ DE TENERIFE",
    "state_iso2": "TF",
    "country": "SPAIN",
    "country_iso2": "ES",
    "country_iso3": "ESP",
    "country_native": "ESPAÑA"
  },
  {
    "id": 152464,
    "name": "VILLA DE MAZO",
    "state": "SANTA CRUZ DE TENERIFE",
    "state_iso2": "TF",
    "country": "SPAIN",
    "country_iso2": "ES",
    "country_iso3": "ESP",
    "country_native": "ESPAÑA"
  }
]