[
  {
    "id": 68498,
    "name": "BAHÍA ASUNCIÓN",
    "state": "BAJA CALIFORNIA SUR",
    "state_iso2": "BCS",
    "country": "MEXICO",
    "country_iso2": "MX",
    "country_iso3": "MEX",
    "country_native": "MÉXICO"
  },
  {
    "id": 68499,
    "name": "BAHÍA TORTUGAS",
    "state": "BAJA CALIFORNIA SUR",
    "state_iso2": "BCS",
    "country": "MEXICO",
    "country_iso2": "MX",
    "country_iso3": "MEX",
    "country_native": "MÉXICO"
  },
  {
    "id": 68704,
    "name": "CABO SAN LUCAS",
    "state": "BAJA CALIFORNIA SUR",
    "state_iso2": "BCS",
    "country": "MEXICO",
    "country_iso2": "MX",
    "country_iso3": "MEX",
    "country_native": "MÉXICO"
  },
  {
    "id": 68967,
    "name": "CHAMETLA",
    "state": "BAJA CALIFORNIA SUR",
    "state_iso2": "BCS",
    "country": "MEXICO",
    "country_iso2": "MX",
    "country_iso3": "MEX",
    "country_native": "MÉXICO"
  },
  {
    "id": 69151,
    "name": "CIUDAD CONSTITUCIÓN",
    "state": "BAJA CALIFORNIA SUR",
    "state_iso2": "BCS",
    "country": "MEXICO",
    "country_iso2": "MX",
    "country_iso3": "MEX",
    "country_native": "MÉXICO"
  },
  {
    "id": 69162,
    "name": "CIUDAD INSURGENTES",
    "state": "BAJA CALIFORNIA SUR",
    "state_iso2": "BCS",
    "country": "MEXICO",
    "country_iso2": "MX",
    "country_iso3": "MEX",
    "country_native": "MÉXICO"
  },
  {
    "id": 69382,
    "name": "COLONIA DEL SOL",
    "state": "BAJA CALIFORNIA SUR",
    "state_iso2": "BCS",
    "country": "MEXICO",
    "country_iso2": "MX",
    "country_iso3": "MEX",
    "country_native": "MÉXICO"
  },
  {
    "id": 69427,
    "name": "COMONDÚ",
    "state": "BAJA CALIFORNIA SUR",
    "state_iso2": "BCS",
    "country": "MEXICO",
    "country_iso2": "MX",
    "country_iso3": "MEX",
    "country_native": "MÉXICO"
  },
  {
    "id": 69893,
    "name": "EL CENTENARIO",
    "state": "BAJA CALIFORNIA SUR",
    "state_iso2": "BCS",
    "country": "MEXICO",
    "country_iso2": "MX",
    "country_iso3": "MEX",
    "country_native": "MÉXICO"
  },
  {
    "id": 70100,
    "name": "EL PESCADERO",
    "state": "BAJA CALIFORNIA SUR",
    "state_iso2": "BCS",
    "country": "MEXICO",
    "country_iso2": "MX",
    "country_iso3": "MEX",
    "country_native": "MÉXICO"
  },
  {
    "id": 70206,
    "name": "EL SILENCIO",
    "state": "BAJA CALIFORNIA SUR",
    "state_iso2": "BCS",
    "country": "MEXICO",
    "country_iso2": "MX",
    "country_iso3": "MEX",
    "country_native": "MÉXICO"
  },
  {
    "id": 71436,
    "name": "LA PAZ",
    "state": "BAJA CALIFORNIA SUR",
    "state_iso2": "BCS",
    "country": "MEXICO",
    "country_iso2": "MX",
    "country_iso3": "MEX",
    "country_native": "MÉXICO"
  },
  {
    "id": 71453,
    "name": "LA PLAYA",
    "state": "BAJA CALIFORNIA SUR",
    "state_iso2": "BCS",
    "country": "MEXICO",
    "country_iso2": "MX",
    "country_iso3": "MEX",
    "country_native": "MÉXICO"
  },
  {
    "id": 71479,
    "name": "LA RIVERA",
    "state": "BAJA CALIFORNIA SUR",
    "state_iso2": "BCS",
    "country": "MEXICO",
    "country_iso2": "MX",
    "country_iso3": "MEX",
    "country_native": "MÉXICO"
  },
  {
    "id": 71619,
    "name": "LAS MARGARITAS",
    "state": "BAJA CALIFORNIA SUR",
    "state_iso2": "BCS",
    "country": "MEXICO",
    "country_iso2": "MX",
    "country_iso3": "MEX",
    "country_native": "MÉXICO"
  },
  {
    "id": 71630,
    "name": "LAS PALMAS",
    "state": "BAJA CALIFORNIA SUR",
    "state_iso2": "BCS",
    "country": "MEXICO",
    "country_iso2": "MX",
    "country_iso3": "MEX",
    "country_native": "MÉXICO"
  },
  {
    "id": 71651,
    "name": "LAS VEREDAS",
    "state": "BAJA CALIFORNIA SUR",
    "state_iso2": "BCS",
    "country": "MEXICO",
    "country_iso2": "MX",
    "country_iso3": "MEX",
    "country_native": "MÉXICO"
  },
  {
    "id": 71762,
    "name": "LORETO",
    "state": "BAJA CALIFORNIA SUR",
    "state_iso2": "BCS",
    "country": "MEXICO",
    "country_iso2": "MX",
    "country_iso3": "MEX",
    "country_native": "MÉXICO"
  },
  {
    "id": 71777,
    "name": "LOS BARRILES",
    "state": "BAJA CALIFORNIA SUR",
    "state_iso2": "BCS",
    "country": "MEXICO",
    "country_iso2": "MX",
    "country_iso3": "MEX",
    "country_native": "MÉXICO"
  },
  {
    "id": 71781,
    "name": "LOS CABOS",
    "state": "BAJA CALIFORNIA SUR",
    "state_iso2": "BCS",
    "country": "MEXICO",
    "country_iso2": "MX",
    "country_iso3": "MEX",
    "country_native": "MÉXICO"
  },
  {
    "id": 72073,
    "name": "MELITÓN ALBÁÑEZ DOMÍNGUEZ",
    "state": "BAJA CALIFORNIA SUR",
    "state_iso2": "BCS",
    "country": "MEXICO",
    "country_iso2": "MX",
    "country_iso3": "MEX",
    "country_native": "MÉXICO"
  },
  {
    "id": 72153,
    "name": "MIRAFLORES",
    "state": "BAJA CALIFORNIA SUR",
    "state_iso2": "BCS",
    "country": "MEXICO",
    "country_iso2": "MX",
    "country_iso3": "MEX",
    "country_native": "MÉXICO"
  },
  {
    "id": 72251,
    "name": "MULEGÉ",
    "state": "BAJA CALIFORNIA SUR",
    "state_iso2": "BCS",
    "country": "MEXICO",
    "country_iso2": "MX",
    "country_iso3": "MEX",
    "country_native": "MÉXICO"
  },
  {
    "id": 72965,
    "name": "PUERTO ADOLFO LOPEZ MATEOS",
    "state": "BAJA CALIFORNIA SUR",
    "state_iso2": "BCS",
    "country": "MEXICO",
    "country_iso2": "MX",
    "country_iso3": "MEX",
    "country_native": "MÉXICO"
  },
  {
    "id": 72974,
    "name": "PUERTO SAN CARLOS",
    "state": "BAJA CALIFORNIA SUR",
    "state_iso2": "BCS",
    "country": "MEXICO",
    "country_iso2": "MX",
    "country_iso3": "MEX",
    "country_native": "MÉXICO"
  },
  {
    "id": 73543,
    "name": "SAN FRANCISCO",
    "state": "BAJA CALIFORNIA SUR",
    "state_iso2": "BCS",
    "country": "MEXICO",
    "country_iso2": "MX",
    "country_iso3": "MEX",
    "country_native": "MÉXICO"
  },
  {
    "id": 73834,
    "name": "SAN JOSÉ DEL CABO",
    "state": "BAJA CALIFORNIA SUR",
    "state_iso2": "BCS",
    "country": "MEXICO",
    "country_iso2": "MX",
    "country_iso3": "MEX",
    "country_native": "MÉXICO"
  },
  {
    "id": 74855,
    "name": "SANTA ROSALÍA",
    "state": "BAJA CALIFORNIA SUR",
    "state_iso2": "BCS",
    "country": "MEXICO",
    "country_iso2": "MX",
    "country_iso3": "MEX",
    "country_native": "MÉXICO"
  },
  {
    "id": 75719,
    "name": "TODOS SANTOS",
    "state": "BAJA CALIFORNIA SUR",
    "state_iso2": "BCS",
    "country": "MEXICO",
    "country_iso2": "MX",
    "country_iso3": "MEX",
    "country_native": "MÉXICO"
  },
  {
    "id": 75988,
    "name": "VILLA ALBERTO ANDRÉS ALVARADO ARÁMBURO",
    "state": "BAJA CALIFORNIA SUR",
    "state_iso2": "BCS",
    "country": "MEXICO",
    "country_iso2": "MX",
    "country_iso3": "MEX",
    "country_native": "MÉXICO"
  },
  {
    "id": 76037,
    "name": "VILLA MORELOS",
    "state": "BAJA CALIFORNIA SUR",
    "state_iso2": "BCS",
    "country": "MEXICO",
    "country_iso2": "MX",
    "country_iso3": "MEX",
    "country_native": "MÉXICO"
  }
]