[
  {
    "id": 81365,
    "name": "BACOLOD",
    "state": "LANAO DEL NORTE",
    "state_iso2": "LAN",
    "country": "PHILIPPINES",
    "country_iso2": "PH",
    "country_iso3": "PHL",
    "country_native": "PILIPINAS"
  },
  {
    "id": 154663,
    "name": "BALOI",
    "state": "LANAO DEL NORTE",
    "state_iso2": "LAN",
    "country": "PHILIPPINES",
    "country_iso2": "PH",
    "country_iso3": "PHL",
    "country_native": "PILIPINAS"
  },
  {
    "id": 81585,
    "name": "BAROY",
    "state": "LANAO DEL NORTE",
    "state_iso2": "LAN",
    "country": "PHILIPPINES",
    "country_iso2": "PH",
    "country_iso3": "PHL",
    "country_native": "PILIPINAS"
  },
  {
    "id": 82727,
    "name": "ILIGAN CITY",
    "state": "LANAO DEL NORTE",
    "state_iso2": "LAN",
    "country": "PHILIPPINES",
    "country_iso2": "PH",
    "country_iso3": "PHL",
    "country_native": "PILIPINAS"
  },
  {
    "id": 82868,
    "name": "KAPATAGAN",
    "state": "LANAO DEL NORTE",
    "state_iso2": "LAN",
    "country": "PHILIPPINES",
    "country_iso2": "PH",
    "country_iso3": "PHL",
    "country_native": "PILIPINAS"
  },
  {
    "id": 82886,
    "name": "KAUSWAGAN",
    "state": "LANAO DEL NORTE",
    "state_iso2": "LAN",
    "country": "PHILIPPINES",
    "country_iso2": "PH",
    "country_iso3": "PHL",
    "country_native": "PILIPINAS"
  },
  {
    "id": 82922,
    "name": "KOLAMBUGAN",
    "state": "LANAO DEL NORTE",
    "state_iso2": "LAN",
    "country": "PHILIPPINES",
    "country_iso2": "PH",
    "country_iso3": "PHL",
    "country_native": "PILIPINAS"
  },
  {
    "id": 82987,
    "name": "LALA",
    "state": "LANAO DEL NORTE",
    "state_iso2": "LAN",
    "country": "PHILIPPINES",
    "country_iso2": "PH",
    "country_iso3": "PHL",
    "country_native": "PILIPINAS"
  },
  {
    "id": 83131,
    "name": "LINAMON",
    "state": "LANAO DEL NORTE",
    "state_iso2": "LAN",
    "country": "PHILIPPINES",
    "country_iso2": "PH",
    "country_iso3": "PHL",
    "country_native": "PILIPINAS"
  },
  {
    "id": 154664,
    "name": "MAGSAYSAY",
    "state": "LANAO DEL NORTE",
    "state_iso2": "LAN",
    "country": "PHILIPPINES",
    "country_iso2": "PH",
    "country_iso3": "PHL",
    "country_native": "PILIPINAS"
  },
  {
    "id": 83365,
    "name": "MAIGO",
    "state": "LANAO DEL NORTE",
    "state_iso2": "LAN",
    "country": "PHILIPPINES",
    "country_iso2": "PH",
    "country_iso3": "PHL",
    "country_native": "PILIPINAS"
  },
  {
    "id": 83633,
    "name": "MATUNGAO",
    "state": "LANAO DEL NORTE",
    "state_iso2": "LAN",
    "country": "PHILIPPINES",
    "country_iso2": "PH",
    "country_iso3": "PHL",
    "country_native": "PILIPINAS"
  },
  {
    "id": 83723,
    "name": "MUNAI",
    "state": "LANAO DEL NORTE",
    "state_iso2": "LAN",
    "country": "PHILIPPINES",
    "country_iso2": "PH",
    "country_iso3": "PHL",
    "country_native": "PILIPINAS"
  },
  {
    "id": 154665,
    "name": "NUNUNGAN",
    "state": "LANAO DEL NORTE",
    "state_iso2": "LAN",
    "country": "PHILIPPINES",
    "country_iso2": "PH",
    "country_iso3": "PHL",
    "country_native": "PILIPINAS"
  },
  {
    "id": 154666,
    "name": "PANTAO RAGAT",
    "state": "LANAO DEL NORTE",
    "state_iso2": "LAN",
    "country": "PHILIPPINES",
    "country_iso2": "PH",
    "country_iso3": "PHL",
    "country_native": "PILIPINAS"
  },
  {
    "id": 84001,
    "name": "PANTAR",
    "state": "LANAO DEL NORTE",
    "state_iso2": "LAN",
    "country": "PHILIPPINES",
    "country_iso2": "PH",
    "country_iso3": "PHL",
    "country_native": "PILIPINAS"
  },
  {
    "id": 154667,
    "name": "POONA PIAGAPO",
    "state": "LANAO DEL NORTE",
    "state_iso2": "LAN",
    "country": "PHILIPPINES",
    "country_iso2": "PH",
    "country_iso3": "PHL",
    "country_native": "PILIPINAS"
  },
  {
    "id": 84423,
    "name": "SALVADOR",
    "state": "LANAO DEL NORTE",
    "state_iso2": "LAN",
    "country": "PHILIPPINES",
    "country_iso2": "PH",
    "country_iso3": "PHL",
    "country_native": "PILIPINAS"
  },
  {
    "id": 84740,
    "name": "SAPAD",
    "state": "LANAO DEL NORTE",
    "state_iso2": "LAN",
    "country": "PHILIPPINES",
    "country_iso2": "PH",
    "country_iso3": "PHL",
    "country_native": "PILIPINAS"
  },
  {
    "id": 154668,
    "name": "SULTAN NAGA DIMAPORO",
    "state": "LANAO DEL NORTE",
    "state_iso2": "LAN",
    "country": "PHILIPPINES",
    "country_iso2": "PH",
    "country_iso3": "PHL",
    "country_native": "PILIPINAS"
  },
  {
    "id": 84945,
    "name": "TAGOLOAN",
    "state": "LANAO DEL NORTE",
    "state_iso2": "LAN",
    "country": "PHILIPPINES",
    "country_iso2": "PH",
    "country_iso3": "PHL",
    "country_native": "PILIPINAS"
  },
  {
    "id": 154669,
    "name": "TANGCAL",
    "state": "LANAO DEL NORTE",
    "state_iso2": "LAN",
    "country": "PHILIPPINES",
    "country_iso2": "PH",
    "country_iso3": "PHL",
    "country_native": "PILIPINAS"
  },
  {
    "id": 85196,
    "name": "TUBOD",
    "state": "LANAO DEL NORTE",
    "state_iso2": "LAN",
    "country": "PHILIPPINES",
    "country_iso2": "PH",
    "country_iso3": "PHL",
    "country_native": "PILIPINAS"
  }
]