[
  {
    "id": 10088,
    "name": "AFONSO CUNHA",
    "state": "MARANHÃO",
    "state_iso2": "MA",
    "country": "BRAZIL",
    "country_iso2": "BR",
    "country_iso3": "BRA",
    "country_native": "BRASIL"
  },
  {
    "id": 10119,
    "name": "ALCÂNTARA",
    "state": "MARANHÃO",
    "state_iso2": "MA",
    "country": "BRAZIL",
    "country_iso2": "BR",
    "country_iso3": "BRA",
    "country_native": "BRASIL"
  },
  {
    "id": 10121,
    "name": "ALDEIAS ALTAS",
    "state": "MARANHÃO",
    "state_iso2": "MA",
    "country": "BRAZIL",
    "country_iso2": "BR",
    "country_iso3": "BRA",
    "country_native": "BRASIL"
  },
  {
    "id": 10154,
    "name": "ALTAMIRA DO MARANHÃO",
    "state": "MARANHÃO",
    "state_iso2": "MA",
    "country": "BRAZIL",
    "country_iso2": "BR",
    "country_iso3": "BRA",
    "country_native": "BRASIL"
  },
  {
    "id": 10162,
    "name": "ALTO ALEGRE DO MARANHÃO",
    "state": "MARANHÃO",
    "state_iso2": "MA",
    "country": "BRAZIL",
    "country_iso2": "BR",
    "country_iso3": "BRA",
    "country_native": "BRASIL"
  },
  {
    "id": 10163,
    "name": "ALTO ALEGRE DO PINDARÉ",
    "state": "MARANHÃO",
    "state_iso2": "MA",
    "country": "BRAZIL",
    "country_iso2": "BR",
    "country_iso3": "BRA",
    "country_native": "BRASIL"
  },
  {
    "id": 10179,
    "name": "ALTO PARNAÍBA",
    "state": "MARANHÃO",
    "state_iso2": "MA",
    "country": "BRAZIL",
    "country_iso2": "BR",
    "country_iso3": "BRA",
    "country_native": "BRASIL"
  },
  {
    "id": 10205,
    "name": "AMAPÁ DO MARANHÃO",
    "state": "MARANHÃO",
    "state_iso2": "MA",
    "country": "BRAZIL",
    "country_iso2": "BR",
    "country_iso3": "BRA",
    "country_native": "BRASIL"
  },
  {
    "id": 10210,
    "name": "AMARANTE DO MARANHÃO",
    "state": "MARANHÃO",
    "state_iso2": "MA",
    "country": "BRAZIL",
    "country_iso2": "BR",
    "country_iso3": "BRA",
    "country_native": "BRASIL"
  },
  {
    "id": 10230,
    "name": "ANAJATUBA",
    "state": "MARANHÃO",
    "state_iso2": "MA",
    "country": "BRAZIL",
    "country_iso2": "BR",
    "country_iso3": "BRA",
    "country_native": "BRASIL"
  },
  {
    "id": 10237,
    "name": "ANAPURUS",
    "state": "MARANHÃO",
    "state_iso2": "MA",
    "country": "BRAZIL",
    "country_iso2": "BR",
    "country_iso3": "BRA",
    "country_native": "BRASIL"
  },
  {
    "id": 10295,
    "name": "APICUM-AÇU",
    "state": "MARANHÃO",
    "state_iso2": "MA",
    "country": "BRAZIL",
    "country_iso2": "BR",
    "country_iso3": "BRA",
    "country_native": "BRASIL"
  },
  {
    "id": 10321,
    "name": "ARAGUANÃ",
    "state": "MARANHÃO",
    "state_iso2": "MA",
    "country": "BRAZIL",
    "country_iso2": "BR",
    "country_iso3": "BRA",
    "country_native": "BRASIL"
  },
  {
    "id": 10328,
    "name": "ARAIOSES",
    "state": "MARANHÃO",
    "state_iso2": "MA",
    "country": "BRAZIL",
    "country_iso2": "BR",
    "country_iso3": "BRA",
    "country_native": "BRASIL"
  },
  {
    "id": 10332,
    "name": "ARAME",
    "state": "MARANHÃO",
    "state_iso2": "MA",
    "country": "BRAZIL",
    "country_iso2": "BR",
    "country_iso3": "BRA",
    "country_native": "BRASIL"
  },
  {
    "id": 10352,
    "name": "ARARI",
    "state": "MARANHÃO",
    "state_iso2": "MA",
    "country": "BRAZIL",
    "country_iso2": "BR",
    "country_iso3": "BRA",
    "country_native": "BRASIL"
  },
  {
    "id": 10440,
    "name": "ATINS",
    "state": "MARANHÃO",
    "state_iso2": "MA",
    "country": "BRAZIL",
    "country_iso2": "BR",
    "country_iso3": "BRA",
    "country_native": "BRASIL"
  },
  {
    "id": 10461,
    "name": "AXIXÁ",
    "state": "MARANHÃO",
    "state_iso2": "MA",
    "country": "BRAZIL",
    "country_iso2": "BR",
    "country_iso3": "BRA",
    "country_native": "BRASIL"
  },
  {
    "id": 10463,
    "name": "AÇAILÂNDIA",
    "state": "MARANHÃO",
    "state_iso2": "MA",
    "country": "BRAZIL",
    "country_iso2": "BR",
    "country_iso3": "BRA",
    "country_native": "BRASIL"
  },
  {
    "id": 10467,
    "name": "BACABAL",
    "state": "MARANHÃO",
    "state_iso2": "MA",
    "country": "BRAZIL",
    "country_iso2": "BR",
    "country_iso3": "BRA",
    "country_native": "BRASIL"
  },
  {
    "id": 10468,
    "name": "BACABEIRA",
    "state": "MARANHÃO",
    "state_iso2": "MA",
    "country": "BRAZIL",
    "country_iso2": "BR",
    "country_iso3": "BRA",
    "country_native": "BRASIL"
  },
  {
    "id": 10469,
    "name": "BACURI",
    "state": "MARANHÃO",
    "state_iso2": "MA",
    "country": "BRAZIL",
    "country_iso2": "BR",
    "country_iso3": "BRA",
    "country_native": "BRASIL"
  },
  {
    "id": 10470,
    "name": "BACURITUBA",
    "state": "MARANHÃO",
    "state_iso2": "MA",
    "country": "BRAZIL",
    "country_iso2": "BR",
    "country_iso3": "BRA",
    "country_native": "BRASIL"
  },
  {
    "id": 10492,
    "name": "BALSAS",
    "state": "MARANHÃO",
    "state_iso2": "MA",
    "country": "BRAZIL",
    "country_iso2": "BR",
    "country_iso3": "BRA",
    "country_native": "BRASIL"
  },
  {
    "id": 10534,
    "name": "BARRA DO CORDA",
    "state": "MARANHÃO",
    "state_iso2": "MA",
    "country": "BRAZIL",
    "country_iso2": "BR",
    "country_iso3": "BRA",
    "country_native": "BRASIL"
  },
  {
    "id": 10554,
    "name": "BARREIRINHAS",
    "state": "MARANHÃO",
    "state_iso2": "MA",
    "country": "BRAZIL",
    "country_iso2": "BR",
    "country_iso3": "BRA",
    "country_native": "BRASIL"
  },
  {
    "id": 10574,
    "name": "BARÃO DE GRAJAÚ",
    "state": "MARANHÃO",
    "state_iso2": "MA",
    "country": "BRAZIL",
    "country_iso2": "BR",
    "country_iso3": "BRA",
    "country_native": "BRASIL"
  },
  {
    "id": 10598,
    "name": "BELA VISTA DO MARANHÃO",
    "state": "MARANHÃO",
    "state_iso2": "MA",
    "country": "BRAZIL",
    "country_iso2": "BR",
    "country_iso3": "BRA",
    "country_native": "BRASIL"
  },
  {
    "id": 10613,
    "name": "BELÁGUA",
    "state": "MARANHÃO",
    "state_iso2": "MA",
    "country": "BRAZIL",
    "country_iso2": "BR",
    "country_iso3": "BRA",
    "country_native": "BRASIL"
  },
  {
    "id": 10623,
    "name": "BENEDITO LEITE",
    "state": "MARANHÃO",
    "state_iso2": "MA",
    "country": "BRAZIL",
    "country_iso2": "BR",
    "country_iso3": "BRA",
    "country_native": "BRASIL"
  },
  {
    "id": 10631,
    "name": "BEQUIMÃO",
    "state": "MARANHÃO",
    "state_iso2": "MA",
    "country": "BRAZIL",
    "country_iso2": "BR",
    "country_iso3": "BRA",
    "country_native": "BRASIL"
  },
  {
    "id": 10637,
    "name": "BERNARDO DO MEARIM",
    "state": "MARANHÃO",
    "state_iso2": "MA",
    "country": "BRAZIL",
    "country_iso2": "BR",
    "country_iso3": "BRA",
    "country_native": "BRASIL"
  },
  {
    "id": 10672,
    "name": "BOA VISTA DO GURUPI",
    "state": "MARANHÃO",
    "state_iso2": "MA",
    "country": "BRAZIL",
    "country_iso2": "BR",
    "country_iso3": "BRA",
    "country_native": "BRASIL"
  },
  {
    "id": 10693,
    "name": "BOM JARDIM",
    "state": "MARANHÃO",
    "state_iso2": "MA",
    "country": "BRAZIL",
    "country_iso2": "BR",
    "country_iso3": "BRA",
    "country_native": "BRASIL"
  },
  {
    "id": 10706,
    "name": "BOM JESUS DAS SELVAS",
    "state": "MARANHÃO",
    "state_iso2": "MA",
    "country": "BRAZIL",
    "country_iso2": "BR",
    "country_iso3": "BRA",
    "country_native": "BRASIL"
  },
  {
    "id": 10718,
    "name": "BOM LUGAR",
    "state": "MARANHÃO",
    "state_iso2": "MA",
    "country": "BRAZIL",
    "country_iso2": "BR",
    "country_iso3": "BRA",
    "country_native": "BRASIL"
  },
  {
    "id": 10788,
    "name": "BREJO",
    "state": "MARANHÃO",
    "state_iso2": "MA",
    "country": "BRAZIL",
    "country_iso2": "BR",
    "country_iso3": "BRA",
    "country_native": "BRASIL"
  },
  {
    "id": 10794,
    "name": "BREJO DE AREIA",
    "state": "MARANHÃO",
    "state_iso2": "MA",
    "country": "BRAZIL",
    "country_iso2": "BR",
    "country_iso3": "BRA",
    "country_native": "BRASIL"
  },
  {
    "id": 10823,
    "name": "BURITI",
    "state": "MARANHÃO",
    "state_iso2": "MA",
    "country": "BRAZIL",
    "country_iso2": "BR",
    "country_iso3": "BRA",
    "country_native": "BRASIL"
  },
  {
    "id": 10825,
    "name": "BURITI BRAVO",
    "state": "MARANHÃO",
    "state_iso2": "MA",
    "country": "BRAZIL",
    "country_iso2": "BR",
    "country_iso3": "BRA",
    "country_native": "BRASIL"
  },
  {
    "id": 10830,
    "name": "BURITICUPU",
    "state": "MARANHÃO",
    "state_iso2": "MA",
    "country": "BRAZIL",
    "country_iso2": "BR",
    "country_iso3": "BRA",
    "country_native": "BRASIL"
  },
  {
    "id": 10833,
    "name": "BURITIRANA",
    "state": "MARANHÃO",
    "state_iso2": "MA",
    "country": "BRAZIL",
    "country_iso2": "BR",
    "country_iso3": "BRA",
    "country_native": "BRASIL"
  },
  {
    "id": 10865,
    "name": "CACHOEIRA GRANDE",
    "state": "MARANHÃO",
    "state_iso2": "MA",
    "country": "BRAZIL",
    "country_iso2": "BR",
    "country_iso3": "BRA",
    "country_native": "BRASIL"
  },
  {
    "id": 10912,
    "name": "CAJAPIÓ",
    "state": "MARANHÃO",
    "state_iso2": "MA",
    "country": "BRAZIL",
    "country_iso2": "BR",
    "country_iso3": "BRA",
    "country_native": "BRASIL"
  },
  {
    "id": 10913,
    "name": "CAJARI",
    "state": "MARANHÃO",
    "state_iso2": "MA",
    "country": "BRAZIL",
    "country_iso2": "BR",
    "country_iso3": "BRA",
    "country_native": "BRASIL"
  },
  {
    "id": 10961,
    "name": "CAMPESTRE DO MARANHÃO",
    "state": "MARANHÃO",
    "state_iso2": "MA",
    "country": "BRAZIL",
    "country_iso2": "BR",
    "country_iso3": "BRA",
    "country_native": "BRASIL"
  },
  {
    "id": 11055,
    "name": "CANTANHEDE",
    "state": "MARANHÃO",
    "state_iso2": "MA",
    "country": "BRAZIL",
    "country_iso2": "BR",
    "country_iso3": "BRA",
    "country_native": "BRASIL"
  },
  {
    "id": 11077,
    "name": "CAPINZAL DO NORTE",
    "state": "MARANHÃO",
    "state_iso2": "MA",
    "country": "BRAZIL",
    "country_iso2": "BR",
    "country_iso3": "BRA",
    "country_native": "BRASIL"
  },
  {
    "id": 11161,
    "name": "CAROLINA",
    "state": "MARANHÃO",
    "state_iso2": "MA",
    "country": "BRAZIL",
    "country_iso2": "BR",
    "country_iso3": "BRA",
    "country_native": "BRASIL"
  },
  {
    "id": 11167,
    "name": "CARUTAPERA",
    "state": "MARANHÃO",
    "state_iso2": "MA",
    "country": "BRAZIL",
    "country_iso2": "BR",
    "country_iso3": "BRA",
    "country_native": "BRASIL"
  },
  {
    "id": 11218,
    "name": "CAXIAS",
    "state": "MARANHÃO",
    "state_iso2": "MA",
    "country": "BRAZIL",
    "country_iso2": "BR",
    "country_iso3": "BRA",
    "country_native": "BRASIL"
  },
  {
    "id": 11228,
    "name": "CEDRAL",
    "state": "MARANHÃO",
    "state_iso2": "MA",
    "country": "BRAZIL",
    "country_iso2": "BR",
    "country_iso3": "BRA",
    "country_native": "BRASIL"
  },
  {
    "id": 11240,
    "name": "CENTRAL DO MARANHÃO",
    "state": "MARANHÃO",
    "state_iso2": "MA",
    "country": "BRAZIL",
    "country_iso2": "BR",
    "country_iso3": "BRA",
    "country_native": "BRASIL"
  },
  {
    "id": 11243,
    "name": "CENTRO DO GUILHERME",
    "state": "MARANHÃO",
    "state_iso2": "MA",
    "country": "BRAZIL",
    "country_iso2": "BR",
    "country_iso3": "BRA",
    "country_native": "BRASIL"
  },
  {
    "id": 11242,
    "name": "CENTRO NOVO DO MARANHÃO",
    "state": "MARANHÃO",
    "state_iso2": "MA",
    "country": "BRAZIL",
    "country_iso2": "BR",
    "country_iso3": "BRA",
    "country_native": "BRASIL"
  },
  {
    "id": 11265,
    "name": "CHAPADINHA",
    "state": "MARANHÃO",
    "state_iso2": "MA",
    "country": "BRAZIL",
    "country_iso2": "BR",
    "country_iso3": "BRA",
    "country_native": "BRASIL"
  },
  {
    "id": 11292,
    "name": "CIDELÂNDIA",
    "state": "MARANHÃO",
    "state_iso2": "MA",
    "country": "BRAZIL",
    "country_iso2": "BR",
    "country_iso3": "BRA",
    "country_native": "BRASIL"
  },
  {
    "id": 11314,
    "name": "CODÓ",
    "state": "MARANHÃO",
    "state_iso2": "MA",
    "country": "BRAZIL",
    "country_iso2": "BR",
    "country_iso3": "BRA",
    "country_native": "BRASIL"
  },
  {
    "id": 11315,
    "name": "COELHO NETO",
    "state": "MARANHÃO",
    "state_iso2": "MA",
    "country": "BRAZIL",
    "country_iso2": "BR",
    "country_iso3": "BRA",
    "country_native": "BRASIL"
  },
  {
    "id": 11322,
    "name": "COLINAS",
    "state": "MARANHÃO",
    "state_iso2": "MA",
    "country": "BRAZIL",
    "country_iso2": "BR",
    "country_iso3": "BRA",
    "country_native": "BRASIL"
  },
  {
    "id": 11359,
    "name": "CONCEIÇÃO DO LAGO-AÇU",
    "state": "MARANHÃO",
    "state_iso2": "MA",
    "country": "BRAZIL",
    "country_iso2": "BR",
    "country_iso3": "BRA",
    "country_native": "BRASIL"
  },
  {
    "id": 11413,
    "name": "COROATÁ",
    "state": "MARANHÃO",
    "state_iso2": "MA",
    "country": "BRAZIL",
    "country_iso2": "BR",
    "country_iso3": "BRA",
    "country_native": "BRASIL"
  },
  {
    "id": 11535,
    "name": "CURURUPU",
    "state": "MARANHÃO",
    "state_iso2": "MA",
    "country": "BRAZIL",
    "country_iso2": "BR",
    "country_iso3": "BRA",
    "country_native": "BRASIL"
  },
  {
    "id": 11546,
    "name": "CÂNDIDO MENDES",
    "state": "MARANHÃO",
    "state_iso2": "MA",
    "country": "BRAZIL",
    "country_iso2": "BR",
    "country_iso3": "BRA",
    "country_native": "BRASIL"
  },
  {
    "id": 11565,
    "name": "DAVINÓPOLIS",
    "state": "MARANHÃO",
    "state_iso2": "MA",
    "country": "BRAZIL",
    "country_iso2": "BR",
    "country_iso3": "BRA",
    "country_native": "BRASIL"
  },
  {
    "id": 11633,
    "name": "DOM PEDRO",
    "state": "MARANHÃO",
    "state_iso2": "MA",
    "country": "BRAZIL",
    "country_iso2": "BR",
    "country_iso3": "BRA",
    "country_native": "BRASIL"
  },
  {
    "id": 11668,
    "name": "DUQUE BACELAR",
    "state": "MARANHÃO",
    "state_iso2": "MA",
    "country": "BRAZIL",
    "country_iso2": "BR",
    "country_iso3": "BRA",
    "country_native": "BRASIL"
  },
  {
    "id": 11730,
    "name": "ESPERANTINÓPOLIS",
    "state": "MARANHÃO",
    "state_iso2": "MA",
    "country": "BRAZIL",
    "country_iso2": "BR",
    "country_iso3": "BRA",
    "country_native": "BRASIL"
  },
  {
    "id": 11747,
    "name": "ESTREITO",
    "state": "MARANHÃO",
    "state_iso2": "MA",
    "country": "BRAZIL",
    "country_iso2": "BR",
    "country_iso3": "BRA",
    "country_native": "BRASIL"
  },
  {
    "id": 11792,
    "name": "FEIRA NOVA DO MARANHÃO",
    "state": "MARANHÃO",
    "state_iso2": "MA",
    "country": "BRAZIL",
    "country_iso2": "BR",
    "country_iso3": "BRA",
    "country_native": "BRASIL"
  },
  {
    "id": 11804,
    "name": "FERNANDO FALCÃO",
    "state": "MARANHÃO",
    "state_iso2": "MA",
    "country": "BRAZIL",
    "country_iso2": "BR",
    "country_iso3": "BRA",
    "country_native": "BRASIL"
  },
  {
    "id": 11853,
    "name": "FORMOSA DA SERRA NEGRA",
    "state": "MARANHÃO",
    "state_iso2": "MA",
    "country": "BRAZIL",
    "country_iso2": "BR",
    "country_iso3": "BRA",
    "country_native": "BRASIL"
  },
  {
    "id": 11866,
    "name": "FORTALEZA DOS NOGUEIRAS",
    "state": "MARANHÃO",
    "state_iso2": "MA",
    "country": "BRAZIL",
    "country_iso2": "BR",
    "country_iso3": "BRA",
    "country_native": "BRASIL"
  },
  {
    "id": 11869,
    "name": "FORTUNA",
    "state": "MARANHÃO",
    "state_iso2": "MA",
    "country": "BRAZIL",
    "country_iso2": "BR",
    "country_iso3": "BRA",
    "country_native": "BRASIL"
  },
  {
    "id": 11954,
    "name": "GODOFREDO VIANA",
    "state": "MARANHÃO",
    "state_iso2": "MA",
    "country": "BRAZIL",
    "country_iso2": "BR",
    "country_iso3": "BRA",
    "country_native": "BRASIL"
  },
  {
    "id": 11975,
    "name": "GONÇALVES DIAS",
    "state": "MARANHÃO",
    "state_iso2": "MA",
    "country": "BRAZIL",
    "country_iso2": "BR",
    "country_iso3": "BRA",
    "country_native": "BRASIL"
  },
  {
    "id": 11978,
    "name": "GOVERNADOR ARCHER",
    "state": "MARANHÃO",
    "state_iso2": "MA",
    "country": "BRAZIL",
    "country_iso2": "BR",
    "country_iso3": "BRA",
    "country_native": "BRASIL"
  },
  {
    "id": 11982,
    "name": "GOVERNADOR EDISON LOBÃO",
    "state": "MARANHÃO",
    "state_iso2": "MA",
    "country": "BRAZIL",
    "country_iso2": "BR",
    "country_iso3": "BRA",
    "country_native": "BRASIL"
  },
  {
    "id": 11983,
    "name": "GOVERNADOR EUGÊNIO BARROS",
    "state": "MARANHÃO",
    "state_iso2": "MA",
    "country": "BRAZIL",
    "country_iso2": "BR",
    "country_iso3": "BRA",
    "country_native": "BRASIL"
  },
  {
    "id": 11986,
    "name": "GOVERNADOR LUIZ ROCHA",
    "state": "MARANHÃO",
    "state_iso2": "MA",
    "country": "BRAZIL",
    "country_iso2": "BR",
    "country_iso3": "BRA",
    "country_native": "BRASIL"
  },
  {
    "id": 11988,
    "name": "GOVERNADOR NEWTON BELLO",
    "state": "MARANHÃO",
    "state_iso2": "MA",
    "country": "BRAZIL",
    "country_iso2": "BR",
    "country_iso3": "BRA",
    "country_native": "BRASIL"
  },
  {
    "id": 11989,
    "name": "GOVERNADOR NUNES FREIRE",
    "state": "MARANHÃO",
    "state_iso2": "MA",
    "country": "BRAZIL",
    "country_iso2": "BR",
    "country_iso3": "BRA",
    "country_native": "BRASIL"
  },
  {
    "id": 11992,
    "name": "GRAJAÚ",
    "state": "MARANHÃO",
    "state_iso2": "MA",
    "country": "BRAZIL",
    "country_iso2": "BR",
    "country_iso3": "BRA",
    "country_native": "BRASIL"
  },
  {
    "id": 12004,
    "name": "GRAÇA ARANHA",
    "state": "MARANHÃO",
    "state_iso2": "MA",
    "country": "BRAZIL",
    "country_iso2": "BR",
    "country_iso3": "BRA",
    "country_native": "BRASIL"
  },
  {
    "id": 12082,
    "name": "GUIMARÃES",
    "state": "MARANHÃO",
    "state_iso2": "MA",
    "country": "BRAZIL",
    "country_iso2": "BR",
    "country_iso3": "BRA",
    "country_native": "BRASIL"
  },
  {
    "id": 12112,
    "name": "HUMBERTO DE CAMPOS",
    "state": "MARANHÃO",
    "state_iso2": "MA",
    "country": "BRAZIL",
    "country_iso2": "BR",
    "country_iso3": "BRA",
    "country_native": "BRASIL"
  },
  {
    "id": 12170,
    "name": "ICATU",
    "state": "MARANHÃO",
    "state_iso2": "MA",
    "country": "BRAZIL",
    "country_iso2": "BR",
    "country_iso3": "BRA",
    "country_native": "BRASIL"
  },
  {
    "id": 12185,
    "name": "IGARAPÉ DO MEIO",
    "state": "MARANHÃO",
    "state_iso2": "MA",
    "country": "BRAZIL",
    "country_iso2": "BR",
    "country_iso3": "BRA",
    "country_native": "BRASIL"
  },
  {
    "id": 12183,
    "name": "IGARAPÉ GRANDE",
    "state": "MARANHÃO",
    "state_iso2": "MA",
    "country": "BRAZIL",
    "country_iso2": "BR",
    "country_iso3": "BRA",
    "country_native": "BRASIL"
  },
  {
    "id": 12226,
    "name": "IMPERATRIZ",
    "state": "MARANHÃO",
    "state_iso2": "MA",
    "country": "BRAZIL",
    "country_iso2": "BR",
    "country_iso3": "BRA",
    "country_native": "BRASIL"
  },
  {
    "id": 12359,
    "name": "ITAIPAVA DO GRAJAÚ",
    "state": "MARANHÃO",
    "state_iso2": "MA",
    "country": "BRAZIL",
    "country_iso2": "BR",
    "country_iso3": "BRA",
    "country_native": "BRASIL"
  },
  {
    "id": 12406,
    "name": "ITAPECURU MIRIM",
    "state": "MARANHÃO",
    "state_iso2": "MA",
    "country": "BRAZIL",
    "country_iso2": "BR",
    "country_iso3": "BRA",
    "country_native": "BRASIL"
  },
  {
    "id": 12474,
    "name": "ITINGA DO MARANHÃO",
    "state": "MARANHÃO",
    "state_iso2": "MA",
    "country": "BRAZIL",
    "country_iso2": "BR",
    "country_iso3": "BRA",
    "country_native": "BRASIL"
  },
  {
    "id": 12603,
    "name": "JATOBÁ",
    "state": "MARANHÃO",
    "state_iso2": "MA",
    "country": "BRAZIL",
    "country_iso2": "BR",
    "country_iso3": "BRA",
    "country_native": "BRASIL"
  },
  {
    "id": 12613,
    "name": "JENIPAPO DOS VIEIRAS",
    "state": "MARANHÃO",
    "state_iso2": "MA",
    "country": "BRAZIL",
    "country_iso2": "BR",
    "country_iso3": "BRA",
    "country_native": "BRASIL"
  },
  {
    "id": 12648,
    "name": "JOSELÂNDIA",
    "state": "MARANHÃO",
    "state_iso2": "MA",
    "country": "BRAZIL",
    "country_iso2": "BR",
    "country_iso3": "BRA",
    "country_native": "BRASIL"
  },
  {
    "id": 12662,
    "name": "JOÃO LISBOA",
    "state": "MARANHÃO",
    "state_iso2": "MA",
    "country": "BRAZIL",
    "country_iso2": "BR",
    "country_iso3": "BRA",
    "country_native": "BRASIL"
  },
  {
    "id": 12682,
    "name": "JUNCO DO MARANHÃO",
    "state": "MARANHÃO",
    "state_iso2": "MA",
    "country": "BRAZIL",
    "country_iso2": "BR",
    "country_iso3": "BRA",
    "country_native": "BRASIL"
  },
  {
    "id": 12729,
    "name": "LAGO DA PEDRA",
    "state": "MARANHÃO",
    "state_iso2": "MA",
    "country": "BRAZIL",
    "country_iso2": "BR",
    "country_iso3": "BRA",
    "country_native": "BRASIL"
  },
  {
    "id": 12730,
    "name": "LAGO DO JUNCO",
    "state": "MARANHÃO",
    "state_iso2": "MA",
    "country": "BRAZIL",
    "country_iso2": "BR",
    "country_iso3": "BRA",
    "country_native": "BRASIL"
  },
  {
    "id": 12731,
    "name": "LAGO DOS RODRIGUES",
    "state": "MARANHÃO",
    "state_iso2": "MA",
    "country": "BRAZIL",
    "country_iso2": "BR",
    "country_iso3": "BRA",
    "country_native": "BRASIL"
  },
  {
    "id": 12728,
    "name": "LAGO VERDE",
    "state": "MARANHÃO",
    "state_iso2": "MA",
    "country": "BRAZIL",
    "country_iso2": "BR",
    "country_iso3": "BRA",
    "country_native": "BRASIL"
  },
  {
    "id": 12760,
    "name": "LAGOA DO MATO",
    "state": "MARANHÃO",
    "state_iso2": "MA",
    "country": "BRAZIL",
    "country_iso2": "BR",
    "country_iso3": "BRA",
    "country_native": "BRASIL"
  },
  {
    "id": 12740,
    "name": "LAGOA GRANDE DO MARANHÃO",
    "state": "MARANHÃO",
    "state_iso2": "MA",
    "country": "BRAZIL",
    "country_iso2": "BR",
    "country_iso3": "BRA",
    "country_native": "BRASIL"
  },
  {
    "id": 12778,
    "name": "LAJEADO NOVO",
    "state": "MARANHÃO",
    "state_iso2": "MA",
    "country": "BRAZIL",
    "country_iso2": "BR",
    "country_iso3": "BRA",
    "country_native": "BRASIL"
  },
  {
    "id": 12827,
    "name": "LIMA CAMPOS",
    "state": "MARANHÃO",
    "state_iso2": "MA",
    "country": "BRAZIL",
    "country_iso2": "BR",
    "country_iso3": "BRA",
    "country_native": "BRASIL"
  },
  {
    "id": 12853,
    "name": "LORETO",
    "state": "MARANHÃO",
    "state_iso2": "MA",
    "country": "BRAZIL",
    "country_iso2": "BR",
    "country_iso3": "BRA",
    "country_native": "BRASIL"
  },
  {
    "id": 12880,
    "name": "LUÍS DOMINGUES",
    "state": "MARANHÃO",
    "state_iso2": "MA",
    "country": "BRAZIL",
    "country_iso2": "BR",
    "country_iso3": "BRA",
    "country_native": "BRASIL"
  },
  {
    "id": 12912,
    "name": "MAGALHÃES DE ALMEIDA",
    "state": "MARANHÃO",
    "state_iso2": "MA",
    "country": "BRAZIL",
    "country_iso2": "BR",
    "country_iso3": "BRA",
    "country_native": "BRASIL"
  },
  {
    "id": 12970,
    "name": "MARACAÇUMÉ",
    "state": "MARANHÃO",
    "state_iso2": "MA",
    "country": "BRAZIL",
    "country_iso2": "BR",
    "country_iso3": "BRA",
    "country_native": "BRASIL"
  },
  {
    "id": 12976,
    "name": "MARAJÁ DO SENA",
    "state": "MARANHÃO",
    "state_iso2": "MA",
    "country": "BRAZIL",
    "country_iso2": "BR",
    "country_iso3": "BRA",
    "country_native": "BRASIL"
  },
  {
    "id": 12978,
    "name": "MARANHÃOZINHO",
    "state": "MARANHÃO",
    "state_iso2": "MA",
    "country": "BRAZIL",
    "country_iso2": "BR",
    "country_iso3": "BRA",
    "country_native": "BRASIL"
  },
  {
    "id": 13047,
    "name": "MATA ROMA",
    "state": "MARANHÃO",
    "state_iso2": "MA",
    "country": "BRAZIL",
    "country_iso2": "BR",
    "country_iso3": "BRA",
    "country_native": "BRASIL"
  },
  {
    "id": 13060,
    "name": "MATINHA",
    "state": "MARANHÃO",
    "state_iso2": "MA",
    "country": "BRAZIL",
    "country_iso2": "BR",
    "country_iso3": "BRA",
    "country_native": "BRASIL"
  },
  {
    "id": 13078,
    "name": "MATÕES",
    "state": "MARANHÃO",
    "state_iso2": "MA",
    "country": "BRAZIL",
    "country_iso2": "BR",
    "country_iso3": "BRA",
    "country_native": "BRASIL"
  },
  {
    "id": 13079,
    "name": "MATÕES DO NORTE",
    "state": "MARANHÃO",
    "state_iso2": "MA",
    "country": "BRAZIL",
    "country_iso2": "BR",
    "country_iso3": "BRA",
    "country_native": "BRASIL"
  },
  {
    "id": 13116,
    "name": "MILAGRES DO MARANHÃO",
    "state": "MARANHÃO",
    "state_iso2": "MA",
    "country": "BRAZIL",
    "country_iso2": "BR",
    "country_iso3": "BRA",
    "country_native": "BRASIL"
  },
  {
    "id": 13134,
    "name": "MIRADOR",
    "state": "MARANHÃO",
    "state_iso2": "MA",
    "country": "BRAZIL",
    "country_iso2": "BR",
    "country_iso3": "BRA",
    "country_native": "BRASIL"
  },
  {
    "id": 13139,
    "name": "MIRANDA DO NORTE",
    "state": "MARANHÃO",
    "state_iso2": "MA",
    "country": "BRAZIL",
    "country_iso2": "BR",
    "country_iso3": "BRA",
    "country_native": "BRASIL"
  },
  {
    "id": 13156,
    "name": "MIRINZAL",
    "state": "MARANHÃO",
    "state_iso2": "MA",
    "country": "BRAZIL",
    "country_iso2": "BR",
    "country_iso3": "BRA",
    "country_native": "BRASIL"
  },
  {
    "id": 13219,
    "name": "MONTES ALTOS",
    "state": "MARANHÃO",
    "state_iso2": "MA",
    "country": "BRAZIL",
    "country_iso2": "BR",
    "country_iso3": "BRA",
    "country_native": "BRASIL"
  },
  {
    "id": 13225,
    "name": "MONÇÃO",
    "state": "MARANHÃO",
    "state_iso2": "MA",
    "country": "BRAZIL",
    "country_iso2": "BR",
    "country_iso3": "BRA",
    "country_native": "BRASIL"
  },
  {
    "id": 13251,
    "name": "MORROS",
    "state": "MARANHÃO",
    "state_iso2": "MA",
    "country": "BRAZIL",
    "country_iso2": "BR",
    "country_iso3": "BRA",
    "country_native": "BRASIL"
  },
  {
    "id": 13326,
    "name": "NINA RODRIGUES",
    "state": "MARANHÃO",
    "state_iso2": "MA",
    "country": "BRAZIL",
    "country_iso2": "BR",
    "country_iso3": "BRA",
    "country_native": "BRASIL"
  },
  {
    "id": 13369,
    "name": "NOVA COLINAS",
    "state": "MARANHÃO",
    "state_iso2": "MA",
    "country": "BRAZIL",
    "country_iso2": "BR",
    "country_iso3": "BRA",
    "country_native": "BRASIL"
  },
  {
    "id": 13392,
    "name": "NOVA IORQUE",
    "state": "MARANHÃO",
    "state_iso2": "MA",
    "country": "BRAZIL",
    "country_iso2": "BR",
    "country_iso3": "BRA",
    "country_native": "BRASIL"
  },
  {
    "id": 13412,
    "name": "NOVA OLINDA DO MARANHÃO",
    "state": "MARANHÃO",
    "state_iso2": "MA",
    "country": "BRAZIL",
    "country_iso2": "BR",
    "country_iso3": "BRA",
    "country_native": "BRASIL"
  },
  {
    "id": 13496,
    "name": "OLHO D'ÁGUA DAS CUNHÃS",
    "state": "MARANHÃO",
    "state_iso2": "MA",
    "country": "BRAZIL",
    "country_iso2": "BR",
    "country_iso3": "BRA",
    "country_native": "BRASIL"
  },
  {
    "id": 13503,
    "name": "OLINDA NOVA DO MARANHÃO",
    "state": "MARANHÃO",
    "state_iso2": "MA",
    "country": "BRAZIL",
    "country_iso2": "BR",
    "country_iso3": "BRA",
    "country_native": "BRASIL"
  },
  {
    "id": 13601,
    "name": "PALMEIRÂNDIA",
    "state": "MARANHÃO",
    "state_iso2": "MA",
    "country": "BRAZIL",
    "country_iso2": "BR",
    "country_iso3": "BRA",
    "country_native": "BRASIL"
  },
  {
    "id": 13629,
    "name": "PARAIBANO",
    "state": "MARANHÃO",
    "state_iso2": "MA",
    "country": "BRAZIL",
    "country_iso2": "BR",
    "country_iso3": "BRA",
    "country_native": "BRASIL"
  },
  {
    "id": 13681,
    "name": "PARNARAMA",
    "state": "MARANHÃO",
    "state_iso2": "MA",
    "country": "BRAZIL",
    "country_iso2": "BR",
    "country_iso3": "BRA",
    "country_native": "BRASIL"
  },
  {
    "id": 13693,
    "name": "PASSAGEM FRANCA",
    "state": "MARANHÃO",
    "state_iso2": "MA",
    "country": "BRAZIL",
    "country_iso2": "BR",
    "country_iso3": "BRA",
    "country_native": "BRASIL"
  },
  {
    "id": 13702,
    "name": "PASTOS BONS",
    "state": "MARANHÃO",
    "state_iso2": "MA",
    "country": "BRAZIL",
    "country_iso2": "BR",
    "country_iso3": "BRA",
    "country_native": "BRASIL"
  },
  {
    "id": 13724,
    "name": "PAULINO NEVES",
    "state": "MARANHÃO",
    "state_iso2": "MA",
    "country": "BRAZIL",
    "country_iso2": "BR",
    "country_iso3": "BRA",
    "country_native": "BRASIL"
  },
  {
    "id": 13736,
    "name": "PAULO RAMOS",
    "state": "MARANHÃO",
    "state_iso2": "MA",
    "country": "BRAZIL",
    "country_iso2": "BR",
    "country_iso3": "BRA",
    "country_native": "BRASIL"
  },
  {
    "id": 13742,
    "name": "PAÇO DO LUMIAR",
    "state": "MARANHÃO",
    "state_iso2": "MA",
    "country": "BRAZIL",
    "country_iso2": "BR",
    "country_iso3": "BRA",
    "country_native": "BRASIL"
  },
  {
    "id": 13768,
    "name": "PEDREIRAS",
    "state": "MARANHÃO",
    "state_iso2": "MA",
    "country": "BRAZIL",
    "country_iso2": "BR",
    "country_iso3": "BRA",
    "country_native": "BRASIL"
  },
  {
    "id": 13785,
    "name": "PEDRO DO ROSÁRIO",
    "state": "MARANHÃO",
    "state_iso2": "MA",
    "country": "BRAZIL",
    "country_iso2": "BR",
    "country_iso3": "BRA",
    "country_native": "BRASIL"
  },
  {
    "id": 13793,
    "name": "PENALVA",
    "state": "MARANHÃO",
    "state_iso2": "MA",
    "country": "BRAZIL",
    "country_iso2": "BR",
    "country_iso3": "BRA",
    "country_native": "BRASIL"
  },
  {
    "id": 13808,
    "name": "PERI MIRIM",
    "state": "MARANHÃO",
    "state_iso2": "MA",
    "country": "BRAZIL",
    "country_iso2": "BR",
    "country_iso3": "BRA",
    "country_native": "BRASIL"
  },
  {
    "id": 13811,
    "name": "PERITORÓ",
    "state": "MARANHÃO",
    "state_iso2": "MA",
    "country": "BRAZIL",
    "country_iso2": "BR",
    "country_iso3": "BRA",
    "country_native": "BRASIL"
  },
  {
    "id": 13849,
    "name": "PINDARÉ MIRIM",
    "state": "MARANHÃO",
    "state_iso2": "MA",
    "country": "BRAZIL",
    "country_iso2": "BR",
    "country_iso3": "BRA",
    "country_native": "BRASIL"
  },
  {
    "id": 13868,
    "name": "PINHEIRO",
    "state": "MARANHÃO",
    "state_iso2": "MA",
    "country": "BRAZIL",
    "country_iso2": "BR",
    "country_iso3": "BRA",
    "country_native": "BRASIL"
  },
  {
    "id": 13879,
    "name": "PIO XII",
    "state": "MARANHÃO",
    "state_iso2": "MA",
    "country": "BRAZIL",
    "country_iso2": "BR",
    "country_iso3": "BRA",
    "country_native": "BRASIL"
  },
  {
    "id": 13898,
    "name": "PIRAPEMAS",
    "state": "MARANHÃO",
    "state_iso2": "MA",
    "country": "BRAZIL",
    "country_iso2": "BR",
    "country_iso3": "BRA",
    "country_native": "BRASIL"
  },
  {
    "id": 14007,
    "name": "PORTO FRANCO",
    "state": "MARANHÃO",
    "state_iso2": "MA",
    "country": "BRAZIL",
    "country_iso2": "BR",
    "country_iso3": "BRA",
    "country_native": "BRASIL"
  },
  {
    "id": 14016,
    "name": "PORTO RICO DO MARANHÃO",
    "state": "MARANHÃO",
    "state_iso2": "MA",
    "country": "BRAZIL",
    "country_iso2": "BR",
    "country_iso3": "BRA",
    "country_native": "BRASIL"
  },
  {
    "id": 14055,
    "name": "POÇÃO DE PEDRAS",
    "state": "MARANHÃO",
    "state_iso2": "MA",
    "country": "BRAZIL",
    "country_iso2": "BR",
    "country_iso3": "BRA",
    "country_native": "BRASIL"
  },
  {
    "id": 14079,
    "name": "PRESIDENTE DUTRA",
    "state": "MARANHÃO",
    "state_iso2": "MA",
    "country": "BRAZIL",
    "country_iso2": "BR",
    "country_iso3": "BRA",
    "country_native": "BRASIL"
  },
  {
    "id": 14084,
    "name": "PRESIDENTE JUSCELINO",
    "state": "MARANHÃO",
    "state_iso2": "MA",
    "country": "BRAZIL",
    "country_iso2": "BR",
    "country_iso3": "BRA",
    "country_native": "BRASIL"
  },
  {
    "id": 14092,
    "name": "PRESIDENTE MÉDICI",
    "state": "MARANHÃO",
    "state_iso2": "MA",
    "country": "BRAZIL",
    "country_iso2": "BR",
    "country_iso3": "BRA",
    "country_native": "BRASIL"
  },
  {
    "id": 14096,
    "name": "PRESIDENTE SARNEY",
    "state": "MARANHÃO",
    "state_iso2": "MA",
    "country": "BRAZIL",
    "country_iso2": "BR",
    "country_iso3": "BRA",
    "country_native": "BRASIL"
  },
  {
    "id": 14098,
    "name": "PRESIDENTE VARGAS",
    "state": "MARANHÃO",
    "state_iso2": "MA",
    "country": "BRAZIL",
    "country_iso2": "BR",
    "country_iso3": "BRA",
    "country_native": "BRASIL"
  },
  {
    "id": 14104,
    "name": "PRIMEIRA CRUZ",
    "state": "MARANHÃO",
    "state_iso2": "MA",
    "country": "BRAZIL",
    "country_iso2": "BR",
    "country_iso3": "BRA",
    "country_native": "BRASIL"
  },
  {
    "id": 14174,
    "name": "RAPOSA",
    "state": "MARANHÃO",
    "state_iso2": "MA",
    "country": "BRAZIL",
    "country_iso2": "BR",
    "country_iso3": "BRA",
    "country_native": "BRASIL"
  },
  {
    "id": 14220,
    "name": "RIACHÃO",
    "state": "MARANHÃO",
    "state_iso2": "MA",
    "country": "BRAZIL",
    "country_iso2": "BR",
    "country_iso3": "BRA",
    "country_native": "BRASIL"
  },
  {
    "id": 14229,
    "name": "RIBAMAR FIQUENE",
    "state": "MARANHÃO",
    "state_iso2": "MA",
    "country": "BRAZIL",
    "country_iso2": "BR",
    "country_iso3": "BRA",
    "country_native": "BRASIL"
  },
  {
    "id": 14350,
    "name": "ROSÁRIO",
    "state": "MARANHÃO",
    "state_iso2": "MA",
    "country": "BRAZIL",
    "country_iso2": "BR",
    "country_iso3": "BRA",
    "country_native": "BRASIL"
  },
  {
    "id": 14408,
    "name": "SAMBAÍBA",
    "state": "MARANHÃO",
    "state_iso2": "MA",
    "country": "BRAZIL",
    "country_iso2": "BR",
    "country_iso3": "BRA",
    "country_native": "BRASIL"
  },
  {
    "id": 14463,
    "name": "SANTA FILOMENA DO MARANHÃO",
    "state": "MARANHÃO",
    "state_iso2": "MA",
    "country": "BRAZIL",
    "country_iso2": "BR",
    "country_iso3": "BRA",
    "country_native": "BRASIL"
  },
  {
    "id": 14470,
    "name": "SANTA HELENA",
    "state": "MARANHÃO",
    "state_iso2": "MA",
    "country": "BRAZIL",
    "country_iso2": "BR",
    "country_iso3": "BRA",
    "country_native": "BRASIL"
  },
  {
    "id": 14477,
    "name": "SANTA INÊS",
    "state": "MARANHÃO",
    "state_iso2": "MA",
    "country": "BRAZIL",
    "country_iso2": "BR",
    "country_iso3": "BRA",
    "country_native": "BRASIL"
  },
  {
    "id": 14491,
    "name": "SANTA LUZIA",
    "state": "MARANHÃO",
    "state_iso2": "MA",
    "country": "BRAZIL",
    "country_iso2": "BR",
    "country_iso3": "BRA",
    "country_native": "BRASIL"
  },
  {
    "id": 14496,
    "name": "SANTA LUZIA DO PARUÁ",
    "state": "MARANHÃO",
    "state_iso2": "MA",
    "country": "BRAZIL",
    "country_iso2": "BR",
    "country_iso3": "BRA",
    "country_native": "BRASIL"
  },
  {
    "id": 14523,
    "name": "SANTA QUITÉRIA DO MARANHÃO",
    "state": "MARANHÃO",
    "state_iso2": "MA",
    "country": "BRAZIL",
    "country_iso2": "BR",
    "country_iso3": "BRA",
    "country_native": "BRASIL"
  },
  {
    "id": 14524,
    "name": "SANTA RITA",
    "state": "MARANHÃO",
    "state_iso2": "MA",
    "country": "BRAZIL",
    "country_iso2": "BR",
    "country_iso3": "BRA",
    "country_native": "BRASIL"
  },
  {
    "id": 14587,
    "name": "SANTANA DO MARANHÃO",
    "state": "MARANHÃO",
    "state_iso2": "MA",
    "country": "BRAZIL",
    "country_iso2": "BR",
    "country_iso3": "BRA",
    "country_native": "BRASIL"
  },
  {
    "id": 14606,
    "name": "SANTO AMARO DO MARANHÃO",
    "state": "MARANHÃO",
    "state_iso2": "MA",
    "country": "BRAZIL",
    "country_iso2": "BR",
    "country_iso3": "BRA",
    "country_native": "BRASIL"
  },
  {
    "id": 14642,
    "name": "SANTO ANTÔNIO DOS LOPES",
    "state": "MARANHÃO",
    "state_iso2": "MA",
    "country": "BRAZIL",
    "country_iso2": "BR",
    "country_iso3": "BRA",
    "country_native": "BRASIL"
  },
  {
    "id": 14674,
    "name": "SATUBINHA",
    "state": "MARANHÃO",
    "state_iso2": "MA",
    "country": "BRAZIL",
    "country_iso2": "BR",
    "country_iso3": "BRA",
    "country_native": "BRASIL"
  },
  {
    "id": 14693,
    "name": "SENADOR ALEXANDRE COSTA",
    "state": "MARANHÃO",
    "state_iso2": "MA",
    "country": "BRAZIL",
    "country_iso2": "BR",
    "country_iso3": "BRA",
    "country_native": "BRASIL"
  },
  {
    "id": 14703,
    "name": "SENADOR LA ROCQUE",
    "state": "MARANHÃO",
    "state_iso2": "MA",
    "country": "BRAZIL",
    "country_iso2": "BR",
    "country_iso3": "BRA",
    "country_native": "BRASIL"
  },
  {
    "id": 14745,
    "name": "SERRANO DO MARANHÃO",
    "state": "MARANHÃO",
    "state_iso2": "MA",
    "country": "BRAZIL",
    "country_iso2": "BR",
    "country_iso3": "BRA",
    "country_native": "BRASIL"
  },
  {
    "id": 14818,
    "name": "SUCUPIRA DO NORTE",
    "state": "MARANHÃO",
    "state_iso2": "MA",
    "country": "BRAZIL",
    "country_iso2": "BR",
    "country_iso3": "BRA",
    "country_native": "BRASIL"
  },
  {
    "id": 14819,
    "name": "SUCUPIRA DO RIACHÃO",
    "state": "MARANHÃO",
    "state_iso2": "MA",
    "country": "BRAZIL",
    "country_iso2": "BR",
    "country_iso3": "BRA",
    "country_native": "BRASIL"
  },
  {
    "id": 14832,
    "name": "SÃO BENEDITO DO RIO PRETO",
    "state": "MARANHÃO",
    "state_iso2": "MA",
    "country": "BRAZIL",
    "country_iso2": "BR",
    "country_iso3": "BRA",
    "country_native": "BRASIL"
  },
  {
    "id": 14835,
    "name": "SÃO BENTO",
    "state": "MARANHÃO",
    "state_iso2": "MA",
    "country": "BRAZIL",
    "country_iso2": "BR",
    "country_iso3": "BRA",
    "country_native": "BRASIL"
  },
  {
    "id": 14845,
    "name": "SÃO BERNARDO",
    "state": "MARANHÃO",
    "state_iso2": "MA",
    "country": "BRAZIL",
    "country_iso2": "BR",
    "country_iso3": "BRA",
    "country_native": "BRASIL"
  },
  {
    "id": 14868,
    "name": "SÃO DOMINGOS DO AZEITÃO",
    "state": "MARANHÃO",
    "state_iso2": "MA",
    "country": "BRAZIL",
    "country_iso2": "BR",
    "country_iso3": "BRA",
    "country_native": "BRASIL"
  },
  {
    "id": 14871,
    "name": "SÃO DOMINGOS DO MARANHÃO",
    "state": "MARANHÃO",
    "state_iso2": "MA",
    "country": "BRAZIL",
    "country_iso2": "BR",
    "country_iso3": "BRA",
    "country_native": "BRASIL"
  },
  {
    "id": 14890,
    "name": "SÃO FRANCISCO DO BREJÃO",
    "state": "MARANHÃO",
    "state_iso2": "MA",
    "country": "BRAZIL",
    "country_iso2": "BR",
    "country_iso3": "BRA",
    "country_native": "BRASIL"
  },
  {
    "id": 14894,
    "name": "SÃO FRANCISCO DO MARANHÃO",
    "state": "MARANHÃO",
    "state_iso2": "MA",
    "country": "BRAZIL",
    "country_iso2": "BR",
    "country_iso3": "BRA",
    "country_native": "BRASIL"
  },
  {
    "id": 14900,
    "name": "SÃO FÉLIX DE BALSAS",
    "state": "MARANHÃO",
    "state_iso2": "MA",
    "country": "BRAZIL",
    "country_iso2": "BR",
    "country_iso3": "BRA",
    "country_native": "BRASIL"
  },
  {
    "id": 14957,
    "name": "SÃO JOSÉ DE RIBAMAR",
    "state": "MARANHÃO",
    "state_iso2": "MA",
    "country": "BRAZIL",
    "country_iso2": "BR",
    "country_iso3": "BRA",
    "country_native": "BRASIL"
  },
  {
    "id": 14992,
    "name": "SÃO JOSÉ DOS BASÍLIOS",
    "state": "MARANHÃO",
    "state_iso2": "MA",
    "country": "BRAZIL",
    "country_iso2": "BR",
    "country_iso3": "BRA",
    "country_native": "BRASIL"
  },
  {
    "id": 15000,
    "name": "SÃO JOÃO BATISTA",
    "state": "MARANHÃO",
    "state_iso2": "MA",
    "country": "BRAZIL",
    "country_iso2": "BR",
    "country_iso3": "BRA",
    "country_native": "BRASIL"
  },
  {
    "id": 15028,
    "name": "SÃO JOÃO DO CARÚ",
    "state": "MARANHÃO",
    "state_iso2": "MA",
    "country": "BRAZIL",
    "country_iso2": "BR",
    "country_iso3": "BRA",
    "country_native": "BRASIL"
  },
  {
    "id": 15037,
    "name": "SÃO JOÃO DO PARAÍSO",
    "state": "MARANHÃO",
    "state_iso2": "MA",
    "country": "BRAZIL",
    "country_iso2": "BR",
    "country_iso3": "BRA",
    "country_native": "BRASIL"
  },
  {
    "id": 15044,
    "name": "SÃO JOÃO DO SOTER",
    "state": "MARANHÃO",
    "state_iso2": "MA",
    "country": "BRAZIL",
    "country_iso2": "BR",
    "country_iso3": "BRA",
    "country_native": "BRASIL"
  },
  {
    "id": 15049,
    "name": "SÃO JOÃO DOS PATOS",
    "state": "MARANHÃO",
    "state_iso2": "MA",
    "country": "BRAZIL",
    "country_iso2": "BR",
    "country_iso3": "BRA",
    "country_native": "BRASIL"
  },
  {
    "id": 15063,
    "name": "SÃO LUÍS",
    "state": "MARANHÃO",
    "state_iso2": "MA",
    "country": "BRAZIL",
    "country_iso2": "BR",
    "country_iso3": "BRA",
    "country_native": "BRASIL"
  },
  {
    "id": 15064,
    "name": "SÃO LUÍS GONZAGA DO MARANHÃO",
    "state": "MARANHÃO",
    "state_iso2": "MA",
    "country": "BRAZIL",
    "country_iso2": "BR",
    "country_iso3": "BRA",
    "country_native": "BRASIL"
  },
  {
    "id": 15076,
    "name": "SÃO MATEUS DO MARANHÃO",
    "state": "MARANHÃO",
    "state_iso2": "MA",
    "country": "BRAZIL",
    "country_iso2": "BR",
    "country_iso3": "BRA",
    "country_native": "BRASIL"
  },
  {
    "id": 15112,
    "name": "SÃO PEDRO DA ÁGUA BRANCA",
    "state": "MARANHÃO",
    "state_iso2": "MA",
    "country": "BRAZIL",
    "country_iso2": "BR",
    "country_iso3": "BRA",
    "country_native": "BRASIL"
  },
  {
    "id": 15123,
    "name": "SÃO PEDRO DOS CRENTES",
    "state": "MARANHÃO",
    "state_iso2": "MA",
    "country": "BRAZIL",
    "country_iso2": "BR",
    "country_iso3": "BRA",
    "country_native": "BRASIL"
  },
  {
    "id": 15127,
    "name": "SÃO RAIMUNDO DAS MANGABEIRAS",
    "state": "MARANHÃO",
    "state_iso2": "MA",
    "country": "BRAZIL",
    "country_iso2": "BR",
    "country_iso3": "BRA",
    "country_native": "BRASIL"
  },
  {
    "id": 15128,
    "name": "SÃO RAIMUNDO DO DOCA BEZERRA",
    "state": "MARANHÃO",
    "state_iso2": "MA",
    "country": "BRAZIL",
    "country_iso2": "BR",
    "country_iso3": "BRA",
    "country_native": "BRASIL"
  },
  {
    "id": 15129,
    "name": "SÃO ROBERTO",
    "state": "MARANHÃO",
    "state_iso2": "MA",
    "country": "BRAZIL",
    "country_iso2": "BR",
    "country_iso3": "BRA",
    "country_native": "BRASIL"
  },
  {
    "id": 15170,
    "name": "SÃO VICENTE FERRER",
    "state": "MARANHÃO",
    "state_iso2": "MA",
    "country": "BRAZIL",
    "country_iso2": "BR",
    "country_iso3": "BRA",
    "country_native": "BRASIL"
  },
  {
    "id": 15176,
    "name": "SÍTIO NOVO",
    "state": "MARANHÃO",
    "state_iso2": "MA",
    "country": "BRAZIL",
    "country_iso2": "BR",
    "country_iso3": "BRA",
    "country_native": "BRASIL"
  },
  {
    "id": 15258,
    "name": "TASSO FRAGOSO",
    "state": "MARANHÃO",
    "state_iso2": "MA",
    "country": "BRAZIL",
    "country_iso2": "BR",
    "country_iso3": "BRA",
    "country_native": "BRASIL"
  },
  {
    "id": 15313,
    "name": "TIMBIRAS",
    "state": "MARANHÃO",
    "state_iso2": "MA",
    "country": "BRAZIL",
    "country_iso2": "BR",
    "country_iso3": "BRA",
    "country_native": "BRASIL"
  },
  {
    "id": 15318,
    "name": "TIMON",
    "state": "MARANHÃO",
    "state_iso2": "MA",
    "country": "BRAZIL",
    "country_iso2": "BR",
    "country_iso3": "BRA",
    "country_native": "BRASIL"
  },
  {
    "id": 15366,
    "name": "TRIZIDELA DO VALE",
    "state": "MARANHÃO",
    "state_iso2": "MA",
    "country": "BRAZIL",
    "country_iso2": "BR",
    "country_iso3": "BRA",
    "country_native": "BRASIL"
  },
  {
    "id": 15390,
    "name": "TUFILÂNDIA",
    "state": "MARANHÃO",
    "state_iso2": "MA",
    "country": "BRAZIL",
    "country_iso2": "BR",
    "country_iso3": "BRA",
    "country_native": "BRASIL"
  },
  {
    "id": 15396,
    "name": "TUNTUM",
    "state": "MARANHÃO",
    "state_iso2": "MA",
    "country": "BRAZIL",
    "country_iso2": "BR",
    "country_iso3": "BRA",
    "country_native": "BRASIL"
  },
  {
    "id": 15410,
    "name": "TURIAÇU",
    "state": "MARANHÃO",
    "state_iso2": "MA",
    "country": "BRAZIL",
    "country_iso2": "BR",
    "country_iso3": "BRA",
    "country_native": "BRASIL"
  },
  {
    "id": 15411,
    "name": "TURILÂNDIA",
    "state": "MARANHÃO",
    "state_iso2": "MA",
    "country": "BRAZIL",
    "country_iso2": "BR",
    "country_iso3": "BRA",
    "country_native": "BRASIL"
  },
  {
    "id": 15422,
    "name": "TUTÓIA",
    "state": "MARANHÃO",
    "state_iso2": "MA",
    "country": "BRAZIL",
    "country_iso2": "BR",
    "country_iso3": "BRA",
    "country_native": "BRASIL"
  },
  {
    "id": 15467,
    "name": "URBANO SANTOS",
    "state": "MARANHÃO",
    "state_iso2": "MA",
    "country": "BRAZIL",
    "country_iso2": "BR",
    "country_iso3": "BRA",
    "country_native": "BRASIL"
  },
  {
    "id": 15512,
    "name": "VARGEM GRANDE",
    "state": "MARANHÃO",
    "state_iso2": "MA",
    "country": "BRAZIL",
    "country_iso2": "BR",
    "country_iso3": "BRA",
    "country_native": "BRASIL"
  },
  {
    "id": 15552,
    "name": "VIANA",
    "state": "MARANHÃO",
    "state_iso2": "MA",
    "country": "BRAZIL",
    "country_iso2": "BR",
    "country_iso3": "BRA",
    "country_native": "BRASIL"
  },
  {
    "id": 15573,
    "name": "VILA NOVA DOS MARTÍRIOS",
    "state": "MARANHÃO",
    "state_iso2": "MA",
    "country": "BRAZIL",
    "country_iso2": "BR",
    "country_iso3": "BRA",
    "country_native": "BRASIL"
  },
  {
    "id": 15596,
    "name": "VITORINO FREIRE",
    "state": "MARANHÃO",
    "state_iso2": "MA",
    "country": "BRAZIL",
    "country_iso2": "BR",
    "country_iso3": "BRA",
    "country_native": "BRASIL"
  },
  {
    "id": 15603,
    "name": "VITÓRIA DO MEARIM",
    "state": "MARANHÃO",
    "state_iso2": "MA",
    "country": "BRAZIL",
    "country_iso2": "BR",
    "country_iso3": "BRA",
    "country_native": "BRASIL"
  },
  {
    "id": 15647,
    "name": "ZÉ DOCA",
    "state": "MARANHÃO",
    "state_iso2": "MA",
    "country": "BRAZIL",
    "country_iso2": "BR",
    "country_iso3": "BRA",
    "country_native": "BRASIL"
  },
  {
    "id": 15657,
    "name": "ÁGUA DOCE DO MARANHÃO",
    "state": "MARANHÃO",
    "state_iso2": "MA",
    "country": "BRAZIL",
    "country_iso2": "BR",
    "country_iso3": "BRA",
    "country_native": "BRASIL"
  }
]