[
  {
    "id": 80575,
    "name": "BELLAVISTA",
    "state": "SAN MARTÍN",
    "state_iso2": "SAM",
    "country": "PERU",
    "country_iso2": "PE",
    "country_iso3": "PER",
    "country_native": "PERÚ"
  },
  {
    "id": 80606,
    "name": "CHAZUTA",
    "state": "SAN MARTÍN",
    "state_iso2": "SAM",
    "country": "PERU",
    "country_iso2": "PE",
    "country_iso3": "PER",
    "country_native": "PERÚ"
  },
  {
    "id": 80640,
    "name": "EL DORADO",
    "state": "SAN MARTÍN",
    "state_iso2": "SAM",
    "country": "PERU",
    "country_iso2": "PE",
    "country_iso3": "PER",
    "country_native": "PERÚ"
  },
  {
    "id": 80664,
    "name": "HUICUNGO",
    "state": "SAN MARTÍN",
    "state_iso2": "SAM",
    "country": "PERU",
    "country_iso2": "PE",
    "country_iso3": "PER",
    "country_native": "PERÚ"
  },
  {
    "id": 80679,
    "name": "JEPELACIO",
    "state": "SAN MARTÍN",
    "state_iso2": "SAM",
    "country": "PERU",
    "country_iso2": "PE",
    "country_iso3": "PER",
    "country_native": "PERÚ"
  },
  {
    "id": 80681,
    "name": "JUANJUÍ",
    "state": "SAN MARTÍN",
    "state_iso2": "SAM",
    "country": "PERU",
    "country_iso2": "PE",
    "country_iso3": "PER",
    "country_native": "PERÚ"
  },
  {
    "id": 80693,
    "name": "LAMAS",
    "state": "SAN MARTÍN",
    "state_iso2": "SAM",
    "country": "PERU",
    "country_iso2": "PE",
    "country_iso3": "PER",
    "country_native": "PERÚ"
  },
  {
    "id": 80726,
    "name": "MOYOBAMBA",
    "state": "SAN MARTÍN",
    "state_iso2": "SAM",
    "country": "PERU",
    "country_iso2": "PE",
    "country_iso3": "PER",
    "country_native": "PERÚ"
  },
  {
    "id": 80759,
    "name": "PICOTA",
    "state": "SAN MARTÍN",
    "state_iso2": "SAM",
    "country": "PERU",
    "country_iso2": "PE",
    "country_iso3": "PER",
    "country_native": "PERÚ"
  },
  {
    "id": 80827,
    "name": "PROVINCIA DE HUALLAGA",
    "state": "SAN MARTÍN",
    "state_iso2": "SAM",
    "country": "PERU",
    "country_iso2": "PE",
    "country_iso3": "PER",
    "country_native": "PERÚ"
  },
  {
    "id": 80852,
    "name": "PROVINCIA DE LAMAS",
    "state": "SAN MARTÍN",
    "state_iso2": "SAM",
    "country": "PERU",
    "country_iso2": "PE",
    "country_iso3": "PER",
    "country_native": "PERÚ"
  },
  {
    "id": 80860,
    "name": "PROVINCIA DE MARISCAL CÁCERES",
    "state": "SAN MARTÍN",
    "state_iso2": "SAM",
    "country": "PERU",
    "country_iso2": "PE",
    "country_iso3": "PER",
    "country_native": "PERÚ"
  },
  {
    "id": 80864,
    "name": "PROVINCIA DE MOYOBAMBA",
    "state": "SAN MARTÍN",
    "state_iso2": "SAM",
    "country": "PERU",
    "country_iso2": "PE",
    "country_iso3": "PER",
    "country_native": "PERÚ"
  },
  {
    "id": 80884,
    "name": "PROVINCIA DE RIOJA",
    "state": "SAN MARTÍN",
    "state_iso2": "SAM",
    "country": "PERU",
    "country_iso2": "PE",
    "country_iso3": "PER",
    "country_native": "PERÚ"
  },
  {
    "id": 80887,
    "name": "PROVINCIA DE SAN MARTÍN",
    "state": "SAN MARTÍN",
    "state_iso2": "SAM",
    "country": "PERU",
    "country_iso2": "PE",
    "country_iso3": "PER",
    "country_native": "PERÚ"
  },
  {
    "id": 80934,
    "name": "RIOJA",
    "state": "SAN MARTÍN",
    "state_iso2": "SAM",
    "country": "PERU",
    "country_iso2": "PE",
    "country_iso3": "PER",
    "country_native": "PERÚ"
  },
  {
    "id": 80969,
    "name": "SAPOSOA",
    "state": "SAN MARTÍN",
    "state_iso2": "SAM",
    "country": "PERU",
    "country_iso2": "PE",
    "country_iso3": "PER",
    "country_native": "PERÚ"
  },
  {
    "id": 80976,
    "name": "SISA",
    "state": "SAN MARTÍN",
    "state_iso2": "SAM",
    "country": "PERU",
    "country_iso2": "PE",
    "country_iso3": "PER",
    "country_native": "PERÚ"
  },
  {
    "id": 80977,
    "name": "SORITOR",
    "state": "SAN MARTÍN",
    "state_iso2": "SAM",
    "country": "PERU",
    "country_iso2": "PE",
    "country_iso3": "PER",
    "country_native": "PERÚ"
  },
  {
    "id": 80981,
    "name": "TABALOSOS",
    "state": "SAN MARTÍN",
    "state_iso2": "SAM",
    "country": "PERU",
    "country_iso2": "PE",
    "country_iso3": "PER",
    "country_native": "PERÚ"
  },
  {
    "id": 80989,
    "name": "TARAPOTO",
    "state": "SAN MARTÍN",
    "state_iso2": "SAM",
    "country": "PERU",
    "country_iso2": "PE",
    "country_iso3": "PER",
    "country_native": "PERÚ"
  },
  {
    "id": 80995,
    "name": "TOCACHE",
    "state": "SAN MARTÍN",
    "state_iso2": "SAM",
    "country": "PERU",
    "country_iso2": "PE",
    "country_iso3": "PER",
    "country_native": "PERÚ"
  },
  {
    "id": 81002,
    "name": "UCHIZA",
    "state": "SAN MARTÍN",
    "state_iso2": "SAM",
    "country": "PERU",
    "country_iso2": "PE",
    "country_iso3": "PER",
    "country_native": "PERÚ"
  }
]