[
  {
    "id": 111155,
    "name": "ALEXANDRIA",
    "state": "NEW HAMPSHIRE",
    "state_iso2": "NH",
    "country": "UNITED STATES",
    "country_iso2": "US",
    "country_iso3": "USA",
    "country_native": "UNITED STATES"
  },
  {
    "id": 111228,
    "name": "ALSTEAD",
    "state": "NEW HAMPSHIRE",
    "state_iso2": "NH",
    "country": "UNITED STATES",
    "country_iso2": "US",
    "country_iso3": "USA",
    "country_native": "UNITED STATES"
  },
  {
    "id": 111326,
    "name": "ANDOVER",
    "state": "NEW HAMPSHIRE",
    "state_iso2": "NH",
    "country": "UNITED STATES",
    "country_iso2": "US",
    "country_iso3": "USA",
    "country_native": "UNITED STATES"
  },
  {
    "id": 111376,
    "name": "ANTRIM",
    "state": "NEW HAMPSHIRE",
    "state_iso2": "NH",
    "country": "UNITED STATES",
    "country_iso2": "US",
    "country_iso3": "USA",
    "country_native": "UNITED STATES"
  },
  {
    "id": 111535,
    "name": "ASHLAND",
    "state": "NEW HAMPSHIRE",
    "state_iso2": "NH",
    "country": "UNITED STATES",
    "country_iso2": "US",
    "country_iso3": "USA",
    "country_native": "UNITED STATES"
  },
  {
    "id": 111587,
    "name": "ATKINSON",
    "state": "NEW HAMPSHIRE",
    "state_iso2": "NH",
    "country": "UNITED STATES",
    "country_iso2": "US",
    "country_iso3": "USA",
    "country_native": "UNITED STATES"
  },
  {
    "id": 111629,
    "name": "AUBURN",
    "state": "NEW HAMPSHIRE",
    "state_iso2": "NH",
    "country": "UNITED STATES",
    "country_iso2": "US",
    "country_iso3": "USA",
    "country_native": "UNITED STATES"
  },
  {
    "id": 111836,
    "name": "BARNSTEAD",
    "state": "NEW HAMPSHIRE",
    "state_iso2": "NH",
    "country": "UNITED STATES",
    "country_iso2": "US",
    "country_iso3": "USA",
    "country_native": "UNITED STATES"
  },
  {
    "id": 111847,
    "name": "BARRINGTON",
    "state": "NEW HAMPSHIRE",
    "state_iso2": "NH",
    "country": "UNITED STATES",
    "country_iso2": "US",
    "country_iso3": "USA",
    "country_native": "UNITED STATES"
  },
  {
    "id": 112024,
    "name": "BEDFORD",
    "state": "NEW HAMPSHIRE",
    "state_iso2": "NH",
    "country": "UNITED STATES",
    "country_iso2": "US",
    "country_iso3": "USA",
    "country_native": "UNITED STATES"
  },
  {
    "id": 112065,
    "name": "BELKNAP",
    "state": "NEW HAMPSHIRE",
    "state_iso2": "NH",
    "country": "UNITED STATES",
    "country_iso2": "US",
    "country_iso3": "USA",
    "country_native": "UNITED STATES"
  },
  {
    "id": 112139,
    "name": "BELMONT",
    "state": "NEW HAMPSHIRE",
    "state_iso2": "NH",
    "country": "UNITED STATES",
    "country_iso2": "US",
    "country_iso3": "USA",
    "country_native": "UNITED STATES"
  },
  {
    "id": 112238,
    "name": "BERLIN",
    "state": "NEW HAMPSHIRE",
    "state_iso2": "NH",
    "country": "UNITED STATES",
    "country_iso2": "US",
    "country_iso3": "USA",
    "country_native": "UNITED STATES"
  },
  {
    "id": 112582,
    "name": "BOSCAWEN",
    "state": "NEW HAMPSHIRE",
    "state_iso2": "NH",
    "country": "UNITED STATES",
    "country_iso2": "US",
    "country_iso3": "USA",
    "country_native": "UNITED STATES"
  },
  {
    "id": 112620,
    "name": "BOW BOG",
    "state": "NEW HAMPSHIRE",
    "state_iso2": "NH",
    "country": "UNITED STATES",
    "country_iso2": "US",
    "country_iso3": "USA",
    "country_native": "UNITED STATES"
  },
  {
    "id": 112730,
    "name": "BRENTWOOD",
    "state": "NEW HAMPSHIRE",
    "state_iso2": "NH",
    "country": "UNITED STATES",
    "country_iso2": "US",
    "country_iso3": "USA",
    "country_native": "UNITED STATES"
  },
  {
    "id": 112776,
    "name": "BRIDGEWATER",
    "state": "NEW HAMPSHIRE",
    "state_iso2": "NH",
    "country": "UNITED STATES",
    "country_iso2": "US",
    "country_iso3": "USA",
    "country_native": "UNITED STATES"
  },
  {
    "id": 112807,
    "name": "BRISTOL",
    "state": "NEW HAMPSHIRE",
    "state_iso2": "NH",
    "country": "UNITED STATES",
    "country_iso2": "US",
    "country_iso3": "USA",
    "country_native": "UNITED STATES"
  },
  {
    "id": 112868,
    "name": "BROOKLINE",
    "state": "NEW HAMPSHIRE",
    "state_iso2": "NH",
    "country": "UNITED STATES",
    "country_iso2": "US",
    "country_iso3": "USA",
    "country_native": "UNITED STATES"
  },
  {
    "id": 113323,
    "name": "CANDIA",
    "state": "NEW HAMPSHIRE",
    "state_iso2": "NH",
    "country": "UNITED STATES",
    "country_iso2": "US",
    "country_iso3": "USA",
    "country_native": "UNITED STATES"
  },
  {
    "id": 113337,
    "name": "CANTERBURY",
    "state": "NEW HAMPSHIRE",
    "state_iso2": "NH",
    "country": "UNITED STATES",
    "country_iso2": "US",
    "country_iso3": "USA",
    "country_native": "UNITED STATES"
  },
  {
    "id": 113461,
    "name": "CARROLL COUNTY",
    "state": "NEW HAMPSHIRE",
    "state_iso2": "NH",
    "country": "UNITED STATES",
    "country_iso2": "US",
    "country_iso3": "USA",
    "country_native": "UNITED STATES"
  },
  {
    "id": 113642,
    "name": "CENTER HARBOR",
    "state": "NEW HAMPSHIRE",
    "state_iso2": "NH",
    "country": "UNITED STATES",
    "country_iso2": "US",
    "country_iso3": "USA",
    "country_native": "UNITED STATES"
  },
  {
    "id": 113772,
    "name": "CHARLESTOWN",
    "state": "NEW HAMPSHIRE",
    "state_iso2": "NH",
    "country": "UNITED STATES",
    "country_iso2": "US",
    "country_iso3": "USA",
    "country_native": "UNITED STATES"
  },
  {
    "id": 113878,
    "name": "CHESHIRE",
    "state": "NEW HAMPSHIRE",
    "state_iso2": "NH",
    "country": "UNITED STATES",
    "country_iso2": "US",
    "country_iso3": "USA",
    "country_native": "UNITED STATES"
  },
  {
    "id": 113887,
    "name": "CHESTER",
    "state": "NEW HAMPSHIRE",
    "state_iso2": "NH",
    "country": "UNITED STATES",
    "country_iso2": "US",
    "country_iso3": "USA",
    "country_native": "UNITED STATES"
  },
  {
    "id": 113905,
    "name": "CHESTERFIELD",
    "state": "NEW HAMPSHIRE",
    "state_iso2": "NH",
    "country": "UNITED STATES",
    "country_iso2": "US",
    "country_iso3": "USA",
    "country_native": "UNITED STATES"
  },
  {
    "id": 113936,
    "name": "CHICHESTER",
    "state": "NEW HAMPSHIRE",
    "state_iso2": "NH",
    "country": "UNITED STATES",
    "country_iso2": "US",
    "country_iso3": "USA",
    "country_native": "UNITED STATES"
  },
  {
    "id": 114105,
    "name": "CLAREMONT",
    "state": "NEW HAMPSHIRE",
    "state_iso2": "NH",
    "country": "UNITED STATES",
    "country_iso2": "US",
    "country_iso3": "USA",
    "country_native": "UNITED STATES"
  },
  {
    "id": 114397,
    "name": "COLEBROOK",
    "state": "NEW HAMPSHIRE",
    "state_iso2": "NH",
    "country": "UNITED STATES",
    "country_iso2": "US",
    "country_iso3": "USA",
    "country_native": "UNITED STATES"
  },
  {
    "id": 114541,
    "name": "CONCORD",
    "state": "NEW HAMPSHIRE",
    "state_iso2": "NH",
    "country": "UNITED STATES",
    "country_iso2": "US",
    "country_iso3": "USA",
    "country_native": "UNITED STATES"
  },
  {
    "id": 114574,
    "name": "CONTOOCOOK",
    "state": "NEW HAMPSHIRE",
    "state_iso2": "NH",
    "country": "UNITED STATES",
    "country_iso2": "US",
    "country_iso3": "USA",
    "country_native": "UNITED STATES"
  },
  {
    "id": 114585,
    "name": "CONWAY",
    "state": "NEW HAMPSHIRE",
    "state_iso2": "NH",
    "country": "UNITED STATES",
    "country_iso2": "US",
    "country_iso3": "USA",
    "country_native": "UNITED STATES"
  },
  {
    "id": 114611,
    "name": "COOS",
    "state": "NEW HAMPSHIRE",
    "state_iso2": "NH",
    "country": "UNITED STATES",
    "country_iso2": "US",
    "country_iso3": "USA",
    "country_native": "UNITED STATES"
  },
  {
    "id": 115016,
    "name": "DANBURY",
    "state": "NEW HAMPSHIRE",
    "state_iso2": "NH",
    "country": "UNITED STATES",
    "country_iso2": "US",
    "country_iso3": "USA",
    "country_native": "UNITED STATES"
  },
  {
    "id": 115036,
    "name": "DANVILLE",
    "state": "NEW HAMPSHIRE",
    "state_iso2": "NH",
    "country": "UNITED STATES",
    "country_iso2": "US",
    "country_iso3": "USA",
    "country_native": "UNITED STATES"
  },
  {
    "id": 115182,
    "name": "DEERFIELD",
    "state": "NEW HAMPSHIRE",
    "state_iso2": "NH",
    "country": "UNITED STATES",
    "country_iso2": "US",
    "country_iso3": "USA",
    "country_native": "UNITED STATES"
  },
  {
    "id": 115185,
    "name": "DEERING",
    "state": "NEW HAMPSHIRE",
    "state_iso2": "NH",
    "country": "UNITED STATES",
    "country_iso2": "US",
    "country_iso3": "USA",
    "country_native": "UNITED STATES"
  },
  {
    "id": 115265,
    "name": "DERRY",
    "state": "NEW HAMPSHIRE",
    "state_iso2": "NH",
    "country": "UNITED STATES",
    "country_iso2": "US",
    "country_iso3": "USA",
    "country_native": "UNITED STATES"
  },
  {
    "id": 115450,
    "name": "DOVER",
    "state": "NEW HAMPSHIRE",
    "state_iso2": "NH",
    "country": "UNITED STATES",
    "country_iso2": "US",
    "country_iso3": "USA",
    "country_native": "UNITED STATES"
  },
  {
    "id": 115494,
    "name": "DUBLIN",
    "state": "NEW HAMPSHIRE",
    "state_iso2": "NH",
    "country": "UNITED STATES",
    "country_iso2": "US",
    "country_iso3": "USA",
    "country_native": "UNITED STATES"
  },
  {
    "id": 115571,
    "name": "DURHAM",
    "state": "NEW HAMPSHIRE",
    "state_iso2": "NH",
    "country": "UNITED STATES",
    "country_iso2": "US",
    "country_iso3": "USA",
    "country_native": "UNITED STATES"
  },
  {
    "id": 115647,
    "name": "EAST CONCORD",
    "state": "NEW HAMPSHIRE",
    "state_iso2": "NH",
    "country": "UNITED STATES",
    "country_iso2": "US",
    "country_iso3": "USA",
    "country_native": "UNITED STATES"
  },
  {
    "id": 115698,
    "name": "EAST KINGSTON",
    "state": "NEW HAMPSHIRE",
    "state_iso2": "NH",
    "country": "UNITED STATES",
    "country_iso2": "US",
    "country_iso3": "USA",
    "country_native": "UNITED STATES"
  },
  {
    "id": 115711,
    "name": "EAST MERRIMACK",
    "state": "NEW HAMPSHIRE",
    "state_iso2": "NH",
    "country": "UNITED STATES",
    "country_iso2": "US",
    "country_iso3": "USA",
    "country_native": "UNITED STATES"
  },
  {
    "id": 115897,
    "name": "EFFINGHAM",
    "state": "NEW HAMPSHIRE",
    "state_iso2": "NH",
    "country": "UNITED STATES",
    "country_iso2": "US",
    "country_iso3": "USA",
    "country_native": "UNITED STATES"
  },
  {
    "id": 116127,
    "name": "ENFIELD",
    "state": "NEW HAMPSHIRE",
    "state_iso2": "NH",
    "country": "UNITED STATES",
    "country_iso2": "US",
    "country_iso3": "USA",
    "country_native": "UNITED STATES"
  },
  {
    "id": 116157,
    "name": "EPPING",
    "state": "NEW HAMPSHIRE",
    "state_iso2": "NH",
    "country": "UNITED STATES",
    "country_iso2": "US",
    "country_iso3": "USA",
    "country_native": "UNITED STATES"
  },
  {
    "id": 116158,
    "name": "EPSOM",
    "state": "NEW HAMPSHIRE",
    "state_iso2": "NH",
    "country": "UNITED STATES",
    "country_iso2": "US",
    "country_iso3": "USA",
    "country_native": "UNITED STATES"
  },
  {
    "id": 116271,
    "name": "EXETER",
    "state": "NEW HAMPSHIRE",
    "state_iso2": "NH",
    "country": "UNITED STATES",
    "country_iso2": "US",
    "country_iso3": "USA",
    "country_native": "UNITED STATES"
  },
  {
    "id": 116420,
    "name": "FARMINGTON",
    "state": "NEW HAMPSHIRE",
    "state_iso2": "NH",
    "country": "UNITED STATES",
    "country_iso2": "US",
    "country_iso3": "USA",
    "country_native": "UNITED STATES"
  },
  {
    "id": 116537,
    "name": "FITZWILLIAM",
    "state": "NEW HAMPSHIRE",
    "state_iso2": "NH",
    "country": "UNITED STATES",
    "country_iso2": "US",
    "country_iso3": "USA",
    "country_native": "UNITED STATES"
  },
  {
    "id": 116813,
    "name": "FRANCESTOWN",
    "state": "NEW HAMPSHIRE",
    "state_iso2": "NH",
    "country": "UNITED STATES",
    "country_iso2": "US",
    "country_iso3": "USA",
    "country_native": "UNITED STATES"
  },
  {
    "id": 116837,
    "name": "FRANKLIN",
    "state": "NEW HAMPSHIRE",
    "state_iso2": "NH",
    "country": "UNITED STATES",
    "country_iso2": "US",
    "country_iso3": "USA",
    "country_native": "UNITED STATES"
  },
  {
    "id": 116901,
    "name": "FREEDOM",
    "state": "NEW HAMPSHIRE",
    "state_iso2": "NH",
    "country": "UNITED STATES",
    "country_iso2": "US",
    "country_iso3": "USA",
    "country_native": "UNITED STATES"
  },
  {
    "id": 116922,
    "name": "FREMONT",
    "state": "NEW HAMPSHIRE",
    "state_iso2": "NH",
    "country": "UNITED STATES",
    "country_iso2": "US",
    "country_iso3": "USA",
    "country_native": "UNITED STATES"
  },
  {
    "id": 117212,
    "name": "GILFORD",
    "state": "NEW HAMPSHIRE",
    "state_iso2": "NH",
    "country": "UNITED STATES",
    "country_iso2": "US",
    "country_iso3": "USA",
    "country_native": "UNITED STATES"
  },
  {
    "id": 117220,
    "name": "GILMANTON",
    "state": "NEW HAMPSHIRE",
    "state_iso2": "NH",
    "country": "UNITED STATES",
    "country_iso2": "US",
    "country_iso3": "USA",
    "country_native": "UNITED STATES"
  },
  {
    "id": 117336,
    "name": "GOFFSTOWN",
    "state": "NEW HAMPSHIRE",
    "state_iso2": "NH",
    "country": "UNITED STATES",
    "country_iso2": "US",
    "country_iso3": "USA",
    "country_native": "UNITED STATES"
  },
  {
    "id": 117404,
    "name": "GORHAM",
    "state": "NEW HAMPSHIRE",
    "state_iso2": "NH",
    "country": "UNITED STATES",
    "country_iso2": "US",
    "country_iso3": "USA",
    "country_native": "UNITED STATES"
  },
  {
    "id": 117430,
    "name": "GRAFTON",
    "state": "NEW HAMPSHIRE",
    "state_iso2": "NH",
    "country": "UNITED STATES",
    "country_iso2": "US",
    "country_iso3": "USA",
    "country_native": "UNITED STATES"
  },
  {
    "id": 117433,
    "name": "GRAFTON COUNTY",
    "state": "NEW HAMPSHIRE",
    "state_iso2": "NH",
    "country": "UNITED STATES",
    "country_iso2": "US",
    "country_iso3": "USA",
    "country_native": "UNITED STATES"
  },
  {
    "id": 117525,
    "name": "GRANTHAM",
    "state": "NEW HAMPSHIRE",
    "state_iso2": "NH",
    "country": "UNITED STATES",
    "country_iso2": "US",
    "country_iso3": "USA",
    "country_native": "UNITED STATES"
  },
  {
    "id": 117652,
    "name": "GREENFIELD",
    "state": "NEW HAMPSHIRE",
    "state_iso2": "NH",
    "country": "UNITED STATES",
    "country_iso2": "US",
    "country_iso3": "USA",
    "country_native": "UNITED STATES"
  },
  {
    "id": 117657,
    "name": "GREENLAND",
    "state": "NEW HAMPSHIRE",
    "state_iso2": "NH",
    "country": "UNITED STATES",
    "country_iso2": "US",
    "country_iso3": "USA",
    "country_native": "UNITED STATES"
  },
  {
    "id": 117692,
    "name": "GREENVILLE",
    "state": "NEW HAMPSHIRE",
    "state_iso2": "NH",
    "country": "UNITED STATES",
    "country_iso2": "US",
    "country_iso3": "USA",
    "country_native": "UNITED STATES"
  },
  {
    "id": 117764,
    "name": "GROVETON",
    "state": "NEW HAMPSHIRE",
    "state_iso2": "NH",
    "country": "UNITED STATES",
    "country_iso2": "US",
    "country_iso3": "USA",
    "country_native": "UNITED STATES"
  },
  {
    "id": 117925,
    "name": "HAMPSTEAD",
    "state": "NEW HAMPSHIRE",
    "state_iso2": "NH",
    "country": "UNITED STATES",
    "country_iso2": "US",
    "country_iso3": "USA",
    "country_native": "UNITED STATES"
  },
  {
    "id": 117934,
    "name": "HAMPTON",
    "state": "NEW HAMPSHIRE",
    "state_iso2": "NH",
    "country": "UNITED STATES",
    "country_iso2": "US",
    "country_iso3": "USA",
    "country_native": "UNITED STATES"
  },
  {
    "id": 117936,
    "name": "HAMPTON BEACH",
    "state": "NEW HAMPSHIRE",
    "state_iso2": "NH",
    "country": "UNITED STATES",
    "country_iso2": "US",
    "country_iso3": "USA",
    "country_native": "UNITED STATES"
  },
  {
    "id": 117938,
    "name": "HAMPTON FALLS",
    "state": "NEW HAMPSHIRE",
    "state_iso2": "NH",
    "country": "UNITED STATES",
    "country_iso2": "US",
    "country_iso3": "USA",
    "country_native": "UNITED STATES"
  },
  {
    "id": 117972,
    "name": "HANOVER",
    "state": "NEW HAMPSHIRE",
    "state_iso2": "NH",
    "country": "UNITED STATES",
    "country_iso2": "US",
    "country_iso3": "USA",
    "country_native": "UNITED STATES"
  },
  {
    "id": 118075,
    "name": "HARRISVILLE",
    "state": "NEW HAMPSHIRE",
    "state_iso2": "NH",
    "country": "UNITED STATES",
    "country_iso2": "US",
    "country_iso3": "USA",
    "country_native": "UNITED STATES"
  },
  {
    "id": 118151,
    "name": "HAVERHILL",
    "state": "NEW HAMPSHIRE",
    "state_iso2": "NH",
    "country": "UNITED STATES",
    "country_iso2": "US",
    "country_iso3": "USA",
    "country_native": "UNITED STATES"
  },
  {
    "id": 118293,
    "name": "HENNIKER",
    "state": "NEW HAMPSHIRE",
    "state_iso2": "NH",
    "country": "UNITED STATES",
    "country_iso2": "US",
    "country_iso3": "USA",
    "country_native": "UNITED STATES"
  },
  {
    "id": 118431,
    "name": "HILL",
    "state": "NEW HAMPSHIRE",
    "state_iso2": "NH",
    "country": "UNITED STATES",
    "country_iso2": "US",
    "country_iso3": "USA",
    "country_native": "UNITED STATES"
  },
  {
    "id": 118456,
    "name": "HILLSBOROUGH",
    "state": "NEW HAMPSHIRE",
    "state_iso2": "NH",
    "country": "UNITED STATES",
    "country_iso2": "US",
    "country_iso3": "USA",
    "country_native": "UNITED STATES"
  },
  {
    "id": 118458,
    "name": "HILLSBOROUGH COUNTY",
    "state": "NEW HAMPSHIRE",
    "state_iso2": "NH",
    "country": "UNITED STATES",
    "country_iso2": "US",
    "country_iso3": "USA",
    "country_native": "UNITED STATES"
  },
  {
    "id": 118486,
    "name": "HINSDALE",
    "state": "NEW HAMPSHIRE",
    "state_iso2": "NH",
    "country": "UNITED STATES",
    "country_iso2": "US",
    "country_iso3": "USA",
    "country_native": "UNITED STATES"
  },
  {
    "id": 118527,
    "name": "HOLDERNESS",
    "state": "NEW HAMPSHIRE",
    "state_iso2": "NH",
    "country": "UNITED STATES",
    "country_iso2": "US",
    "country_iso3": "USA",
    "country_native": "UNITED STATES"
  },
  {
    "id": 118548,
    "name": "HOLLIS",
    "state": "NEW HAMPSHIRE",
    "state_iso2": "NH",
    "country": "UNITED STATES",
    "country_iso2": "US",
    "country_iso3": "USA",
    "country_native": "UNITED STATES"
  },
  {
    "id": 118631,
    "name": "HOOKSETT",
    "state": "NEW HAMPSHIRE",
    "state_iso2": "NH",
    "country": "UNITED STATES",
    "country_iso2": "US",
    "country_iso3": "USA",
    "country_native": "UNITED STATES"
  },
  {
    "id": 118657,
    "name": "HOPKINTON",
    "state": "NEW HAMPSHIRE",
    "state_iso2": "NH",
    "country": "UNITED STATES",
    "country_iso2": "US",
    "country_iso3": "USA",
    "country_native": "UNITED STATES"
  },
  {
    "id": 118743,
    "name": "HUDSON",
    "state": "NEW HAMPSHIRE",
    "state_iso2": "NH",
    "country": "UNITED STATES",
    "country_iso2": "US",
    "country_iso3": "USA",
    "country_native": "UNITED STATES"
  },
  {
    "id": 119109,
    "name": "JAFFREY",
    "state": "NEW HAMPSHIRE",
    "state_iso2": "NH",
    "country": "UNITED STATES",
    "country_iso2": "US",
    "country_iso3": "USA",
    "country_native": "UNITED STATES"
  },
  {
    "id": 119170,
    "name": "JEFFERSON",
    "state": "NEW HAMPSHIRE",
    "state_iso2": "NH",
    "country": "UNITED STATES",
    "country_iso2": "US",
    "country_iso3": "USA",
    "country_native": "UNITED STATES"
  },
  {
    "id": 119421,
    "name": "KEENE",
    "state": "NEW HAMPSHIRE",
    "state_iso2": "NH",
    "country": "UNITED STATES",
    "country_iso2": "US",
    "country_iso3": "USA",
    "country_native": "UNITED STATES"
  },
  {
    "id": 119482,
    "name": "KENSINGTON",
    "state": "NEW HAMPSHIRE",
    "state_iso2": "NH",
    "country": "UNITED STATES",
    "country_iso2": "US",
    "country_iso3": "USA",
    "country_native": "UNITED STATES"
  },
  {
    "id": 119625,
    "name": "KINGSTON",
    "state": "NEW HAMPSHIRE",
    "state_iso2": "NH",
    "country": "UNITED STATES",
    "country_iso2": "US",
    "country_iso3": "USA",
    "country_native": "UNITED STATES"
  },
  {
    "id": 119819,
    "name": "LACONIA",
    "state": "NEW HAMPSHIRE",
    "state_iso2": "NH",
    "country": "UNITED STATES",
    "country_iso2": "US",
    "country_iso3": "USA",
    "country_native": "UNITED STATES"
  },
  {
    "id": 120084,
    "name": "LANCASTER",
    "state": "NEW HAMPSHIRE",
    "state_iso2": "NH",
    "country": "UNITED STATES",
    "country_iso2": "US",
    "country_iso3": "USA",
    "country_native": "UNITED STATES"
  },
  {
    "id": 120291,
    "name": "LEBANON",
    "state": "NEW HAMPSHIRE",
    "state_iso2": "NH",
    "country": "UNITED STATES",
    "country_iso2": "US",
    "country_iso3": "USA",
    "country_native": "UNITED STATES"
  },
  {
    "id": 120304,
    "name": "LEE",
    "state": "NEW HAMPSHIRE",
    "state_iso2": "NH",
    "country": "UNITED STATES",
    "country_iso2": "US",
    "country_iso3": "USA",
    "country_native": "UNITED STATES"
  },
  {
    "id": 120365,
    "name": "LEMPSTER",
    "state": "NEW HAMPSHIRE",
    "state_iso2": "NH",
    "country": "UNITED STATES",
    "country_iso2": "US",
    "country_iso3": "USA",
    "country_native": "UNITED STATES"
  },
  {
    "id": 120607,
    "name": "LITCHFIELD",
    "state": "NEW HAMPSHIRE",
    "state_iso2": "NH",
    "country": "UNITED STATES",
    "country_iso2": "US",
    "country_iso3": "USA",
    "country_native": "UNITED STATES"
  },
  {
    "id": 120635,
    "name": "LITTLETON",
    "state": "NEW HAMPSHIRE",
    "state_iso2": "NH",
    "country": "UNITED STATES",
    "country_iso2": "US",
    "country_iso3": "USA",
    "country_native": "UNITED STATES"
  },
  {
    "id": 120723,
    "name": "LONDONDERRY",
    "state": "NEW HAMPSHIRE",
    "state_iso2": "NH",
    "country": "UNITED STATES",
    "country_iso2": "US",
    "country_iso3": "USA",
    "country_native": "UNITED STATES"
  },
  {
    "id": 120912,
    "name": "LYME",
    "state": "NEW HAMPSHIRE",
    "state_iso2": "NH",
    "country": "UNITED STATES",
    "country_iso2": "US",
    "country_iso3": "USA",
    "country_native": "UNITED STATES"
  },
  {
    "id": 120918,
    "name": "LYNDEBOROUGH",
    "state": "NEW HAMPSHIRE",
    "state_iso2": "NH",
    "country": "UNITED STATES",
    "country_iso2": "US",
    "country_iso3": "USA",
    "country_native": "UNITED STATES"
  },
  {
    "id": 120977,
    "name": "MADBURY",
    "state": "NEW HAMPSHIRE",
    "state_iso2": "NH",
    "country": "UNITED STATES",
    "country_iso2": "US",
    "country_iso3": "USA",
    "country_native": "UNITED STATES"
  },
  {
    "id": 120996,
    "name": "MADISON",
    "state": "NEW HAMPSHIRE",
    "state_iso2": "NH",
    "country": "UNITED STATES",
    "country_iso2": "US",
    "country_iso3": "USA",
    "country_native": "UNITED STATES"
  },
  {
    "id": 121098,
    "name": "MANCHESTER",
    "state": "NEW HAMPSHIRE",
    "state_iso2": "NH",
    "country": "UNITED STATES",
    "country_iso2": "US",
    "country_iso3": "USA",
    "country_native": "UNITED STATES"
  },
  {
    "id": 121281,
    "name": "MARLBOROUGH",
    "state": "NEW HAMPSHIRE",
    "state_iso2": "NH",
    "country": "UNITED STATES",
    "country_iso2": "US",
    "country_iso3": "USA",
    "country_native": "UNITED STATES"
  },
  {
    "id": 121374,
    "name": "MASON",
    "state": "NEW HAMPSHIRE",
    "state_iso2": "NH",
    "country": "UNITED STATES",
    "country_iso2": "US",
    "country_iso3": "USA",
    "country_native": "UNITED STATES"
  },
  {
    "id": 121687,
    "name": "MEREDITH",
    "state": "NEW HAMPSHIRE",
    "state_iso2": "NH",
    "country": "UNITED STATES",
    "country_iso2": "US",
    "country_iso3": "USA",
    "country_native": "UNITED STATES"
  },
  {
    "id": 121711,
    "name": "MERRIMACK",
    "state": "NEW HAMPSHIRE",
    "state_iso2": "NH",
    "country": "UNITED STATES",
    "country_iso2": "US",
    "country_iso3": "USA",
    "country_native": "UNITED STATES"
  },
  {
    "id": 121712,
    "name": "MERRIMACK COUNTY",
    "state": "NEW HAMPSHIRE",
    "state_iso2": "NH",
    "country": "UNITED STATES",
    "country_iso2": "US",
    "country_iso3": "USA",
    "country_native": "UNITED STATES"
  },
  {
    "id": 121840,
    "name": "MILAN",
    "state": "NEW HAMPSHIRE",
    "state_iso2": "NH",
    "country": "UNITED STATES",
    "country_iso2": "US",
    "country_iso3": "USA",
    "country_native": "UNITED STATES"
  },
  {
    "id": 121856,
    "name": "MILFORD",
    "state": "NEW HAMPSHIRE",
    "state_iso2": "NH",
    "country": "UNITED STATES",
    "country_iso2": "US",
    "country_iso3": "USA",
    "country_native": "UNITED STATES"
  },
  {
    "id": 122094,
    "name": "MONT VERNON",
    "state": "NEW HAMPSHIRE",
    "state_iso2": "NH",
    "country": "UNITED STATES",
    "country_iso2": "US",
    "country_iso3": "USA",
    "country_native": "UNITED STATES"
  },
  {
    "id": 122315,
    "name": "MOULTONBOROUGH",
    "state": "NEW HAMPSHIRE",
    "state_iso2": "NH",
    "country": "UNITED STATES",
    "country_iso2": "US",
    "country_iso3": "USA",
    "country_native": "UNITED STATES"
  },
  {
    "id": 122571,
    "name": "NASHUA",
    "state": "NEW HAMPSHIRE",
    "state_iso2": "NH",
    "country": "UNITED STATES",
    "country_iso2": "US",
    "country_iso3": "USA",
    "country_native": "UNITED STATES"
  },
  {
    "id": 122669,
    "name": "NEW BOSTON",
    "state": "NEW HAMPSHIRE",
    "state_iso2": "NH",
    "country": "UNITED STATES",
    "country_iso2": "US",
    "country_iso3": "USA",
    "country_native": "UNITED STATES"
  },
  {
    "id": 122687,
    "name": "NEW CASTLE",
    "state": "NEW HAMPSHIRE",
    "state_iso2": "NH",
    "country": "UNITED STATES",
    "country_iso2": "US",
    "country_iso3": "USA",
    "country_native": "UNITED STATES"
  },
  {
    "id": 122701,
    "name": "NEW DURHAM",
    "state": "NEW HAMPSHIRE",
    "state_iso2": "NH",
    "country": "UNITED STATES",
    "country_iso2": "US",
    "country_iso3": "USA",
    "country_native": "UNITED STATES"
  },
  {
    "id": 122731,
    "name": "NEW IPSWICH",
    "state": "NEW HAMPSHIRE",
    "state_iso2": "NH",
    "country": "UNITED STATES",
    "country_iso2": "US",
    "country_iso3": "USA",
    "country_native": "UNITED STATES"
  },
  {
    "id": 122744,
    "name": "NEW LONDON",
    "state": "NEW HAMPSHIRE",
    "state_iso2": "NH",
    "country": "UNITED STATES",
    "country_iso2": "US",
    "country_iso3": "USA",
    "country_native": "UNITED STATES"
  },
  {
    "id": 122818,
    "name": "NEWBURY",
    "state": "NEW HAMPSHIRE",
    "state_iso2": "NH",
    "country": "UNITED STATES",
    "country_iso2": "US",
    "country_iso3": "USA",
    "country_native": "UNITED STATES"
  },
  {
    "id": 122836,
    "name": "NEWMARKET",
    "state": "NEW HAMPSHIRE",
    "state_iso2": "NH",
    "country": "UNITED STATES",
    "country_iso2": "US",
    "country_iso3": "USA",
    "country_native": "UNITED STATES"
  },
  {
    "id": 122847,
    "name": "NEWPORT",
    "state": "NEW HAMPSHIRE",
    "state_iso2": "NH",
    "country": "UNITED STATES",
    "country_iso2": "US",
    "country_iso3": "USA",
    "country_native": "UNITED STATES"
  },
  {
    "id": 122866,
    "name": "NEWTON",
    "state": "NEW HAMPSHIRE",
    "state_iso2": "NH",
    "country": "UNITED STATES",
    "country_iso2": "US",
    "country_iso3": "USA",
    "country_native": "UNITED STATES"
  },
  {
    "id": 123009,
    "name": "NORTH CONWAY",
    "state": "NEW HAMPSHIRE",
    "state_iso2": "NH",
    "country": "UNITED STATES",
    "country_iso2": "US",
    "country_iso3": "USA",
    "country_native": "UNITED STATES"
  },
  {
    "id": 123035,
    "name": "NORTH HAMPTON",
    "state": "NEW HAMPSHIRE",
    "state_iso2": "NH",
    "country": "UNITED STATES",
    "country_iso2": "US",
    "country_iso3": "USA",
    "country_native": "UNITED STATES"
  },
  {
    "id": 123153,
    "name": "NORTHFIELD",
    "state": "NEW HAMPSHIRE",
    "state_iso2": "NH",
    "country": "UNITED STATES",
    "country_iso2": "US",
    "country_iso3": "USA",
    "country_native": "UNITED STATES"
  },
  {
    "id": 123164,
    "name": "NORTHUMBERLAND",
    "state": "NEW HAMPSHIRE",
    "state_iso2": "NH",
    "country": "UNITED STATES",
    "country_iso2": "US",
    "country_iso3": "USA",
    "country_native": "UNITED STATES"
  },
  {
    "id": 123180,
    "name": "NORTHWOOD",
    "state": "NEW HAMPSHIRE",
    "state_iso2": "NH",
    "country": "UNITED STATES",
    "country_iso2": "US",
    "country_iso3": "USA",
    "country_native": "UNITED STATES"
  },
  {
    "id": 123205,
    "name": "NOTTINGHAM",
    "state": "NEW HAMPSHIRE",
    "state_iso2": "NH",
    "country": "UNITED STATES",
    "country_iso2": "US",
    "country_iso3": "USA",
    "country_native": "UNITED STATES"
  },
  {
    "id": 123552,
    "name": "ORFORD",
    "state": "NEW HAMPSHIRE",
    "state_iso2": "NH",
    "country": "UNITED STATES",
    "country_iso2": "US",
    "country_iso3": "USA",
    "country_native": "UNITED STATES"
  },
  {
    "id": 123618,
    "name": "OSSIPEE",
    "state": "NEW HAMPSHIRE",
    "state_iso2": "NH",
    "country": "UNITED STATES",
    "country_iso2": "US",
    "country_iso3": "USA",
    "country_native": "UNITED STATES"
  },
  {
    "id": 123991,
    "name": "PELHAM",
    "state": "NEW HAMPSHIRE",
    "state_iso2": "NH",
    "country": "UNITED STATES",
    "country_iso2": "US",
    "country_iso3": "USA",
    "country_native": "UNITED STATES"
  },
  {
    "id": 124007,
    "name": "PEMBROKE",
    "state": "NEW HAMPSHIRE",
    "state_iso2": "NH",
    "country": "UNITED STATES",
    "country_iso2": "US",
    "country_iso3": "USA",
    "country_native": "UNITED STATES"
  },
  {
    "id": 124102,
    "name": "PETERBOROUGH",
    "state": "NEW HAMPSHIRE",
    "state_iso2": "NH",
    "country": "UNITED STATES",
    "country_iso2": "US",
    "country_iso3": "USA",
    "country_native": "UNITED STATES"
  },
  {
    "id": 124207,
    "name": "PINARDVILLE",
    "state": "NEW HAMPSHIRE",
    "state_iso2": "NH",
    "country": "UNITED STATES",
    "country_iso2": "US",
    "country_iso3": "USA",
    "country_native": "UNITED STATES"
  },
  {
    "id": 124300,
    "name": "PITTSFIELD",
    "state": "NEW HAMPSHIRE",
    "state_iso2": "NH",
    "country": "UNITED STATES",
    "country_iso2": "US",
    "country_iso3": "USA",
    "country_native": "UNITED STATES"
  },
  {
    "id": 124337,
    "name": "PLAISTOW",
    "state": "NEW HAMPSHIRE",
    "state_iso2": "NH",
    "country": "UNITED STATES",
    "country_iso2": "US",
    "country_iso3": "USA",
    "country_native": "UNITED STATES"
  },
  {
    "id": 124406,
    "name": "PLYMOUTH",
    "state": "NEW HAMPSHIRE",
    "state_iso2": "NH",
    "country": "UNITED STATES",
    "country_iso2": "US",
    "country_iso3": "USA",
    "country_native": "UNITED STATES"
  },
  {
    "id": 124570,
    "name": "PORTSMOUTH",
    "state": "NEW HAMPSHIRE",
    "state_iso2": "NH",
    "country": "UNITED STATES",
    "country_iso2": "US",
    "country_iso3": "USA",
    "country_native": "UNITED STATES"
  },
  {
    "id": 124919,
    "name": "RAYMOND",
    "state": "NEW HAMPSHIRE",
    "state_iso2": "NH",
    "country": "UNITED STATES",
    "country_iso2": "US",
    "country_iso3": "USA",
    "country_native": "UNITED STATES"
  },
  {
    "id": 125093,
    "name": "RICHMOND",
    "state": "NEW HAMPSHIRE",
    "state_iso2": "NH",
    "country": "UNITED STATES",
    "country_iso2": "US",
    "country_iso3": "USA",
    "country_native": "UNITED STATES"
  },
  {
    "id": 125140,
    "name": "RINDGE",
    "state": "NEW HAMPSHIRE",
    "state_iso2": "NH",
    "country": "UNITED STATES",
    "country_iso2": "US",
    "country_iso3": "USA",
    "country_native": "UNITED STATES"
  },
  {
    "id": 125265,
    "name": "ROCHESTER",
    "state": "NEW HAMPSHIRE",
    "state_iso2": "NH",
    "country": "UNITED STATES",
    "country_iso2": "US",
    "country_iso3": "USA",
    "country_native": "UNITED STATES"
  },
  {
    "id": 125307,
    "name": "ROCKINGHAM COUNTY",
    "state": "NEW HAMPSHIRE",
    "state_iso2": "NH",
    "country": "UNITED STATES",
    "country_iso2": "US",
    "country_iso3": "USA",
    "country_native": "UNITED STATES"
  },
  {
    "id": 125371,
    "name": "ROLLINSFORD",
    "state": "NEW HAMPSHIRE",
    "state_iso2": "NH",
    "country": "UNITED STATES",
    "country_iso2": "US",
    "country_iso3": "USA",
    "country_native": "UNITED STATES"
  },
  {
    "id": 125508,
    "name": "RUMNEY",
    "state": "NEW HAMPSHIRE",
    "state_iso2": "NH",
    "country": "UNITED STATES",
    "country_iso2": "US",
    "country_iso3": "USA",
    "country_native": "UNITED STATES"
  },
  {
    "id": 125561,
    "name": "RYE",
    "state": "NEW HAMPSHIRE",
    "state_iso2": "NH",
    "country": "UNITED STATES",
    "country_iso2": "US",
    "country_iso3": "USA",
    "country_native": "UNITED STATES"
  },
  {
    "id": 125736,
    "name": "SALEM",
    "state": "NEW HAMPSHIRE",
    "state_iso2": "NH",
    "country": "UNITED STATES",
    "country_iso2": "US",
    "country_iso3": "USA",
    "country_native": "UNITED STATES"
  },
  {
    "id": 125758,
    "name": "SALISBURY",
    "state": "NEW HAMPSHIRE",
    "state_iso2": "NH",
    "country": "UNITED STATES",
    "country_iso2": "US",
    "country_iso3": "USA",
    "country_native": "UNITED STATES"
  },
  {
    "id": 125856,
    "name": "SANBORNTON",
    "state": "NEW HAMPSHIRE",
    "state_iso2": "NH",
    "country": "UNITED STATES",
    "country_iso2": "US",
    "country_iso3": "USA",
    "country_native": "UNITED STATES"
  },
  {
    "id": 125857,
    "name": "SANBORNVILLE",
    "state": "NEW HAMPSHIRE",
    "state_iso2": "NH",
    "country": "UNITED STATES",
    "country_iso2": "US",
    "country_iso3": "USA",
    "country_native": "UNITED STATES"
  },
  {
    "id": 125870,
    "name": "SANDOWN",
    "state": "NEW HAMPSHIRE",
    "state_iso2": "NH",
    "country": "UNITED STATES",
    "country_iso2": "US",
    "country_iso3": "USA",
    "country_native": "UNITED STATES"
  },
  {
    "id": 125878,
    "name": "SANDWICH",
    "state": "NEW HAMPSHIRE",
    "state_iso2": "NH",
    "country": "UNITED STATES",
    "country_iso2": "US",
    "country_iso3": "USA",
    "country_native": "UNITED STATES"
  },
  {
    "id": 126080,
    "name": "SEABROOK",
    "state": "NEW HAMPSHIRE",
    "state_iso2": "NH",
    "country": "UNITED STATES",
    "country_iso2": "US",
    "country_iso3": "USA",
    "country_native": "UNITED STATES"
  },
  {
    "id": 126590,
    "name": "SOMERSWORTH",
    "state": "NEW HAMPSHIRE",
    "state_iso2": "NH",
    "country": "UNITED STATES",
    "country_iso2": "US",
    "country_iso3": "USA",
    "country_native": "UNITED STATES"
  },
  {
    "id": 126675,
    "name": "SOUTH HOOKSETT",
    "state": "NEW HAMPSHIRE",
    "state_iso2": "NH",
    "country": "UNITED STATES",
    "country_iso2": "US",
    "country_iso3": "USA",
    "country_native": "UNITED STATES"
  },
  {
    "id": 126901,
    "name": "SPRINGFIELD",
    "state": "NEW HAMPSHIRE",
    "state_iso2": "NH",
    "country": "UNITED STATES",
    "country_iso2": "US",
    "country_iso3": "USA",
    "country_native": "UNITED STATES"
  },
  {
    "id": 127117,
    "name": "STRAFFORD",
    "state": "NEW HAMPSHIRE",
    "state_iso2": "NH",
    "country": "UNITED STATES",
    "country_iso2": "US",
    "country_iso3": "USA",
    "country_native": "UNITED STATES"
  },
  {
    "id": 127118,
    "name": "STRAFFORD COUNTY",
    "state": "NEW HAMPSHIRE",
    "state_iso2": "NH",
    "country": "UNITED STATES",
    "country_iso2": "US",
    "country_iso3": "USA",
    "country_native": "UNITED STATES"
  },
  {
    "id": 127125,
    "name": "STRATFORD",
    "state": "NEW HAMPSHIRE",
    "state_iso2": "NH",
    "country": "UNITED STATES",
    "country_iso2": "US",
    "country_iso3": "USA",
    "country_native": "UNITED STATES"
  },
  {
    "id": 127129,
    "name": "STRATHAM STATION",
    "state": "NEW HAMPSHIRE",
    "state_iso2": "NH",
    "country": "UNITED STATES",
    "country_iso2": "US",
    "country_iso3": "USA",
    "country_native": "UNITED STATES"
  },
  {
    "id": 127189,
    "name": "SULLIVAN COUNTY",
    "state": "NEW HAMPSHIRE",
    "state_iso2": "NH",
    "country": "UNITED STATES",
    "country_iso2": "US",
    "country_iso3": "USA",
    "country_native": "UNITED STATES"
  },
  {
    "id": 127244,
    "name": "SUNAPEE",
    "state": "NEW HAMPSHIRE",
    "state_iso2": "NH",
    "country": "UNITED STATES",
    "country_iso2": "US",
    "country_iso3": "USA",
    "country_native": "UNITED STATES"
  },
  {
    "id": 127247,
    "name": "SUNCOOK",
    "state": "NEW HAMPSHIRE",
    "state_iso2": "NH",
    "country": "UNITED STATES",
    "country_iso2": "US",
    "country_iso3": "USA",
    "country_native": "UNITED STATES"
  },
  {
    "id": 127313,
    "name": "SUTTON",
    "state": "NEW HAMPSHIRE",
    "state_iso2": "NH",
    "country": "UNITED STATES",
    "country_iso2": "US",
    "country_iso3": "USA",
    "country_native": "UNITED STATES"
  },
  {
    "id": 127329,
    "name": "SWANZEY",
    "state": "NEW HAMPSHIRE",
    "state_iso2": "NH",
    "country": "UNITED STATES",
    "country_iso2": "US",
    "country_iso3": "USA",
    "country_native": "UNITED STATES"
  },
  {
    "id": 127408,
    "name": "TAMWORTH",
    "state": "NEW HAMPSHIRE",
    "state_iso2": "NH",
    "country": "UNITED STATES",
    "country_iso2": "US",
    "country_iso3": "USA",
    "country_native": "UNITED STATES"
  },
  {
    "id": 127499,
    "name": "TEMPLE",
    "state": "NEW HAMPSHIRE",
    "state_iso2": "NH",
    "country": "UNITED STATES",
    "country_iso2": "US",
    "country_iso3": "USA",
    "country_native": "UNITED STATES"
  },
  {
    "id": 127602,
    "name": "THORNTON",
    "state": "NEW HAMPSHIRE",
    "state_iso2": "NH",
    "country": "UNITED STATES",
    "country_iso2": "US",
    "country_iso3": "USA",
    "country_native": "UNITED STATES"
  },
  {
    "id": 127654,
    "name": "TILTON",
    "state": "NEW HAMPSHIRE",
    "state_iso2": "NH",
    "country": "UNITED STATES",
    "country_iso2": "US",
    "country_iso3": "USA",
    "country_native": "UNITED STATES"
  },
  {
    "id": 127655,
    "name": "TILTON-NORTHFIELD",
    "state": "NEW HAMPSHIRE",
    "state_iso2": "NH",
    "country": "UNITED STATES",
    "country_iso2": "US",
    "country_iso3": "USA",
    "country_native": "UNITED STATES"
  },
  {
    "id": 127850,
    "name": "TROY",
    "state": "NEW HAMPSHIRE",
    "state_iso2": "NH",
    "country": "UNITED STATES",
    "country_iso2": "US",
    "country_iso3": "USA",
    "country_native": "UNITED STATES"
  },
  {
    "id": 127877,
    "name": "TUFTONBORO",
    "state": "NEW HAMPSHIRE",
    "state_iso2": "NH",
    "country": "UNITED STATES",
    "country_iso2": "US",
    "country_iso3": "USA",
    "country_native": "UNITED STATES"
  },
  {
    "id": 128021,
    "name": "UNITY",
    "state": "NEW HAMPSHIRE",
    "state_iso2": "NH",
    "country": "UNITED STATES",
    "country_iso2": "US",
    "country_iso3": "USA",
    "country_native": "UNITED STATES"
  },
  {
    "id": 128361,
    "name": "WAKEFIELD",
    "state": "NEW HAMPSHIRE",
    "state_iso2": "NH",
    "country": "UNITED STATES",
    "country_iso2": "US",
    "country_iso3": "USA",
    "country_native": "UNITED STATES"
  },
  {
    "id": 128715,
    "name": "WEARE",
    "state": "NEW HAMPSHIRE",
    "state_iso2": "NH",
    "country": "UNITED STATES",
    "country_iso2": "US",
    "country_iso3": "USA",
    "country_native": "UNITED STATES"
  },
  {
    "id": 128732,
    "name": "WEBSTER",
    "state": "NEW HAMPSHIRE",
    "state_iso2": "NH",
    "country": "UNITED STATES",
    "country_iso2": "US",
    "country_iso3": "USA",
    "country_native": "UNITED STATES"
  },
  {
    "id": 128987,
    "name": "WEST SWANZEY",
    "state": "NEW HAMPSHIRE",
    "state_iso2": "NH",
    "country": "UNITED STATES",
    "country_iso2": "US",
    "country_iso3": "USA",
    "country_native": "UNITED STATES"
  },
  {
    "id": 129054,
    "name": "WESTMORELAND",
    "state": "NEW HAMPSHIRE",
    "state_iso2": "NH",
    "country": "UNITED STATES",
    "country_iso2": "US",
    "country_iso3": "USA",
    "country_native": "UNITED STATES"
  },
  {
    "id": 129165,
    "name": "WHITEFIELD",
    "state": "NEW HAMPSHIRE",
    "state_iso2": "NH",
    "country": "UNITED STATES",
    "country_iso2": "US",
    "country_iso3": "USA",
    "country_native": "UNITED STATES"
  },
  {
    "id": 129328,
    "name": "WILMOT",
    "state": "NEW HAMPSHIRE",
    "state_iso2": "NH",
    "country": "UNITED STATES",
    "country_iso2": "US",
    "country_iso3": "USA",
    "country_native": "UNITED STATES"
  },
  {
    "id": 129345,
    "name": "WILTON",
    "state": "NEW HAMPSHIRE",
    "state_iso2": "NH",
    "country": "UNITED STATES",
    "country_iso2": "US",
    "country_iso3": "USA",
    "country_native": "UNITED STATES"
  },
  {
    "id": 129359,
    "name": "WINCHESTER",
    "state": "NEW HAMPSHIRE",
    "state_iso2": "NH",
    "country": "UNITED STATES",
    "country_iso2": "US",
    "country_iso3": "USA",
    "country_native": "UNITED STATES"
  },
  {
    "id": 129372,
    "name": "WINDHAM",
    "state": "NEW HAMPSHIRE",
    "state_iso2": "NH",
    "country": "UNITED STATES",
    "country_iso2": "US",
    "country_iso3": "USA",
    "country_native": "UNITED STATES"
  },
  {
    "id": 129478,
    "name": "WOLFEBORO",
    "state": "NEW HAMPSHIRE",
    "state_iso2": "NH",
    "country": "UNITED STATES",
    "country_iso2": "US",
    "country_iso3": "USA",
    "country_native": "UNITED STATES"
  },
  {
    "id": 129564,
    "name": "WOODSTOCK",
    "state": "NEW HAMPSHIRE",
    "state_iso2": "NH",
    "country": "UNITED STATES",
    "country_iso2": "US",
    "country_iso3": "USA",
    "country_native": "UNITED STATES"
  },
  {
    "id": 129569,
    "name": "WOODSVILLE",
    "state": "NEW HAMPSHIRE",
    "state_iso2": "NH",
    "country": "UNITED STATES",
    "country_iso2": "US",
    "country_iso3": "USA",
    "country_native": "UNITED STATES"
  }
]