[
  {
    "id": 135327,
    "name": "AIELLO DEL FRIULI",
    "state": "FRIULI–VENEZIA GIULIA",
    "state_iso2": "36",
    "country": "ITALY",
    "country_iso2": "IT",
    "country_iso3": "ITA",
    "country_native": "ITALIA"
  },
  {
    "id": 135459,
    "name": "AMARO",
    "state": "FRIULI–VENEZIA GIULIA",
    "state_iso2": "36",
    "country": "ITALY",
    "country_iso2": "IT",
    "country_iso3": "ITA",
    "country_native": "ITALIA"
  },
  {
    "id": 135474,
    "name": "AMPEZZO",
    "state": "FRIULI–VENEZIA GIULIA",
    "state_iso2": "36",
    "country": "ITALY",
    "country_iso2": "IT",
    "country_iso3": "ITA",
    "country_native": "ITALIA"
  },
  {
    "id": 135488,
    "name": "ANDREIS",
    "state": "FRIULI–VENEZIA GIULIA",
    "state_iso2": "36",
    "country": "ITALY",
    "country_iso2": "IT",
    "country_iso3": "ITA",
    "country_native": "ITALIA"
  },
  {
    "id": 135493,
    "name": "ANDUINS",
    "state": "FRIULI–VENEZIA GIULIA",
    "state_iso2": "36",
    "country": "ITALY",
    "country_iso2": "IT",
    "country_iso3": "ITA",
    "country_native": "ITALIA"
  },
  {
    "id": 135545,
    "name": "AQUILEIA",
    "state": "FRIULI–VENEZIA GIULIA",
    "state_iso2": "36",
    "country": "ITALY",
    "country_iso2": "IT",
    "country_iso3": "ITA",
    "country_native": "ITALIA"
  },
  {
    "id": 135552,
    "name": "ARBA",
    "state": "FRIULI–VENEZIA GIULIA",
    "state_iso2": "36",
    "country": "ITALY",
    "country_iso2": "IT",
    "country_iso3": "ITA",
    "country_native": "ITALIA"
  },
  {
    "id": 135641,
    "name": "ARTA TERME",
    "state": "FRIULI–VENEZIA GIULIA",
    "state_iso2": "36",
    "country": "ITALY",
    "country_iso2": "IT",
    "country_iso3": "ITA",
    "country_native": "ITALIA"
  },
  {
    "id": 135642,
    "name": "ARTEGNA",
    "state": "FRIULI–VENEZIA GIULIA",
    "state_iso2": "36",
    "country": "ITALY",
    "country_iso2": "IT",
    "country_iso3": "ITA",
    "country_native": "ITALIA"
  },
  {
    "id": 135650,
    "name": "ARZENE",
    "state": "FRIULI–VENEZIA GIULIA",
    "state_iso2": "36",
    "country": "ITALY",
    "country_iso2": "IT",
    "country_iso3": "ITA",
    "country_native": "ITALIA"
  },
  {
    "id": 135682,
    "name": "ATTIMIS",
    "state": "FRIULI–VENEZIA GIULIA",
    "state_iso2": "36",
    "country": "ITALY",
    "country_iso2": "IT",
    "country_iso3": "ITA",
    "country_native": "ITALIA"
  },
  {
    "id": 135691,
    "name": "AURISINA",
    "state": "FRIULI–VENEZIA GIULIA",
    "state_iso2": "36",
    "country": "ITALY",
    "country_iso2": "IT",
    "country_iso3": "ITA",
    "country_native": "ITALIA"
  },
  {
    "id": 135705,
    "name": "AVIANO",
    "state": "FRIULI–VENEZIA GIULIA",
    "state_iso2": "36",
    "country": "ITALY",
    "country_iso2": "IT",
    "country_iso3": "ITA",
    "country_native": "ITALIA"
  },
  {
    "id": 135706,
    "name": "AVIANO-CASTELLO",
    "state": "FRIULI–VENEZIA GIULIA",
    "state_iso2": "36",
    "country": "ITALY",
    "country_iso2": "IT",
    "country_iso3": "ITA",
    "country_native": "ITALIA"
  },
  {
    "id": 135721,
    "name": "AZZANO DECIMO",
    "state": "FRIULI–VENEZIA GIULIA",
    "state_iso2": "36",
    "country": "ITALY",
    "country_iso2": "IT",
    "country_iso3": "ITA",
    "country_native": "ITALIA"
  },
  {
    "id": 135752,
    "name": "BAGNARIA ARSA",
    "state": "FRIULI–VENEZIA GIULIA",
    "state_iso2": "36",
    "country": "ITALY",
    "country_iso2": "IT",
    "country_iso3": "ITA",
    "country_native": "ITALIA"
  },
  {
    "id": 135754,
    "name": "BAGNAROLA",
    "state": "FRIULI–VENEZIA GIULIA",
    "state_iso2": "36",
    "country": "ITALY",
    "country_iso2": "IT",
    "country_iso3": "ITA",
    "country_native": "ITALIA"
  },
  {
    "id": 135836,
    "name": "BARCIS",
    "state": "FRIULI–VENEZIA GIULIA",
    "state_iso2": "36",
    "country": "ITALY",
    "country_iso2": "IT",
    "country_iso3": "ITA",
    "country_native": "ITALIA"
  },
  {
    "id": 135877,
    "name": "BASALDELLA",
    "state": "FRIULI–VENEZIA GIULIA",
    "state_iso2": "36",
    "country": "ITALY",
    "country_iso2": "IT",
    "country_iso3": "ITA",
    "country_native": "ITALIA"
  },
  {
    "id": 135887,
    "name": "BASILIANO",
    "state": "FRIULI–VENEZIA GIULIA",
    "state_iso2": "36",
    "country": "ITALY",
    "country_iso2": "IT",
    "country_iso3": "ITA",
    "country_native": "ITALIA"
  },
  {
    "id": 135888,
    "name": "BASILIANO-VISSANDONE",
    "state": "FRIULI–VENEZIA GIULIA",
    "state_iso2": "36",
    "country": "ITALY",
    "country_iso2": "IT",
    "country_iso3": "ITA",
    "country_native": "ITALIA"
  },
  {
    "id": 135923,
    "name": "BEGLIANO",
    "state": "FRIULI–VENEZIA GIULIA",
    "state_iso2": "36",
    "country": "ITALY",
    "country_iso2": "IT",
    "country_iso3": "ITA",
    "country_native": "ITALIA"
  },
  {
    "id": 136001,
    "name": "BERTIOLO",
    "state": "FRIULI–VENEZIA GIULIA",
    "state_iso2": "36",
    "country": "ITALY",
    "country_iso2": "IT",
    "country_iso3": "ITA",
    "country_native": "ITALIA"
  },
  {
    "id": 136044,
    "name": "BICINICCO",
    "state": "FRIULI–VENEZIA GIULIA",
    "state_iso2": "36",
    "country": "ITALY",
    "country_iso2": "IT",
    "country_iso3": "ITA",
    "country_native": "ITALIA"
  },
  {
    "id": 136147,
    "name": "BORDANO",
    "state": "FRIULI–VENEZIA GIULIA",
    "state_iso2": "36",
    "country": "ITALY",
    "country_iso2": "IT",
    "country_iso3": "ITA",
    "country_native": "ITALIA"
  },
  {
    "id": 136316,
    "name": "BRESSA",
    "state": "FRIULI–VENEZIA GIULIA",
    "state_iso2": "36",
    "country": "ITALY",
    "country_iso2": "IT",
    "country_iso3": "ITA",
    "country_native": "ITALIA"
  },
  {
    "id": 136365,
    "name": "BRUGNERA",
    "state": "FRIULI–VENEZIA GIULIA",
    "state_iso2": "36",
    "country": "ITALY",
    "country_iso2": "IT",
    "country_iso3": "ITA",
    "country_native": "ITALIA"
  },
  {
    "id": 136391,
    "name": "BUDOIA",
    "state": "FRIULI–VENEZIA GIULIA",
    "state_iso2": "36",
    "country": "ITALY",
    "country_iso2": "IT",
    "country_iso3": "ITA",
    "country_native": "ITALIA"
  },
  {
    "id": 136399,
    "name": "BUIA",
    "state": "FRIULI–VENEZIA GIULIA",
    "state_iso2": "36",
    "country": "ITALY",
    "country_iso2": "IT",
    "country_iso3": "ITA",
    "country_native": "ITALIA"
  },
  {
    "id": 136441,
    "name": "BUTTRIO",
    "state": "FRIULI–VENEZIA GIULIA",
    "state_iso2": "36",
    "country": "ITALY",
    "country_iso2": "IT",
    "country_iso3": "ITA",
    "country_native": "ITALIA"
  },
  {
    "id": 136591,
    "name": "CAMINO AL TAGLIAMENTO",
    "state": "FRIULI–VENEZIA GIULIA",
    "state_iso2": "36",
    "country": "ITALY",
    "country_iso2": "IT",
    "country_iso3": "ITA",
    "country_native": "ITALIA"
  },
  {
    "id": 136655,
    "name": "CAMPOFORMIDO",
    "state": "FRIULI–VENEZIA GIULIA",
    "state_iso2": "36",
    "country": "ITALY",
    "country_iso2": "IT",
    "country_iso3": "ITA",
    "country_native": "ITALIA"
  },
  {
    "id": 136664,
    "name": "CAMPOLONGO AL TORRE",
    "state": "FRIULI–VENEZIA GIULIA",
    "state_iso2": "36",
    "country": "ITALY",
    "country_iso2": "IT",
    "country_iso3": "ITA",
    "country_native": "ITALIA"
  },
  {
    "id": 136665,
    "name": "CAMPOLONGO AL TORRE-CAVENZANO",
    "state": "FRIULI–VENEZIA GIULIA",
    "state_iso2": "36",
    "country": "ITALY",
    "country_iso2": "IT",
    "country_iso3": "ITA",
    "country_native": "ITALIA"
  },
  {
    "id": 136710,
    "name": "CANEVA",
    "state": "FRIULI–VENEZIA GIULIA",
    "state_iso2": "36",
    "country": "ITALY",
    "country_iso2": "IT",
    "country_iso3": "ITA",
    "country_native": "ITALIA"
  },
  {
    "id": 136824,
    "name": "CAPRIVA DEL FRIULI",
    "state": "FRIULI–VENEZIA GIULIA",
    "state_iso2": "36",
    "country": "ITALY",
    "country_iso2": "IT",
    "country_iso3": "ITA",
    "country_native": "ITALIA"
  },
  {
    "id": 136887,
    "name": "CARLINO",
    "state": "FRIULI–VENEZIA GIULIA",
    "state_iso2": "36",
    "country": "ITALY",
    "country_iso2": "IT",
    "country_iso3": "ITA",
    "country_native": "ITALIA"
  },
  {
    "id": 137034,
    "name": "CASARSA DELLA DELIZIA",
    "state": "FRIULI–VENEZIA GIULIA",
    "state_iso2": "36",
    "country": "ITALY",
    "country_iso2": "IT",
    "country_iso3": "ITA",
    "country_native": "ITALIA"
  },
  {
    "id": 137093,
    "name": "CASSACCO",
    "state": "FRIULI–VENEZIA GIULIA",
    "state_iso2": "36",
    "country": "ITALY",
    "country_iso2": "IT",
    "country_iso3": "ITA",
    "country_native": "ITALIA"
  },
  {
    "id": 137366,
    "name": "CASTIONS",
    "state": "FRIULI–VENEZIA GIULIA",
    "state_iso2": "36",
    "country": "ITALY",
    "country_iso2": "IT",
    "country_iso3": "ITA",
    "country_native": "ITALIA"
  },
  {
    "id": 137367,
    "name": "CASTIONS DI STRADA",
    "state": "FRIULI–VENEZIA GIULIA",
    "state_iso2": "36",
    "country": "ITALY",
    "country_iso2": "IT",
    "country_iso3": "ITA",
    "country_native": "ITALIA"
  },
  {
    "id": 137426,
    "name": "CAVASSO NUOVO",
    "state": "FRIULI–VENEZIA GIULIA",
    "state_iso2": "36",
    "country": "ITALY",
    "country_iso2": "IT",
    "country_iso3": "ITA",
    "country_native": "ITALIA"
  },
  {
    "id": 137428,
    "name": "CAVAZZO CARNICO",
    "state": "FRIULI–VENEZIA GIULIA",
    "state_iso2": "36",
    "country": "ITALY",
    "country_iso2": "IT",
    "country_iso3": "ITA",
    "country_native": "ITALIA"
  },
  {
    "id": 137439,
    "name": "CAVOLANO-SCHIAVOI",
    "state": "FRIULI–VENEZIA GIULIA",
    "state_iso2": "36",
    "country": "ITALY",
    "country_iso2": "IT",
    "country_iso3": "ITA",
    "country_native": "ITALIA"
  },
  {
    "id": 137452,
    "name": "CECCHINI",
    "state": "FRIULI–VENEZIA GIULIA",
    "state_iso2": "36",
    "country": "ITALY",
    "country_iso2": "IT",
    "country_iso3": "ITA",
    "country_native": "ITALIA"
  },
  {
    "id": 137527,
    "name": "CERCIVENTO",
    "state": "FRIULI–VENEZIA GIULIA",
    "state_iso2": "36",
    "country": "ITALY",
    "country_iso2": "IT",
    "country_iso3": "ITA",
    "country_native": "ITALIA"
  },
  {
    "id": 137594,
    "name": "CERVIGNANO DEL FRIULI",
    "state": "FRIULI–VENEZIA GIULIA",
    "state_iso2": "36",
    "country": "ITALY",
    "country_iso2": "IT",
    "country_iso3": "ITA",
    "country_native": "ITALIA"
  },
  {
    "id": 137658,
    "name": "CHIAULIS",
    "state": "FRIULI–VENEZIA GIULIA",
    "state_iso2": "36",
    "country": "ITALY",
    "country_iso2": "IT",
    "country_iso3": "ITA",
    "country_native": "ITALIA"
  },
  {
    "id": 137679,
    "name": "CHIONS",
    "state": "FRIULI–VENEZIA GIULIA",
    "state_iso2": "36",
    "country": "ITALY",
    "country_iso2": "IT",
    "country_iso3": "ITA",
    "country_native": "ITALIA"
  },
  {
    "id": 137680,
    "name": "CHIOPRIS",
    "state": "FRIULI–VENEZIA GIULIA",
    "state_iso2": "36",
    "country": "ITALY",
    "country_iso2": "IT",
    "country_iso3": "ITA",
    "country_native": "ITALIA"
  },
  {
    "id": 137690,
    "name": "CHIUSAFORTE",
    "state": "FRIULI–VENEZIA GIULIA",
    "state_iso2": "36",
    "country": "ITALY",
    "country_iso2": "IT",
    "country_iso3": "ITA",
    "country_native": "ITALIA"
  },
  {
    "id": 137727,
    "name": "CIMOLAIS",
    "state": "FRIULI–VENEZIA GIULIA",
    "state_iso2": "36",
    "country": "ITALY",
    "country_iso2": "IT",
    "country_iso3": "ITA",
    "country_native": "ITALIA"
  },
  {
    "id": 137782,
    "name": "CIVIDALE DEL FRIULI",
    "state": "FRIULI–VENEZIA GIULIA",
    "state_iso2": "36",
    "country": "ITALY",
    "country_iso2": "IT",
    "country_iso3": "ITA",
    "country_native": "ITALIA"
  },
  {
    "id": 137807,
    "name": "CLAUT",
    "state": "FRIULI–VENEZIA GIULIA",
    "state_iso2": "36",
    "country": "ITALY",
    "country_iso2": "IT",
    "country_iso3": "ITA",
    "country_native": "ITALIA"
  },
  {
    "id": 137808,
    "name": "CLAUZETTO",
    "state": "FRIULI–VENEZIA GIULIA",
    "state_iso2": "36",
    "country": "ITALY",
    "country_iso2": "IT",
    "country_iso3": "ITA",
    "country_native": "ITALIA"
  },
  {
    "id": 137814,
    "name": "CLODIG",
    "state": "FRIULI–VENEZIA GIULIA",
    "state_iso2": "36",
    "country": "ITALY",
    "country_iso2": "IT",
    "country_iso3": "ITA",
    "country_native": "ITALIA"
  },
  {
    "id": 137837,
    "name": "CODROIPO",
    "state": "FRIULI–VENEZIA GIULIA",
    "state_iso2": "36",
    "country": "ITALY",
    "country_iso2": "IT",
    "country_iso3": "ITA",
    "country_native": "ITALIA"
  },
  {
    "id": 137906,
    "name": "COLLOREDO DI MONTE ALBANO",
    "state": "FRIULI–VENEZIA GIULIA",
    "state_iso2": "36",
    "country": "ITALY",
    "country_iso2": "IT",
    "country_iso3": "ITA",
    "country_native": "ITALIA"
  },
  {
    "id": 137907,
    "name": "COLLOREDO DI MONTE ALBANO-LAUZZANA",
    "state": "FRIULI–VENEZIA GIULIA",
    "state_iso2": "36",
    "country": "ITALY",
    "country_iso2": "IT",
    "country_iso3": "ITA",
    "country_native": "ITALIA"
  },
  {
    "id": 137908,
    "name": "COLLOREDO DI PRATO",
    "state": "FRIULI–VENEZIA GIULIA",
    "state_iso2": "36",
    "country": "ITALY",
    "country_iso2": "IT",
    "country_iso3": "ITA",
    "country_native": "ITALIA"
  },
  {
    "id": 137930,
    "name": "COLUGNA",
    "state": "FRIULI–VENEZIA GIULIA",
    "state_iso2": "36",
    "country": "ITALY",
    "country_iso2": "IT",
    "country_iso3": "ITA",
    "country_native": "ITALIA"
  },
  {
    "id": 137938,
    "name": "COMEGLIANS",
    "state": "FRIULI–VENEZIA GIULIA",
    "state_iso2": "36",
    "country": "ITALY",
    "country_iso2": "IT",
    "country_iso3": "ITA",
    "country_native": "ITALIA"
  },
  {
    "id": 138001,
    "name": "CORDENONS",
    "state": "FRIULI–VENEZIA GIULIA",
    "state_iso2": "36",
    "country": "ITALY",
    "country_iso2": "IT",
    "country_iso3": "ITA",
    "country_native": "ITALIA"
  },
  {
    "id": 138003,
    "name": "CORDOVADO",
    "state": "FRIULI–VENEZIA GIULIA",
    "state_iso2": "36",
    "country": "ITALY",
    "country_iso2": "IT",
    "country_iso3": "ITA",
    "country_native": "ITALIA"
  },
  {
    "id": 138021,
    "name": "CORMONS",
    "state": "FRIULI–VENEZIA GIULIA",
    "state_iso2": "36",
    "country": "ITALY",
    "country_iso2": "IT",
    "country_iso3": "ITA",
    "country_native": "ITALIA"
  },
  {
    "id": 138034,
    "name": "CORNO DI ROSAZZO",
    "state": "FRIULI–VENEZIA GIULIA",
    "state_iso2": "36",
    "country": "ITALY",
    "country_iso2": "IT",
    "country_iso3": "ITA",
    "country_native": "ITALIA"
  },
  {
    "id": 138077,
    "name": "COSEANO",
    "state": "FRIULI–VENEZIA GIULIA",
    "state_iso2": "36",
    "country": "ITALY",
    "country_iso2": "IT",
    "country_iso3": "ITA",
    "country_native": "ITALIA"
  },
  {
    "id": 138123,
    "name": "CRAS",
    "state": "FRIULI–VENEZIA GIULIA",
    "state_iso2": "36",
    "country": "ITALY",
    "country_iso2": "IT",
    "country_iso3": "ITA",
    "country_native": "ITALIA"
  },
  {
    "id": 138266,
    "name": "DIGNANO",
    "state": "FRIULI–VENEZIA GIULIA",
    "state_iso2": "36",
    "country": "ITALY",
    "country_iso2": "IT",
    "country_iso3": "ITA",
    "country_native": "ITALIA"
  },
  {
    "id": 138274,
    "name": "DOBERDÒ DEL LAGO",
    "state": "FRIULI–VENEZIA GIULIA",
    "state_iso2": "36",
    "country": "ITALY",
    "country_iso2": "IT",
    "country_iso3": "ITA",
    "country_native": "ITALIA"
  },
  {
    "id": 138278,
    "name": "DOGNA",
    "state": "FRIULI–VENEZIA GIULIA",
    "state_iso2": "36",
    "country": "ITALY",
    "country_iso2": "IT",
    "country_iso3": "ITA",
    "country_native": "ITALIA"
  },
  {
    "id": 138282,
    "name": "DOLEGNA DEL COLLIO",
    "state": "FRIULI–VENEZIA GIULIA",
    "state_iso2": "36",
    "country": "ITALY",
    "country_iso2": "IT",
    "country_iso3": "ITA",
    "country_native": "ITALIA"
  },
  {
    "id": 138284,
    "name": "DOLINA",
    "state": "FRIULI–VENEZIA GIULIA",
    "state_iso2": "36",
    "country": "ITALY",
    "country_iso2": "IT",
    "country_iso3": "ITA",
    "country_native": "ITALIA"
  },
  {
    "id": 138291,
    "name": "DOMIO",
    "state": "FRIULI–VENEZIA GIULIA",
    "state_iso2": "36",
    "country": "ITALY",
    "country_iso2": "IT",
    "country_iso3": "ITA",
    "country_native": "ITALIA"
  },
  {
    "id": 138341,
    "name": "DUINO",
    "state": "FRIULI–VENEZIA GIULIA",
    "state_iso2": "36",
    "country": "ITALY",
    "country_iso2": "IT",
    "country_iso3": "ITA",
    "country_native": "ITALIA"
  },
  {
    "id": 138359,
    "name": "ENEMONZO-QUINIS",
    "state": "FRIULI–VENEZIA GIULIA",
    "state_iso2": "36",
    "country": "ITALY",
    "country_iso2": "IT",
    "country_iso3": "ITA",
    "country_native": "ITALIA"
  },
  {
    "id": 138376,
    "name": "ERTO",
    "state": "FRIULI–VENEZIA GIULIA",
    "state_iso2": "36",
    "country": "ITALY",
    "country_iso2": "IT",
    "country_iso3": "ITA",
    "country_native": "ITALIA"
  },
  {
    "id": 138399,
    "name": "FAEDIS",
    "state": "FRIULI–VENEZIA GIULIA",
    "state_iso2": "36",
    "country": "ITALY",
    "country_iso2": "IT",
    "country_iso3": "ITA",
    "country_native": "ITALIA"
  },
  {
    "id": 138405,
    "name": "FAGAGNA",
    "state": "FRIULI–VENEZIA GIULIA",
    "state_iso2": "36",
    "country": "ITALY",
    "country_iso2": "IT",
    "country_iso3": "ITA",
    "country_native": "ITALIA"
  },
  {
    "id": 138432,
    "name": "FANNA",
    "state": "FRIULI–VENEZIA GIULIA",
    "state_iso2": "36",
    "country": "ITALY",
    "country_iso2": "IT",
    "country_iso3": "ITA",
    "country_native": "ITALIA"
  },
  {
    "id": 138452,
    "name": "FARRA D'ISONZO",
    "state": "FRIULI–VENEZIA GIULIA",
    "state_iso2": "36",
    "country": "ITALY",
    "country_iso2": "IT",
    "country_iso3": "ITA",
    "country_native": "ITALIA"
  },
  {
    "id": 138550,
    "name": "FIUME VENETO",
    "state": "FRIULI–VENEZIA GIULIA",
    "state_iso2": "36",
    "country": "ITALY",
    "country_iso2": "IT",
    "country_iso3": "ITA",
    "country_native": "ITALIA"
  },
  {
    "id": 138554,
    "name": "FIUMICELLO",
    "state": "FRIULI–VENEZIA GIULIA",
    "state_iso2": "36",
    "country": "ITALY",
    "country_iso2": "IT",
    "country_iso3": "ITA",
    "country_native": "ITALIA"
  },
  {
    "id": 138559,
    "name": "FLAIBANO",
    "state": "FRIULI–VENEZIA GIULIA",
    "state_iso2": "36",
    "country": "ITALY",
    "country_iso2": "IT",
    "country_iso3": "ITA",
    "country_native": "ITALIA"
  },
  {
    "id": 138574,
    "name": "FOGLIANO",
    "state": "FRIULI–VENEZIA GIULIA",
    "state_iso2": "36",
    "country": "ITALY",
    "country_iso2": "IT",
    "country_iso3": "ITA",
    "country_native": "ITALIA"
  },
  {
    "id": 138628,
    "name": "FORGARIA NEL FRIULI",
    "state": "FRIULI–VENEZIA GIULIA",
    "state_iso2": "36",
    "country": "ITALY",
    "country_iso2": "IT",
    "country_iso3": "ITA",
    "country_native": "ITALIA"
  },
  {
    "id": 138653,
    "name": "FORNI AVOLTRI",
    "state": "FRIULI–VENEZIA GIULIA",
    "state_iso2": "36",
    "country": "ITALY",
    "country_iso2": "IT",
    "country_iso3": "ITA",
    "country_native": "ITALIA"
  },
  {
    "id": 138654,
    "name": "FORNI DI SOPRA",
    "state": "FRIULI–VENEZIA GIULIA",
    "state_iso2": "36",
    "country": "ITALY",
    "country_iso2": "IT",
    "country_iso3": "ITA",
    "country_native": "ITALIA"
  },
  {
    "id": 138655,
    "name": "FORNI DI SOTTO",
    "state": "FRIULI–VENEZIA GIULIA",
    "state_iso2": "36",
    "country": "ITALY",
    "country_iso2": "IT",
    "country_iso3": "ITA",
    "country_native": "ITALIA"
  },
  {
    "id": 138737,
    "name": "FRISANCO",
    "state": "FRIULI–VENEZIA GIULIA",
    "state_iso2": "36",
    "country": "ITALY",
    "country_iso2": "IT",
    "country_iso3": "ITA",
    "country_native": "ITALIA"
  },
  {
    "id": 138893,
    "name": "GEMONA",
    "state": "FRIULI–VENEZIA GIULIA",
    "state_iso2": "36",
    "country": "ITALY",
    "country_iso2": "IT",
    "country_iso3": "ITA",
    "country_native": "ITALIA"
  },
  {
    "id": 139016,
    "name": "GONARS",
    "state": "FRIULI–VENEZIA GIULIA",
    "state_iso2": "36",
    "country": "ITALY",
    "country_iso2": "IT",
    "country_iso3": "ITA",
    "country_native": "ITALIA"
  },
  {
    "id": 139032,
    "name": "GORIZIA",
    "state": "FRIULI–VENEZIA GIULIA",
    "state_iso2": "36",
    "country": "ITALY",
    "country_iso2": "IT",
    "country_iso3": "ITA",
    "country_native": "ITALIA"
  },
  {
    "id": 139050,
    "name": "GRADISCA D'ISONZO",
    "state": "FRIULI–VENEZIA GIULIA",
    "state_iso2": "36",
    "country": "ITALY",
    "country_iso2": "IT",
    "country_iso3": "ITA",
    "country_native": "ITALIA"
  },
  {
    "id": 139051,
    "name": "GRADO",
    "state": "FRIULI–VENEZIA GIULIA",
    "state_iso2": "36",
    "country": "ITALY",
    "country_iso2": "IT",
    "country_iso3": "ITA",
    "country_native": "ITALIA"
  },
  {
    "id": 139070,
    "name": "GRANVILLA",
    "state": "FRIULI–VENEZIA GIULIA",
    "state_iso2": "36",
    "country": "ITALY",
    "country_iso2": "IT",
    "country_iso3": "ITA",
    "country_native": "ITALIA"
  },
  {
    "id": 139188,
    "name": "IALMICCO",
    "state": "FRIULI–VENEZIA GIULIA",
    "state_iso2": "36",
    "country": "ITALY",
    "country_iso2": "IT",
    "country_iso3": "ITA",
    "country_native": "ITALIA"
  },
  {
    "id": 139236,
    "name": "ISOLA",
    "state": "FRIULI–VENEZIA GIULIA",
    "state_iso2": "36",
    "country": "ITALY",
    "country_iso2": "IT",
    "country_iso3": "ITA",
    "country_native": "ITALIA"
  },
  {
    "id": 139392,
    "name": "LATISANA",
    "state": "FRIULI–VENEZIA GIULIA",
    "state_iso2": "36",
    "country": "ITALY",
    "country_iso2": "IT",
    "country_iso3": "ITA",
    "country_native": "ITALIA"
  },
  {
    "id": 139395,
    "name": "LAUCO",
    "state": "FRIULI–VENEZIA GIULIA",
    "state_iso2": "36",
    "country": "ITALY",
    "country_iso2": "IT",
    "country_iso3": "ITA",
    "country_native": "ITALIA"
  },
  {
    "id": 139407,
    "name": "LAUZACCO",
    "state": "FRIULI–VENEZIA GIULIA",
    "state_iso2": "36",
    "country": "ITALY",
    "country_iso2": "IT",
    "country_iso3": "ITA",
    "country_native": "ITALIA"
  },
  {
    "id": 139474,
    "name": "LESTANS",
    "state": "FRIULI–VENEZIA GIULIA",
    "state_iso2": "36",
    "country": "ITALY",
    "country_iso2": "IT",
    "country_iso3": "ITA",
    "country_native": "ITALIA"
  },
  {
    "id": 139475,
    "name": "LESTIZZA",
    "state": "FRIULI–VENEZIA GIULIA",
    "state_iso2": "36",
    "country": "ITALY",
    "country_iso2": "IT",
    "country_iso3": "ITA",
    "country_native": "ITALIA"
  },
  {
    "id": 139511,
    "name": "LIGNANO SABBIADORO",
    "state": "FRIULI–VENEZIA GIULIA",
    "state_iso2": "36",
    "country": "ITALY",
    "country_iso2": "IT",
    "country_iso3": "ITA",
    "country_native": "ITALIA"
  },
  {
    "id": 139513,
    "name": "LIGOSULLO",
    "state": "FRIULI–VENEZIA GIULIA",
    "state_iso2": "36",
    "country": "ITALY",
    "country_iso2": "IT",
    "country_iso3": "ITA",
    "country_native": "ITALIA"
  },
  {
    "id": 139674,
    "name": "LUSEVERA",
    "state": "FRIULI–VENEZIA GIULIA",
    "state_iso2": "36",
    "country": "ITALY",
    "country_iso2": "IT",
    "country_iso3": "ITA",
    "country_native": "ITALIA"
  },
  {
    "id": 139738,
    "name": "MAGNANO IN RIVIERA",
    "state": "FRIULI–VENEZIA GIULIA",
    "state_iso2": "36",
    "country": "ITALY",
    "country_iso2": "IT",
    "country_iso3": "ITA",
    "country_native": "ITALIA"
  },
  {
    "id": 139753,
    "name": "MAJANO",
    "state": "FRIULI–VENEZIA GIULIA",
    "state_iso2": "36",
    "country": "ITALY",
    "country_iso2": "IT",
    "country_iso3": "ITA",
    "country_native": "ITALIA"
  },
  {
    "id": 139757,
    "name": "MALBORGHETTO",
    "state": "FRIULI–VENEZIA GIULIA",
    "state_iso2": "36",
    "country": "ITALY",
    "country_iso2": "IT",
    "country_iso3": "ITA",
    "country_native": "ITALIA"
  },
  {
    "id": 139800,
    "name": "MANIAGO",
    "state": "FRIULI–VENEZIA GIULIA",
    "state_iso2": "36",
    "country": "ITALY",
    "country_iso2": "IT",
    "country_iso3": "ITA",
    "country_native": "ITALIA"
  },
  {
    "id": 139812,
    "name": "MANZANO",
    "state": "FRIULI–VENEZIA GIULIA",
    "state_iso2": "36",
    "country": "ITALY",
    "country_iso2": "IT",
    "country_iso3": "ITA",
    "country_native": "ITALIA"
  },
  {
    "id": 139822,
    "name": "MARANO LAGUNARE",
    "state": "FRIULI–VENEZIA GIULIA",
    "state_iso2": "36",
    "country": "ITALY",
    "country_iso2": "IT",
    "country_iso3": "ITA",
    "country_native": "ITALIA"
  },
  {
    "id": 139868,
    "name": "MARIANO DEL FRIULI",
    "state": "FRIULI–VENEZIA GIULIA",
    "state_iso2": "36",
    "country": "ITALY",
    "country_iso2": "IT",
    "country_iso3": "ITA",
    "country_native": "ITALIA"
  },
  {
    "id": 139924,
    "name": "MARSURE",
    "state": "FRIULI–VENEZIA GIULIA",
    "state_iso2": "36",
    "country": "ITALY",
    "country_iso2": "IT",
    "country_iso3": "ITA",
    "country_native": "ITALIA"
  },
  {
    "id": 139930,
    "name": "MARTIGNACCO",
    "state": "FRIULI–VENEZIA GIULIA",
    "state_iso2": "36",
    "country": "ITALY",
    "country_iso2": "IT",
    "country_iso3": "ITA",
    "country_native": "ITALIA"
  },
  {
    "id": 140018,
    "name": "MEDEA",
    "state": "FRIULI–VENEZIA GIULIA",
    "state_iso2": "36",
    "country": "ITALY",
    "country_iso2": "IT",
    "country_iso3": "ITA",
    "country_native": "ITALIA"
  },
  {
    "id": 140022,
    "name": "MEDIIS",
    "state": "FRIULI–VENEZIA GIULIA",
    "state_iso2": "36",
    "country": "ITALY",
    "country_iso2": "IT",
    "country_iso3": "ITA",
    "country_native": "ITALIA"
  },
  {
    "id": 140027,
    "name": "MEDUNO",
    "state": "FRIULI–VENEZIA GIULIA",
    "state_iso2": "36",
    "country": "ITALY",
    "country_iso2": "IT",
    "country_iso3": "ITA",
    "country_native": "ITALIA"
  },
  {
    "id": 140082,
    "name": "MERETO DI TOMBA",
    "state": "FRIULI–VENEZIA GIULIA",
    "state_iso2": "36",
    "country": "ITALY",
    "country_iso2": "IT",
    "country_iso3": "ITA",
    "country_native": "ITALIA"
  },
  {
    "id": 140089,
    "name": "MERSO DI SOPRA",
    "state": "FRIULI–VENEZIA GIULIA",
    "state_iso2": "36",
    "country": "ITALY",
    "country_iso2": "IT",
    "country_iso3": "ITA",
    "country_native": "ITALIA"
  },
  {
    "id": 140196,
    "name": "MOGGIO DI SOTTO",
    "state": "FRIULI–VENEZIA GIULIA",
    "state_iso2": "36",
    "country": "ITALY",
    "country_iso2": "IT",
    "country_iso3": "ITA",
    "country_native": "ITALIA"
  },
  {
    "id": 140195,
    "name": "MOGGIO UDINESE",
    "state": "FRIULI–VENEZIA GIULIA",
    "state_iso2": "36",
    "country": "ITALY",
    "country_iso2": "IT",
    "country_iso3": "ITA",
    "country_native": "ITALIA"
  },
  {
    "id": 140204,
    "name": "MOIMACCO",
    "state": "FRIULI–VENEZIA GIULIA",
    "state_iso2": "36",
    "country": "ITALY",
    "country_iso2": "IT",
    "country_iso3": "ITA",
    "country_native": "ITALIA"
  },
  {
    "id": 140279,
    "name": "MONFALCONE",
    "state": "FRIULI–VENEZIA GIULIA",
    "state_iso2": "36",
    "country": "ITALY",
    "country_iso2": "IT",
    "country_iso3": "ITA",
    "country_native": "ITALIA"
  },
  {
    "id": 140500,
    "name": "MONTENARS",
    "state": "FRIULI–VENEZIA GIULIA",
    "state_iso2": "36",
    "country": "ITALY",
    "country_iso2": "IT",
    "country_iso3": "ITA",
    "country_native": "ITALIA"
  },
  {
    "id": 140515,
    "name": "MONTEREALE VALCELLINA",
    "state": "FRIULI–VENEZIA GIULIA",
    "state_iso2": "36",
    "country": "ITALY",
    "country_iso2": "IT",
    "country_iso3": "ITA",
    "country_native": "ITALIA"
  },
  {
    "id": 140600,
    "name": "MORARO",
    "state": "FRIULI–VENEZIA GIULIA",
    "state_iso2": "36",
    "country": "ITALY",
    "country_iso2": "IT",
    "country_iso3": "ITA",
    "country_native": "ITALIA"
  },
  {
    "id": 140637,
    "name": "MORSANO",
    "state": "FRIULI–VENEZIA GIULIA",
    "state_iso2": "36",
    "country": "ITALY",
    "country_iso2": "IT",
    "country_iso3": "ITA",
    "country_native": "ITALIA"
  },
  {
    "id": 140640,
    "name": "MORTEGLIANO",
    "state": "FRIULI–VENEZIA GIULIA",
    "state_iso2": "36",
    "country": "ITALY",
    "country_iso2": "IT",
    "country_iso3": "ITA",
    "country_native": "ITALIA"
  },
  {
    "id": 140642,
    "name": "MORUZZO",
    "state": "FRIULI–VENEZIA GIULIA",
    "state_iso2": "36",
    "country": "ITALY",
    "country_iso2": "IT",
    "country_iso3": "ITA",
    "country_native": "ITALIA"
  },
  {
    "id": 140651,
    "name": "MOSSA",
    "state": "FRIULI–VENEZIA GIULIA",
    "state_iso2": "36",
    "country": "ITALY",
    "country_iso2": "IT",
    "country_iso3": "ITA",
    "country_native": "ITALIA"
  },
  {
    "id": 140677,
    "name": "MUGGIA",
    "state": "FRIULI–VENEZIA GIULIA",
    "state_iso2": "36",
    "country": "ITALY",
    "country_iso2": "IT",
    "country_iso3": "ITA",
    "country_native": "ITALIA"
  },
  {
    "id": 140707,
    "name": "MUZZANA DEL TURGNANO",
    "state": "FRIULI–VENEZIA GIULIA",
    "state_iso2": "36",
    "country": "ITALY",
    "country_iso2": "IT",
    "country_iso3": "ITA",
    "country_native": "ITALIA"
  },
  {
    "id": 140770,
    "name": "NIMIS",
    "state": "FRIULI–VENEZIA GIULIA",
    "state_iso2": "36",
    "country": "ITALY",
    "country_iso2": "IT",
    "country_iso3": "ITA",
    "country_native": "ITALIA"
  },
  {
    "id": 140942,
    "name": "ORCENICO INFERIORE",
    "state": "FRIULI–VENEZIA GIULIA",
    "state_iso2": "36",
    "country": "ITALY",
    "country_iso2": "IT",
    "country_iso3": "ITA",
    "country_native": "ITALIA"
  },
  {
    "id": 140973,
    "name": "ORSARIA",
    "state": "FRIULI–VENEZIA GIULIA",
    "state_iso2": "36",
    "country": "ITALY",
    "country_iso2": "IT",
    "country_iso3": "ITA",
    "country_native": "ITALIA"
  },
  {
    "id": 141013,
    "name": "OSOPPO",
    "state": "FRIULI–VENEZIA GIULIA",
    "state_iso2": "36",
    "country": "ITALY",
    "country_iso2": "IT",
    "country_iso3": "ITA",
    "country_native": "ITALIA"
  },
  {
    "id": 141056,
    "name": "OVARO",
    "state": "FRIULI–VENEZIA GIULIA",
    "state_iso2": "36",
    "country": "ITALY",
    "country_iso2": "IT",
    "country_iso3": "ITA",
    "country_native": "ITALIA"
  },
  {
    "id": 58210,
    "name": "PAGNACCO",
    "state": "FRIULI–VENEZIA GIULIA",
    "state_iso2": "36",
    "country": "ITALY",
    "country_iso2": "IT",
    "country_iso3": "ITA",
    "country_native": "ITALIA"
  },
  {
    "id": 58235,
    "name": "PALAZZOLO DELLO STELLA",
    "state": "FRIULI–VENEZIA GIULIA",
    "state_iso2": "36",
    "country": "ITALY",
    "country_iso2": "IT",
    "country_iso3": "ITA",
    "country_native": "ITALIA"
  },
  {
    "id": 58255,
    "name": "PALMANOVA",
    "state": "FRIULI–VENEZIA GIULIA",
    "state_iso2": "36",
    "country": "ITALY",
    "country_iso2": "IT",
    "country_iso3": "ITA",
    "country_native": "ITALIA"
  },
  {
    "id": 58267,
    "name": "PALUDEA",
    "state": "FRIULI–VENEZIA GIULIA",
    "state_iso2": "36",
    "country": "ITALY",
    "country_iso2": "IT",
    "country_iso3": "ITA",
    "country_native": "ITALIA"
  },
  {
    "id": 58269,
    "name": "PALUZZA",
    "state": "FRIULI–VENEZIA GIULIA",
    "state_iso2": "36",
    "country": "ITALY",
    "country_iso2": "IT",
    "country_iso3": "ITA",
    "country_native": "ITALIA"
  },
  {
    "id": 58322,
    "name": "PASIAN DI PRATO",
    "state": "FRIULI–VENEZIA GIULIA",
    "state_iso2": "36",
    "country": "ITALY",
    "country_iso2": "IT",
    "country_iso3": "ITA",
    "country_native": "ITALIA"
  },
  {
    "id": 58323,
    "name": "PASIANO",
    "state": "FRIULI–VENEZIA GIULIA",
    "state_iso2": "36",
    "country": "ITALY",
    "country_iso2": "IT",
    "country_iso3": "ITA",
    "country_native": "ITALIA"
  },
  {
    "id": 58334,
    "name": "PASSONS",
    "state": "FRIULI–VENEZIA GIULIA",
    "state_iso2": "36",
    "country": "ITALY",
    "country_iso2": "IT",
    "country_iso3": "ITA",
    "country_native": "ITALIA"
  },
  {
    "id": 58353,
    "name": "PAULARO",
    "state": "FRIULI–VENEZIA GIULIA",
    "state_iso2": "36",
    "country": "ITALY",
    "country_iso2": "IT",
    "country_iso3": "ITA",
    "country_native": "ITALIA"
  },
  {
    "id": 58360,
    "name": "PAVIA DI UDINE",
    "state": "FRIULI–VENEZIA GIULIA",
    "state_iso2": "36",
    "country": "ITALY",
    "country_iso2": "IT",
    "country_iso3": "ITA",
    "country_native": "ITALIA"
  },
  {
    "id": 58415,
    "name": "PERCOTO",
    "state": "FRIULI–VENEZIA GIULIA",
    "state_iso2": "36",
    "country": "ITALY",
    "country_iso2": "IT",
    "country_iso3": "ITA",
    "country_native": "ITALIA"
  },
  {
    "id": 58440,
    "name": "PERTEGADA",
    "state": "FRIULI–VENEZIA GIULIA",
    "state_iso2": "36",
    "country": "ITALY",
    "country_iso2": "IT",
    "country_iso3": "ITA",
    "country_native": "ITALIA"
  },
  {
    "id": 58599,
    "name": "PIERIA-PRATO CARNICO",
    "state": "FRIULI–VENEZIA GIULIA",
    "state_iso2": "36",
    "country": "ITALY",
    "country_iso2": "IT",
    "country_iso3": "ITA",
    "country_native": "ITALIA"
  },
  {
    "id": 58600,
    "name": "PIERIS",
    "state": "FRIULI–VENEZIA GIULIA",
    "state_iso2": "36",
    "country": "ITALY",
    "country_iso2": "IT",
    "country_iso3": "ITA",
    "country_native": "ITALIA"
  },
  {
    "id": 58682,
    "name": "PINZANO AL TAGLIAMENTO",
    "state": "FRIULI–VENEZIA GIULIA",
    "state_iso2": "36",
    "country": "ITALY",
    "country_iso2": "IT",
    "country_iso3": "ITA",
    "country_native": "ITALIA"
  },
  {
    "id": 58743,
    "name": "POCENIA",
    "state": "FRIULI–VENEZIA GIULIA",
    "state_iso2": "36",
    "country": "ITALY",
    "country_iso2": "IT",
    "country_iso3": "ITA",
    "country_native": "ITALIA"
  },
  {
    "id": 58783,
    "name": "POLCENIGO",
    "state": "FRIULI–VENEZIA GIULIA",
    "state_iso2": "36",
    "country": "ITALY",
    "country_iso2": "IT",
    "country_iso3": "ITA",
    "country_native": "ITALIA"
  },
  {
    "id": 58862,
    "name": "PONTEBBA",
    "state": "FRIULI–VENEZIA GIULIA",
    "state_iso2": "36",
    "country": "ITALY",
    "country_iso2": "IT",
    "country_iso3": "ITA",
    "country_native": "ITALIA"
  },
  {
    "id": 58905,
    "name": "PORCIA",
    "state": "FRIULI–VENEZIA GIULIA",
    "state_iso2": "36",
    "country": "ITALY",
    "country_iso2": "IT",
    "country_iso3": "ITA",
    "country_native": "ITALIA"
  },
  {
    "id": 58906,
    "name": "PORDENONE",
    "state": "FRIULI–VENEZIA GIULIA",
    "state_iso2": "36",
    "country": "ITALY",
    "country_iso2": "IT",
    "country_iso3": "ITA",
    "country_native": "ITALIA"
  },
  {
    "id": 58910,
    "name": "PORPETTO",
    "state": "FRIULI–VENEZIA GIULIA",
    "state_iso2": "36",
    "country": "ITALY",
    "country_iso2": "IT",
    "country_iso3": "ITA",
    "country_native": "ITALIA"
  },
  {
    "id": 58972,
    "name": "POVOLETTO",
    "state": "FRIULI–VENEZIA GIULIA",
    "state_iso2": "36",
    "country": "ITALY",
    "country_iso2": "IT",
    "country_iso3": "ITA",
    "country_native": "ITALIA"
  },
  {
    "id": 58992,
    "name": "POZZUOLO DEL FRIULI",
    "state": "FRIULI–VENEZIA GIULIA",
    "state_iso2": "36",
    "country": "ITALY",
    "country_iso2": "IT",
    "country_iso3": "ITA",
    "country_native": "ITALIA"
  },
  {
    "id": 58994,
    "name": "PRADAMANO",
    "state": "FRIULI–VENEZIA GIULIA",
    "state_iso2": "36",
    "country": "ITALY",
    "country_iso2": "IT",
    "country_iso3": "ITA",
    "country_native": "ITALIA"
  },
  {
    "id": 59016,
    "name": "PRATA DI PORDENONE",
    "state": "FRIULI–VENEZIA GIULIA",
    "state_iso2": "36",
    "country": "ITALY",
    "country_iso2": "IT",
    "country_iso3": "ITA",
    "country_native": "ITALIA"
  },
  {
    "id": 59025,
    "name": "PRATO",
    "state": "FRIULI–VENEZIA GIULIA",
    "state_iso2": "36",
    "country": "ITALY",
    "country_iso2": "IT",
    "country_iso3": "ITA",
    "country_native": "ITALIA"
  },
  {
    "id": 59029,
    "name": "PRATO CARNICO",
    "state": "FRIULI–VENEZIA GIULIA",
    "state_iso2": "36",
    "country": "ITALY",
    "country_iso2": "IT",
    "country_iso3": "ITA",
    "country_native": "ITALIA"
  },
  {
    "id": 59037,
    "name": "PRAVISDOMINI",
    "state": "FRIULI–VENEZIA GIULIA",
    "state_iso2": "36",
    "country": "ITALY",
    "country_iso2": "IT",
    "country_iso3": "ITA",
    "country_native": "ITALIA"
  },
  {
    "id": 59041,
    "name": "PRECENICCO",
    "state": "FRIULI–VENEZIA GIULIA",
    "state_iso2": "36",
    "country": "ITALY",
    "country_iso2": "IT",
    "country_iso3": "ITA",
    "country_native": "ITALIA"
  },
  {
    "id": 59053,
    "name": "PREMARIACCO",
    "state": "FRIULI–VENEZIA GIULIA",
    "state_iso2": "36",
    "country": "ITALY",
    "country_iso2": "IT",
    "country_iso3": "ITA",
    "country_native": "ITALIA"
  },
  {
    "id": 59060,
    "name": "PREONE",
    "state": "FRIULI–VENEZIA GIULIA",
    "state_iso2": "36",
    "country": "ITALY",
    "country_iso2": "IT",
    "country_iso3": "ITA",
    "country_native": "ITALIA"
  },
  {
    "id": 59063,
    "name": "PREPOTTO",
    "state": "FRIULI–VENEZIA GIULIA",
    "state_iso2": "36",
    "country": "ITALY",
    "country_iso2": "IT",
    "country_iso3": "ITA",
    "country_native": "ITALIA"
  },
  {
    "id": 59092,
    "name": "PROSECCO-CONTOVELLO",
    "state": "FRIULI–VENEZIA GIULIA",
    "state_iso2": "36",
    "country": "ITALY",
    "country_iso2": "IT",
    "country_iso3": "ITA",
    "country_native": "ITALIA"
  },
  {
    "id": 59135,
    "name": "PROVINCIA DI GORIZIA",
    "state": "FRIULI–VENEZIA GIULIA",
    "state_iso2": "36",
    "country": "ITALY",
    "country_iso2": "IT",
    "country_iso3": "ITA",
    "country_native": "ITALIA"
  },
  {
    "id": 59163,
    "name": "PROVINCIA DI PORDENONE",
    "state": "FRIULI–VENEZIA GIULIA",
    "state_iso2": "36",
    "country": "ITALY",
    "country_iso2": "IT",
    "country_iso3": "ITA",
    "country_native": "ITALIA"
  },
  {
    "id": 59182,
    "name": "PROVINCIA DI TRIESTE",
    "state": "FRIULI–VENEZIA GIULIA",
    "state_iso2": "36",
    "country": "ITALY",
    "country_iso2": "IT",
    "country_iso3": "ITA",
    "country_native": "ITALIA"
  },
  {
    "id": 59183,
    "name": "PROVINCIA DI UDINE",
    "state": "FRIULI–VENEZIA GIULIA",
    "state_iso2": "36",
    "country": "ITALY",
    "country_iso2": "IT",
    "country_iso3": "ITA",
    "country_native": "ITALIA"
  },
  {
    "id": 59198,
    "name": "PUIA-VILLANOVA",
    "state": "FRIULI–VENEZIA GIULIA",
    "state_iso2": "36",
    "country": "ITALY",
    "country_iso2": "IT",
    "country_iso3": "ITA",
    "country_native": "ITALIA"
  },
  {
    "id": 59202,
    "name": "PULFERO",
    "state": "FRIULI–VENEZIA GIULIA",
    "state_iso2": "36",
    "country": "ITALY",
    "country_iso2": "IT",
    "country_iso3": "ITA",
    "country_native": "ITALIA"
  },
  {
    "id": 59277,
    "name": "RAMUSCELLO",
    "state": "FRIULI–VENEZIA GIULIA",
    "state_iso2": "36",
    "country": "ITALY",
    "country_iso2": "IT",
    "country_iso3": "ITA",
    "country_native": "ITALIA"
  },
  {
    "id": 59294,
    "name": "RAUSCEDO-DOMANINS",
    "state": "FRIULI–VENEZIA GIULIA",
    "state_iso2": "36",
    "country": "ITALY",
    "country_iso2": "IT",
    "country_iso3": "ITA",
    "country_native": "ITALIA"
  },
  {
    "id": 59297,
    "name": "RAVASCLETTO",
    "state": "FRIULI–VENEZIA GIULIA",
    "state_iso2": "36",
    "country": "ITALY",
    "country_iso2": "IT",
    "country_iso3": "ITA",
    "country_native": "ITALIA"
  },
  {
    "id": 59300,
    "name": "RAVEO",
    "state": "FRIULI–VENEZIA GIULIA",
    "state_iso2": "36",
    "country": "ITALY",
    "country_iso2": "IT",
    "country_iso3": "ITA",
    "country_native": "ITALIA"
  },
  {
    "id": 59306,
    "name": "REANA DEL ROIALE",
    "state": "FRIULI–VENEZIA GIULIA",
    "state_iso2": "36",
    "country": "ITALY",
    "country_iso2": "IT",
    "country_iso3": "ITA",
    "country_native": "ITALIA"
  },
  {
    "id": 59307,
    "name": "REANA DEL ROJALE",
    "state": "FRIULI–VENEZIA GIULIA",
    "state_iso2": "36",
    "country": "ITALY",
    "country_iso2": "IT",
    "country_iso3": "ITA",
    "country_native": "ITALIA"
  },
  {
    "id": 59327,
    "name": "REMANZACCO",
    "state": "FRIULI–VENEZIA GIULIA",
    "state_iso2": "36",
    "country": "ITALY",
    "country_iso2": "IT",
    "country_iso3": "ITA",
    "country_native": "ITALIA"
  },
  {
    "id": 59336,
    "name": "RESIUTTA",
    "state": "FRIULI–VENEZIA GIULIA",
    "state_iso2": "36",
    "country": "ITALY",
    "country_iso2": "IT",
    "country_iso3": "ITA",
    "country_native": "ITALIA"
  },
  {
    "id": 59380,
    "name": "RIGOLATO",
    "state": "FRIULI–VENEZIA GIULIA",
    "state_iso2": "36",
    "country": "ITALY",
    "country_iso2": "IT",
    "country_iso3": "ITA",
    "country_native": "ITALIA"
  },
  {
    "id": 59435,
    "name": "RIVE D'ARCANO",
    "state": "FRIULI–VENEZIA GIULIA",
    "state_iso2": "36",
    "country": "ITALY",
    "country_iso2": "IT",
    "country_iso3": "ITA",
    "country_native": "ITALIA"
  },
  {
    "id": 59438,
    "name": "RIVIGNANO",
    "state": "FRIULI–VENEZIA GIULIA",
    "state_iso2": "36",
    "country": "ITALY",
    "country_iso2": "IT",
    "country_iso3": "ITA",
    "country_native": "ITALIA"
  },
  {
    "id": 59547,
    "name": "RODEANO",
    "state": "FRIULI–VENEZIA GIULIA",
    "state_iso2": "36",
    "country": "ITALY",
    "country_iso2": "IT",
    "country_iso3": "ITA",
    "country_native": "ITALIA"
  },
  {
    "id": 59580,
    "name": "ROMANS D'ISONZO",
    "state": "FRIULI–VENEZIA GIULIA",
    "state_iso2": "36",
    "country": "ITALY",
    "country_iso2": "IT",
    "country_iso3": "ITA",
    "country_native": "ITALIA"
  },
  {
    "id": 59596,
    "name": "RONCHI DEI LEGIONARI",
    "state": "FRIULI–VENEZIA GIULIA",
    "state_iso2": "36",
    "country": "ITALY",
    "country_iso2": "IT",
    "country_iso3": "ITA",
    "country_native": "ITALIA"
  },
  {
    "id": 59598,
    "name": "RONCHIS",
    "state": "FRIULI–VENEZIA GIULIA",
    "state_iso2": "36",
    "country": "ITALY",
    "country_iso2": "IT",
    "country_iso3": "ITA",
    "country_native": "ITALIA"
  },
  {
    "id": 59623,
    "name": "ROSA",
    "state": "FRIULI–VENEZIA GIULIA",
    "state_iso2": "36",
    "country": "ITALY",
    "country_iso2": "IT",
    "country_iso3": "ITA",
    "country_native": "ITALIA"
  },
  {
    "id": 59677,
    "name": "ROVEREDO IN PIANO",
    "state": "FRIULI–VENEZIA GIULIA",
    "state_iso2": "36",
    "country": "ITALY",
    "country_iso2": "IT",
    "country_iso3": "ITA",
    "country_native": "ITALIA"
  },
  {
    "id": 59693,
    "name": "RUDA",
    "state": "FRIULI–VENEZIA GIULIA",
    "state_iso2": "36",
    "country": "ITALY",
    "country_iso2": "IT",
    "country_iso3": "ITA",
    "country_native": "ITALIA"
  },
  {
    "id": 59720,
    "name": "SACILE",
    "state": "FRIULI–VENEZIA GIULIA",
    "state_iso2": "36",
    "country": "ITALY",
    "country_iso2": "IT",
    "country_iso3": "ITA",
    "country_native": "ITALIA"
  },
  {
    "id": 59725,
    "name": "SAGRADO",
    "state": "FRIULI–VENEZIA GIULIA",
    "state_iso2": "36",
    "country": "ITALY",
    "country_iso2": "IT",
    "country_iso3": "ITA",
    "country_native": "ITALIA"
  },
  {
    "id": 59852,
    "name": "SAN CANZIAN D'ISONZO",
    "state": "FRIULI–VENEZIA GIULIA",
    "state_iso2": "36",
    "country": "ITALY",
    "country_iso2": "IT",
    "country_iso3": "ITA",
    "country_native": "ITALIA"
  },
  {
    "id": 59889,
    "name": "SAN DANIELE DEL FRIULI",
    "state": "FRIULI–VENEZIA GIULIA",
    "state_iso2": "36",
    "country": "ITALY",
    "country_iso2": "IT",
    "country_iso3": "ITA",
    "country_native": "ITALIA"
  },
  {
    "id": 59923,
    "name": "SAN FLORIANO DEL COLLIO",
    "state": "FRIULI–VENEZIA GIULIA",
    "state_iso2": "36",
    "country": "ITALY",
    "country_iso2": "IT",
    "country_iso3": "ITA",
    "country_native": "ITALIA"
  },
  {
    "id": 59941,
    "name": "SAN GIACOMO",
    "state": "FRIULI–VENEZIA GIULIA",
    "state_iso2": "36",
    "country": "ITALY",
    "country_iso2": "IT",
    "country_iso3": "ITA",
    "country_native": "ITALIA"
  },
  {
    "id": 59967,
    "name": "SAN GIORGIO DELLA RICHINVELDA",
    "state": "FRIULI–VENEZIA GIULIA",
    "state_iso2": "36",
    "country": "ITALY",
    "country_iso2": "IT",
    "country_iso3": "ITA",
    "country_native": "ITALIA"
  },
  {
    "id": 59971,
    "name": "SAN GIORGIO DI NOGARO",
    "state": "FRIULI–VENEZIA GIULIA",
    "state_iso2": "36",
    "country": "ITALY",
    "country_iso2": "IT",
    "country_iso3": "ITA",
    "country_native": "ITALIA"
  },
  {
    "id": 59978,
    "name": "SAN GIOVANNI",
    "state": "FRIULI–VENEZIA GIULIA",
    "state_iso2": "36",
    "country": "ITALY",
    "country_iso2": "IT",
    "country_iso3": "ITA",
    "country_native": "ITALIA"
  },
  {
    "id": 59992,
    "name": "SAN GIOVANNI AL NATISONE",
    "state": "FRIULI–VENEZIA GIULIA",
    "state_iso2": "36",
    "country": "ITALY",
    "country_iso2": "IT",
    "country_iso3": "ITA",
    "country_native": "ITALIA"
  },
  {
    "id": 60029,
    "name": "SAN LEONARDO",
    "state": "FRIULI–VENEZIA GIULIA",
    "state_iso2": "36",
    "country": "ITALY",
    "country_iso2": "IT",
    "country_iso3": "ITA",
    "country_native": "ITALIA"
  },
  {
    "id": 60041,
    "name": "SAN LORENZO ISONTINO",
    "state": "FRIULI–VENEZIA GIULIA",
    "state_iso2": "36",
    "country": "ITALY",
    "country_iso2": "IT",
    "country_iso3": "ITA",
    "country_native": "ITALIA"
  },
  {
    "id": 60080,
    "name": "SAN MARTINO AL TAGLIAMENTO",
    "state": "FRIULI–VENEZIA GIULIA",
    "state_iso2": "36",
    "country": "ITALY",
    "country_iso2": "IT",
    "country_iso3": "ITA",
    "country_native": "ITALIA"
  },
  {
    "id": 60165,
    "name": "SAN PIER D'ISONZO",
    "state": "FRIULI–VENEZIA GIULIA",
    "state_iso2": "36",
    "country": "ITALY",
    "country_iso2": "IT",
    "country_iso3": "ITA",
    "country_native": "ITALIA"
  },
  {
    "id": 60188,
    "name": "SAN PIETRO AL NATISONE",
    "state": "FRIULI–VENEZIA GIULIA",
    "state_iso2": "36",
    "country": "ITALY",
    "country_iso2": "IT",
    "country_iso3": "ITA",
    "country_native": "ITALIA"
  },
  {
    "id": 60218,
    "name": "SAN QUIRINO",
    "state": "FRIULI–VENEZIA GIULIA",
    "state_iso2": "36",
    "country": "ITALY",
    "country_iso2": "IT",
    "country_iso3": "ITA",
    "country_native": "ITALIA"
  },
  {
    "id": 60257,
    "name": "SAN VALENTINO",
    "state": "FRIULI–VENEZIA GIULIA",
    "state_iso2": "36",
    "country": "ITALY",
    "country_iso2": "IT",
    "country_iso3": "ITA",
    "country_native": "ITALIA"
  },
  {
    "id": 60280,
    "name": "SAN VITO AL TAGLIAMENTO",
    "state": "FRIULI–VENEZIA GIULIA",
    "state_iso2": "36",
    "country": "ITALY",
    "country_iso2": "IT",
    "country_iso3": "ITA",
    "country_native": "ITALIA"
  },
  {
    "id": 60281,
    "name": "SAN VITO AL TORRE",
    "state": "FRIULI–VENEZIA GIULIA",
    "state_iso2": "36",
    "country": "ITALY",
    "country_iso2": "IT",
    "country_iso3": "ITA",
    "country_native": "ITALIA"
  },
  {
    "id": 60283,
    "name": "SAN VITO DI FAGAGNA",
    "state": "FRIULI–VENEZIA GIULIA",
    "state_iso2": "36",
    "country": "ITALY",
    "country_iso2": "IT",
    "country_iso3": "ITA",
    "country_native": "ITALIA"
  },
  {
    "id": 60425,
    "name": "SANTA CROCE",
    "state": "FRIULI–VENEZIA GIULIA",
    "state_iso2": "36",
    "country": "ITALY",
    "country_iso2": "IT",
    "country_iso3": "ITA",
    "country_native": "ITALIA"
  },
  {
    "id": 60480,
    "name": "SANTA MARIA LA LONGA",
    "state": "FRIULI–VENEZIA GIULIA",
    "state_iso2": "36",
    "country": "ITALY",
    "country_iso2": "IT",
    "country_iso3": "ITA",
    "country_native": "ITALIA"
  },
  {
    "id": 60537,
    "name": "SAPPADA",
    "state": "FRIULI–VENEZIA GIULIA",
    "state_iso2": "36",
    "country": "ITALY",
    "country_iso2": "IT",
    "country_iso3": "ITA",
    "country_native": "ITALIA"
  },
  {
    "id": 60580,
    "name": "SAURIS DI SOTTO",
    "state": "FRIULI–VENEZIA GIULIA",
    "state_iso2": "36",
    "country": "ITALY",
    "country_iso2": "IT",
    "country_iso3": "ITA",
    "country_native": "ITALIA"
  },
  {
    "id": 60596,
    "name": "SAVOGNA",
    "state": "FRIULI–VENEZIA GIULIA",
    "state_iso2": "36",
    "country": "ITALY",
    "country_iso2": "IT",
    "country_iso3": "ITA",
    "country_native": "ITALIA"
  },
  {
    "id": 60597,
    "name": "SAVOGNA D'ISONZO",
    "state": "FRIULI–VENEZIA GIULIA",
    "state_iso2": "36",
    "country": "ITALY",
    "country_iso2": "IT",
    "country_iso3": "ITA",
    "country_native": "ITALIA"
  },
  {
    "id": 60680,
    "name": "SEDEGLIANO",
    "state": "FRIULI–VENEZIA GIULIA",
    "state_iso2": "36",
    "country": "ITALY",
    "country_iso2": "IT",
    "country_iso3": "ITA",
    "country_native": "ITALIA"
  },
  {
    "id": 60734,
    "name": "SEQUALS",
    "state": "FRIULI–VENEZIA GIULIA",
    "state_iso2": "36",
    "country": "ITALY",
    "country_iso2": "IT",
    "country_iso3": "ITA",
    "country_native": "ITALIA"
  },
  {
    "id": 60800,
    "name": "SESTO AL REGHENA",
    "state": "FRIULI–VENEZIA GIULIA",
    "state_iso2": "36",
    "country": "ITALY",
    "country_iso2": "IT",
    "country_iso3": "ITA",
    "country_native": "ITALIA"
  },
  {
    "id": 60821,
    "name": "SEVEGLIANO",
    "state": "FRIULI–VENEZIA GIULIA",
    "state_iso2": "36",
    "country": "ITALY",
    "country_iso2": "IT",
    "country_iso3": "ITA",
    "country_native": "ITALIA"
  },
  {
    "id": 60831,
    "name": "SGONICO",
    "state": "FRIULI–VENEZIA GIULIA",
    "state_iso2": "36",
    "country": "ITALY",
    "country_iso2": "IT",
    "country_iso3": "ITA",
    "country_native": "ITALIA"
  },
  {
    "id": 60881,
    "name": "SISTIANA-VISOGLIANO",
    "state": "FRIULI–VENEZIA GIULIA",
    "state_iso2": "36",
    "country": "ITALY",
    "country_iso2": "IT",
    "country_iso3": "ITA",
    "country_native": "ITALIA"
  },
  {
    "id": 60975,
    "name": "SOTTOSELVA",
    "state": "FRIULI–VENEZIA GIULIA",
    "state_iso2": "36",
    "country": "ITALY",
    "country_iso2": "IT",
    "country_iso3": "ITA",
    "country_native": "ITALIA"
  },
  {
    "id": 61011,
    "name": "SPILIMBERGO",
    "state": "FRIULI–VENEZIA GIULIA",
    "state_iso2": "36",
    "country": "ITALY",
    "country_iso2": "IT",
    "country_iso3": "ITA",
    "country_native": "ITALIA"
  },
  {
    "id": 61047,
    "name": "STARANZANO",
    "state": "FRIULI–VENEZIA GIULIA",
    "state_iso2": "36",
    "country": "ITALY",
    "country_iso2": "IT",
    "country_iso3": "ITA",
    "country_native": "ITALIA"
  },
  {
    "id": 61091,
    "name": "STREGNA",
    "state": "FRIULI–VENEZIA GIULIA",
    "state_iso2": "36",
    "country": "ITALY",
    "country_iso2": "IT",
    "country_iso3": "ITA",
    "country_native": "ITALIA"
  },
  {
    "id": 61134,
    "name": "SUTRIO",
    "state": "FRIULI–VENEZIA GIULIA",
    "state_iso2": "36",
    "country": "ITALY",
    "country_iso2": "IT",
    "country_iso3": "ITA",
    "country_native": "ITALIA"
  },
  {
    "id": 61150,
    "name": "TAIPANA",
    "state": "FRIULI–VENEZIA GIULIA",
    "state_iso2": "36",
    "country": "ITALY",
    "country_iso2": "IT",
    "country_iso3": "ITA",
    "country_native": "ITALIA"
  },
  {
    "id": 61156,
    "name": "TALMASSONS",
    "state": "FRIULI–VENEZIA GIULIA",
    "state_iso2": "36",
    "country": "ITALY",
    "country_iso2": "IT",
    "country_iso3": "ITA",
    "country_native": "ITALIA"
  },
  {
    "id": 61158,
    "name": "TAMAI",
    "state": "FRIULI–VENEZIA GIULIA",
    "state_iso2": "36",
    "country": "ITALY",
    "country_iso2": "IT",
    "country_iso3": "ITA",
    "country_native": "ITALIA"
  },
  {
    "id": 61166,
    "name": "TARCENTO",
    "state": "FRIULI–VENEZIA GIULIA",
    "state_iso2": "36",
    "country": "ITALY",
    "country_iso2": "IT",
    "country_iso3": "ITA",
    "country_native": "ITALIA"
  },
  {
    "id": 61170,
    "name": "TARVISIO",
    "state": "FRIULI–VENEZIA GIULIA",
    "state_iso2": "36",
    "country": "ITALY",
    "country_iso2": "IT",
    "country_iso3": "ITA",
    "country_native": "ITALIA"
  },
  {
    "id": 61178,
    "name": "TAVAGNACCO",
    "state": "FRIULI–VENEZIA GIULIA",
    "state_iso2": "36",
    "country": "ITALY",
    "country_iso2": "IT",
    "country_iso3": "ITA",
    "country_native": "ITALIA"
  },
  {
    "id": 61215,
    "name": "TEOR",
    "state": "FRIULI–VENEZIA GIULIA",
    "state_iso2": "36",
    "country": "ITALY",
    "country_iso2": "IT",
    "country_iso3": "ITA",
    "country_native": "ITALIA"
  },
  {
    "id": 61257,
    "name": "TERZO D'AQUILEIA",
    "state": "FRIULI–VENEZIA GIULIA",
    "state_iso2": "36",
    "country": "ITALY",
    "country_iso2": "IT",
    "country_iso3": "ITA",
    "country_native": "ITALIA"
  },
  {
    "id": 61302,
    "name": "TOLMEZZO",
    "state": "FRIULI–VENEZIA GIULIA",
    "state_iso2": "36",
    "country": "ITALY",
    "country_iso2": "IT",
    "country_iso3": "ITA",
    "country_native": "ITALIA"
  },
  {
    "id": 61378,
    "name": "TORREANO",
    "state": "FRIULI–VENEZIA GIULIA",
    "state_iso2": "36",
    "country": "ITALY",
    "country_iso2": "IT",
    "country_iso3": "ITA",
    "country_native": "ITALIA"
  },
  {
    "id": 61421,
    "name": "TORVISCOSA",
    "state": "FRIULI–VENEZIA GIULIA",
    "state_iso2": "36",
    "country": "ITALY",
    "country_iso2": "IT",
    "country_iso3": "ITA",
    "country_native": "ITALIA"
  },
  {
    "id": 61433,
    "name": "TRAMONTI DI SOPRA",
    "state": "FRIULI–VENEZIA GIULIA",
    "state_iso2": "36",
    "country": "ITALY",
    "country_iso2": "IT",
    "country_iso3": "ITA",
    "country_native": "ITALIA"
  },
  {
    "id": 61434,
    "name": "TRAMONTI DI SOTTO",
    "state": "FRIULI–VENEZIA GIULIA",
    "state_iso2": "36",
    "country": "ITALY",
    "country_iso2": "IT",
    "country_iso3": "ITA",
    "country_native": "ITALIA"
  },
  {
    "id": 61445,
    "name": "TRASAGHIS",
    "state": "FRIULI–VENEZIA GIULIA",
    "state_iso2": "36",
    "country": "ITALY",
    "country_iso2": "IT",
    "country_iso3": "ITA",
    "country_native": "ITALIA"
  },
  {
    "id": 61455,
    "name": "TRAVESIO",
    "state": "FRIULI–VENEZIA GIULIA",
    "state_iso2": "36",
    "country": "ITALY",
    "country_iso2": "IT",
    "country_iso3": "ITA",
    "country_native": "ITALIA"
  },
  {
    "id": 61487,
    "name": "TREPPO CARNICO",
    "state": "FRIULI–VENEZIA GIULIA",
    "state_iso2": "36",
    "country": "ITALY",
    "country_iso2": "IT",
    "country_iso3": "ITA",
    "country_native": "ITALIA"
  },
  {
    "id": 61488,
    "name": "TREPPO GRANDE",
    "state": "FRIULI–VENEZIA GIULIA",
    "state_iso2": "36",
    "country": "ITALY",
    "country_iso2": "IT",
    "country_iso3": "ITA",
    "country_native": "ITALIA"
  },
  {
    "id": 61521,
    "name": "TRICESIMO",
    "state": "FRIULI–VENEZIA GIULIA",
    "state_iso2": "36",
    "country": "ITALY",
    "country_iso2": "IT",
    "country_iso3": "ITA",
    "country_native": "ITALIA"
  },
  {
    "id": 61524,
    "name": "TRIESTE",
    "state": "FRIULI–VENEZIA GIULIA",
    "state_iso2": "36",
    "country": "ITALY",
    "country_iso2": "IT",
    "country_iso3": "ITA",
    "country_native": "ITALIA"
  },
  {
    "id": 61543,
    "name": "TRIVIGNANO UDINESE",
    "state": "FRIULI–VENEZIA GIULIA",
    "state_iso2": "36",
    "country": "ITALY",
    "country_iso2": "IT",
    "country_iso3": "ITA",
    "country_native": "ITALIA"
  },
  {
    "id": 61577,
    "name": "TURRIACO",
    "state": "FRIULI–VENEZIA GIULIA",
    "state_iso2": "36",
    "country": "ITALY",
    "country_iso2": "IT",
    "country_iso3": "ITA",
    "country_native": "ITALIA"
  },
  {
    "id": 61587,
    "name": "UDINE",
    "state": "FRIULI–VENEZIA GIULIA",
    "state_iso2": "36",
    "country": "ITALY",
    "country_iso2": "IT",
    "country_iso3": "ITA",
    "country_native": "ITALIA"
  },
  {
    "id": 61642,
    "name": "VAJONT",
    "state": "FRIULI–VENEZIA GIULIA",
    "state_iso2": "36",
    "country": "ITALY",
    "country_iso2": "IT",
    "country_iso3": "ITA",
    "country_native": "ITALIA"
  },
  {
    "id": 61746,
    "name": "VALVASONE",
    "state": "FRIULI–VENEZIA GIULIA",
    "state_iso2": "36",
    "country": "ITALY",
    "country_iso2": "IT",
    "country_iso3": "ITA",
    "country_native": "ITALIA"
  },
  {
    "id": 61772,
    "name": "VARMO",
    "state": "FRIULI–VENEZIA GIULIA",
    "state_iso2": "36",
    "country": "ITALY",
    "country_iso2": "IT",
    "country_iso3": "ITA",
    "country_native": "ITALIA"
  },
  {
    "id": 61830,
    "name": "VENZONE",
    "state": "FRIULI–VENEZIA GIULIA",
    "state_iso2": "36",
    "country": "ITALY",
    "country_iso2": "IT",
    "country_iso3": "ITA",
    "country_native": "ITALIA"
  },
  {
    "id": 61976,
    "name": "VIGONOVO-FONTANAFREDDA",
    "state": "FRIULI–VENEZIA GIULIA",
    "state_iso2": "36",
    "country": "ITALY",
    "country_iso2": "IT",
    "country_iso3": "ITA",
    "country_native": "ITALIA"
  },
  {
    "id": 62007,
    "name": "VILLA OPICINA",
    "state": "FRIULI–VENEZIA GIULIA",
    "state_iso2": "36",
    "country": "ITALY",
    "country_iso2": "IT",
    "country_iso3": "ITA",
    "country_native": "ITALIA"
  },
  {
    "id": 62027,
    "name": "VILLA SANTINA",
    "state": "FRIULI–VENEZIA GIULIA",
    "state_iso2": "36",
    "country": "ITALY",
    "country_iso2": "IT",
    "country_iso3": "ITA",
    "country_native": "ITALIA"
  },
  {
    "id": 62031,
    "name": "VILLA VICENTINA",
    "state": "FRIULI–VENEZIA GIULIA",
    "state_iso2": "36",
    "country": "ITALY",
    "country_iso2": "IT",
    "country_iso3": "ITA",
    "country_native": "ITALIA"
  },
  {
    "id": 62090,
    "name": "VILLANOVA",
    "state": "FRIULI–VENEZIA GIULIA",
    "state_iso2": "36",
    "country": "ITALY",
    "country_iso2": "IT",
    "country_iso3": "ITA",
    "country_native": "ITALIA"
  },
  {
    "id": 62150,
    "name": "VILLESSE",
    "state": "FRIULI–VENEZIA GIULIA",
    "state_iso2": "36",
    "country": "ITALY",
    "country_iso2": "IT",
    "country_iso3": "ITA",
    "country_native": "ITALIA"
  },
  {
    "id": 62155,
    "name": "VILLOTTA",
    "state": "FRIULI–VENEZIA GIULIA",
    "state_iso2": "36",
    "country": "ITALY",
    "country_iso2": "IT",
    "country_iso3": "ITA",
    "country_native": "ITALIA"
  },
  {
    "id": 62173,
    "name": "VISCO",
    "state": "FRIULI–VENEZIA GIULIA",
    "state_iso2": "36",
    "country": "ITALY",
    "country_iso2": "IT",
    "country_iso3": "ITA",
    "country_native": "ITALIA"
  },
  {
    "id": 62190,
    "name": "VIVARO",
    "state": "FRIULI–VENEZIA GIULIA",
    "state_iso2": "36",
    "country": "ITALY",
    "country_iso2": "IT",
    "country_iso3": "ITA",
    "country_native": "ITALIA"
  },
  {
    "id": 62268,
    "name": "ZOLLA",
    "state": "FRIULI–VENEZIA GIULIA",
    "state_iso2": "36",
    "country": "ITALY",
    "country_iso2": "IT",
    "country_iso3": "ITA",
    "country_native": "ITALIA"
  },
  {
    "id": 62274,
    "name": "ZOPPOLA",
    "state": "FRIULI–VENEZIA GIULIA",
    "state_iso2": "36",
    "country": "ITALY",
    "country_iso2": "IT",
    "country_iso3": "ITA",
    "country_native": "ITALIA"
  },
  {
    "id": 62282,
    "name": "ZUGLIANO-TERENZANO-CARGNACCO",
    "state": "FRIULI–VENEZIA GIULIA",
    "state_iso2": "36",
    "country": "ITALY",
    "country_iso2": "IT",
    "country_iso3": "ITA",
    "country_native": "ITALIA"
  },
  {
    "id": 62283,
    "name": "ZUGLIO",
    "state": "FRIULI–VENEZIA GIULIA",
    "state_iso2": "36",
    "country": "ITALY",
    "country_iso2": "IT",
    "country_iso3": "ITA",
    "country_native": "ITALIA"
  }
]