[
  {
    "id": 80666,
    "name": "IBERIA",
    "state": "MADRE DE DIOS",
    "state_iso2": "MDD",
    "country": "PERU",
    "country_iso2": "PE",
    "country_iso3": "PER",
    "country_native": "PERÚ"
  },
  {
    "id": 80858,
    "name": "PROVINCIA DE MANÚ",
    "state": "MADRE DE DIOS",
    "state_iso2": "MDD",
    "country": "PERU",
    "country_iso2": "PE",
    "country_iso3": "PER",
    "country_native": "PERÚ"
  },
  {
    "id": 80898,
    "name": "PROVINCIA DE TAHUAMANÚ",
    "state": "MADRE DE DIOS",
    "state_iso2": "MDD",
    "country": "PERU",
    "country_iso2": "PE",
    "country_iso3": "PER",
    "country_native": "PERÚ"
  },
  {
    "id": 80900,
    "name": "PROVINCIA DE TAMBOPATA",
    "state": "MADRE DE DIOS",
    "state_iso2": "MDD",
    "country": "PERU",
    "country_iso2": "PE",
    "country_iso3": "PER",
    "country_native": "PERÚ"
  },
  {
    "id": 80918,
    "name": "PUERTO MALDONADO",
    "state": "MADRE DE DIOS",
    "state_iso2": "MDD",
    "country": "PERU",
    "country_iso2": "PE",
    "country_iso3": "PER",
    "country_native": "PERÚ"
  },
  {
    "id": 80939,
    "name": "SALVACIÓN",
    "state": "MADRE DE DIOS",
    "state_iso2": "MDD",
    "country": "PERU",
    "country_iso2": "PE",
    "country_iso3": "PER",
    "country_native": "PERÚ"
  },
  {
    "id": 80987,
    "name": "TAMBOPATA",
    "state": "MADRE DE DIOS",
    "state_iso2": "MDD",
    "country": "PERU",
    "country_iso2": "PE",
    "country_iso3": "PER",
    "country_native": "PERÚ"
  }
]