[
  {
    "id": 77168,
    "name": "CIUDAD DARÍO",
    "state": "MATAGALPA",
    "state_iso2": "MT",
    "country": "NICARAGUA",
    "country_iso2": "NI",
    "country_iso3": "NIC",
    "country_native": "NICARAGUA"
  },
  {
    "id": 77217,
    "name": "MATAGALPA",
    "state": "MATAGALPA",
    "state_iso2": "MT",
    "country": "NICARAGUA",
    "country_iso2": "NI",
    "country_iso3": "NIC",
    "country_native": "NICARAGUA"
  },
  {
    "id": 77218,
    "name": "MATIGUÁS",
    "state": "MATAGALPA",
    "state_iso2": "MT",
    "country": "NICARAGUA",
    "country_iso2": "NI",
    "country_iso3": "NIC",
    "country_native": "NICARAGUA"
  },
  {
    "id": 77238,
    "name": "MUY MUY",
    "state": "MATAGALPA",
    "state_iso2": "MT",
    "country": "NICARAGUA",
    "country_iso2": "NI",
    "country_iso3": "NIC",
    "country_native": "NICARAGUA"
  },
  {
    "id": 77254,
    "name": "RÍO BLANCO",
    "state": "MATAGALPA",
    "state_iso2": "MT",
    "country": "NICARAGUA",
    "country_iso2": "NI",
    "country_iso3": "NIC",
    "country_native": "NICARAGUA"
  },
  {
    "id": 77256,
    "name": "SAN DIONISIO",
    "state": "MATAGALPA",
    "state_iso2": "MT",
    "country": "NICARAGUA",
    "country_iso2": "NI",
    "country_iso3": "NIC",
    "country_native": "NICARAGUA"
  },
  {
    "id": 77271,
    "name": "SAN RAMÓN",
    "state": "MATAGALPA",
    "state_iso2": "MT",
    "country": "NICARAGUA",
    "country_iso2": "NI",
    "country_iso3": "NIC",
    "country_native": "NICARAGUA"
  },
  {
    "id": 77284,
    "name": "TERRABONA",
    "state": "MATAGALPA",
    "state_iso2": "MT",
    "country": "NICARAGUA",
    "country_iso2": "NI",
    "country_iso3": "NIC",
    "country_native": "NICARAGUA"
  }
]