[
  {
    "id": 88929,
    "name": "ALFARELOS",
    "state": "COIMBRA",
    "state_iso2": "06",
    "country": "PORTUGAL",
    "country_iso2": "PT",
    "country_iso3": "PRT",
    "country_native": "PORTUGAL"
  },
  {
    "id": 88938,
    "name": "ALHADAS",
    "state": "COIMBRA",
    "state_iso2": "06",
    "country": "PORTUGAL",
    "country_iso2": "PT",
    "country_iso3": "PRT",
    "country_native": "PORTUGAL"
  },
  {
    "id": 88972,
    "name": "ANÇÃ",
    "state": "COIMBRA",
    "state_iso2": "06",
    "country": "PORTUGAL",
    "country_iso2": "PT",
    "country_iso3": "PRT",
    "country_native": "PORTUGAL"
  },
  {
    "id": 88977,
    "name": "ARAZEDE",
    "state": "COIMBRA",
    "state_iso2": "06",
    "country": "PORTUGAL",
    "country_iso2": "PT",
    "country_iso3": "PRT",
    "country_native": "PORTUGAL"
  },
  {
    "id": 88984,
    "name": "ARGANIL",
    "state": "COIMBRA",
    "state_iso2": "06",
    "country": "PORTUGAL",
    "country_iso2": "PT",
    "country_iso3": "PRT",
    "country_native": "PORTUGAL"
  },
  {
    "id": 88998,
    "name": "ASSAFARGE",
    "state": "COIMBRA",
    "state_iso2": "06",
    "country": "PORTUGAL",
    "country_iso2": "PT",
    "country_iso3": "PRT",
    "country_native": "PORTUGAL"
  },
  {
    "id": 89050,
    "name": "BUARCOS",
    "state": "COIMBRA",
    "state_iso2": "06",
    "country": "PORTUGAL",
    "country_iso2": "PT",
    "country_iso3": "PRT",
    "country_native": "PORTUGAL"
  },
  {
    "id": 89088,
    "name": "CANTANHEDE",
    "state": "COIMBRA",
    "state_iso2": "06",
    "country": "PORTUGAL",
    "country_iso2": "PT",
    "country_iso3": "PRT",
    "country_native": "PORTUGAL"
  },
  {
    "id": 89091,
    "name": "CARAPINHEIRA",
    "state": "COIMBRA",
    "state_iso2": "06",
    "country": "PORTUGAL",
    "country_iso2": "PT",
    "country_iso3": "PRT",
    "country_native": "PORTUGAL"
  },
  {
    "id": 89122,
    "name": "COIMBRA",
    "state": "COIMBRA",
    "state_iso2": "06",
    "country": "PORTUGAL",
    "country_iso2": "PT",
    "country_iso3": "PRT",
    "country_native": "PORTUGAL"
  },
  {
    "id": 89126,
    "name": "CONDEIXA-A-NOVA",
    "state": "COIMBRA",
    "state_iso2": "06",
    "country": "PORTUGAL",
    "country_iso2": "PT",
    "country_iso3": "PRT",
    "country_native": "PORTUGAL"
  },
  {
    "id": 89182,
    "name": "FIGUEIRA DA FOZ",
    "state": "COIMBRA",
    "state_iso2": "06",
    "country": "PORTUGAL",
    "country_iso2": "PT",
    "country_iso3": "PRT",
    "country_native": "PORTUGAL"
  },
  {
    "id": 89222,
    "name": "GÓIS",
    "state": "COIMBRA",
    "state_iso2": "06",
    "country": "PORTUGAL",
    "country_iso2": "PT",
    "country_iso3": "PRT",
    "country_native": "PORTUGAL"
  },
  {
    "id": 89238,
    "name": "LAVOS",
    "state": "COIMBRA",
    "state_iso2": "06",
    "country": "PORTUGAL",
    "country_iso2": "PT",
    "country_iso3": "PRT",
    "country_native": "PORTUGAL"
  },
  {
    "id": 89249,
    "name": "LORVÃO",
    "state": "COIMBRA",
    "state_iso2": "06",
    "country": "PORTUGAL",
    "country_iso2": "PT",
    "country_iso3": "PRT",
    "country_native": "PORTUGAL"
  },
  {
    "id": 89256,
    "name": "LOUSÃ",
    "state": "COIMBRA",
    "state_iso2": "06",
    "country": "PORTUGAL",
    "country_iso2": "PT",
    "country_iso3": "PRT",
    "country_native": "PORTUGAL"
  },
  {
    "id": 89303,
    "name": "MIRA",
    "state": "COIMBRA",
    "state_iso2": "06",
    "country": "PORTUGAL",
    "country_iso2": "PT",
    "country_iso3": "PRT",
    "country_native": "PORTUGAL"
  },
  {
    "id": 89304,
    "name": "MIRANDA DO CORVO",
    "state": "COIMBRA",
    "state_iso2": "06",
    "country": "PORTUGAL",
    "country_iso2": "PT",
    "country_iso3": "PRT",
    "country_native": "PORTUGAL"
  },
  {
    "id": 89325,
    "name": "MONTEMOR-O-VELHO",
    "state": "COIMBRA",
    "state_iso2": "06",
    "country": "PORTUGAL",
    "country_iso2": "PT",
    "country_iso3": "PRT",
    "country_native": "PORTUGAL"
  },
  {
    "id": 89368,
    "name": "OLIVEIRA DO HOSPITAL",
    "state": "COIMBRA",
    "state_iso2": "06",
    "country": "PORTUGAL",
    "country_iso2": "PT",
    "country_iso3": "PRT",
    "country_native": "PORTUGAL"
  },
  {
    "id": 89369,
    "name": "OLIVEIRA DO MONDEGO",
    "state": "COIMBRA",
    "state_iso2": "06",
    "country": "PORTUGAL",
    "country_iso2": "PT",
    "country_iso3": "PRT",
    "country_native": "PORTUGAL"
  },
  {
    "id": 89378,
    "name": "PAMPILHOSA DA SERRA",
    "state": "COIMBRA",
    "state_iso2": "06",
    "country": "PORTUGAL",
    "country_iso2": "PT",
    "country_iso3": "PRT",
    "country_native": "PORTUGAL"
  },
  {
    "id": 89393,
    "name": "PENACOVA",
    "state": "COIMBRA",
    "state_iso2": "06",
    "country": "PORTUGAL",
    "country_iso2": "PT",
    "country_iso3": "PRT",
    "country_native": "PORTUGAL"
  },
  {
    "id": 89399,
    "name": "PENELA",
    "state": "COIMBRA",
    "state_iso2": "06",
    "country": "PORTUGAL",
    "country_iso2": "PT",
    "country_iso3": "PRT",
    "country_native": "PORTUGAL"
  },
  {
    "id": 89410,
    "name": "POIARES",
    "state": "COIMBRA",
    "state_iso2": "06",
    "country": "PORTUGAL",
    "country_iso2": "PT",
    "country_iso3": "PRT",
    "country_native": "PORTUGAL"
  },
  {
    "id": 89497,
    "name": "SANTA CLARA",
    "state": "COIMBRA",
    "state_iso2": "06",
    "country": "PORTUGAL",
    "country_iso2": "PT",
    "country_iso3": "PRT",
    "country_native": "PORTUGAL"
  },
  {
    "id": 89516,
    "name": "SANTO ANTÓNIO DOS OLIVAIS",
    "state": "COIMBRA",
    "state_iso2": "06",
    "country": "PORTUGAL",
    "country_iso2": "PT",
    "country_iso3": "PRT",
    "country_native": "PORTUGAL"
  },
  {
    "id": 89552,
    "name": "SOURE",
    "state": "COIMBRA",
    "state_iso2": "06",
    "country": "PORTUGAL",
    "country_iso2": "PT",
    "country_iso3": "PRT",
    "country_native": "PORTUGAL"
  },
  {
    "id": 89582,
    "name": "SÃO PEDRO DE ALVA",
    "state": "COIMBRA",
    "state_iso2": "06",
    "country": "PORTUGAL",
    "country_iso2": "PT",
    "country_iso3": "PRT",
    "country_native": "PORTUGAL"
  },
  {
    "id": 89596,
    "name": "TAVAREDE",
    "state": "COIMBRA",
    "state_iso2": "06",
    "country": "PORTUGAL",
    "country_iso2": "PT",
    "country_iso3": "PRT",
    "country_native": "PORTUGAL"
  },
  {
    "id": 89603,
    "name": "TOCHA",
    "state": "COIMBRA",
    "state_iso2": "06",
    "country": "PORTUGAL",
    "country_iso2": "PT",
    "country_iso3": "PRT",
    "country_native": "PORTUGAL"
  },
  {
    "id": 89611,
    "name": "TRAVANCA",
    "state": "COIMBRA",
    "state_iso2": "06",
    "country": "PORTUGAL",
    "country_iso2": "PT",
    "country_iso3": "PRT",
    "country_native": "PORTUGAL"
  },
  {
    "id": 89616,
    "name": "TÁBUA",
    "state": "COIMBRA",
    "state_iso2": "06",
    "country": "PORTUGAL",
    "country_iso2": "PT",
    "country_iso3": "PRT",
    "country_native": "PORTUGAL"
  },
  {
    "id": 89660,
    "name": "VILA NOVA DE POIARES",
    "state": "COIMBRA",
    "state_iso2": "06",
    "country": "PORTUGAL",
    "country_iso2": "PT",
    "country_iso3": "PRT",
    "country_native": "PORTUGAL"
  }
]