[
  {
    "id": 135338,
    "name": "ALA",
    "state": "TRENTINO-SOUTH TYROL",
    "state_iso2": "32",
    "country": "ITALY",
    "country_iso2": "IT",
    "country_iso3": "ITA",
    "country_native": "ITALIA"
  },
  {
    "id": 135370,
    "name": "ALBIANO",
    "state": "TRENTINO-SOUTH TYROL",
    "state_iso2": "32",
    "country": "ITALY",
    "country_iso2": "IT",
    "country_iso3": "ITA",
    "country_native": "ITALIA"
  },
  {
    "id": 135391,
    "name": "ALDENO",
    "state": "TRENTINO-SOUTH TYROL",
    "state_iso2": "32",
    "country": "ITALY",
    "country_iso2": "IT",
    "country_iso3": "ITA",
    "country_native": "ITALIA"
  },
  {
    "id": 135392,
    "name": "ALDINO",
    "state": "TRENTINO-SOUTH TYROL",
    "state_iso2": "32",
    "country": "ITALY",
    "country_iso2": "IT",
    "country_iso3": "ITA",
    "country_native": "ITALIA"
  },
  {
    "id": 135465,
    "name": "AMBLAR",
    "state": "TRENTINO-SOUTH TYROL",
    "state_iso2": "32",
    "country": "ITALY",
    "country_iso2": "IT",
    "country_iso3": "ITA",
    "country_native": "ITALIA"
  },
  {
    "id": 135481,
    "name": "ANDALO",
    "state": "TRENTINO-SOUTH TYROL",
    "state_iso2": "32",
    "country": "ITALY",
    "country_iso2": "IT",
    "country_iso3": "ITA",
    "country_native": "ITALIA"
  },
  {
    "id": 135492,
    "name": "ANDRIANO",
    "state": "TRENTINO-SOUTH TYROL",
    "state_iso2": "32",
    "country": "ITALY",
    "country_iso2": "IT",
    "country_iso3": "ITA",
    "country_native": "ITALIA"
  },
  {
    "id": 135514,
    "name": "ANTERIVO",
    "state": "TRENTINO-SOUTH TYROL",
    "state_iso2": "32",
    "country": "ITALY",
    "country_iso2": "IT",
    "country_iso3": "ITA",
    "country_native": "ITALIA"
  },
  {
    "id": 135570,
    "name": "ARCO",
    "state": "TRENTINO-SOUTH TYROL",
    "state_iso2": "32",
    "country": "ITALY",
    "country_iso2": "IT",
    "country_iso3": "ITA",
    "country_native": "ITALIA"
  },
  {
    "id": 135698,
    "name": "AVELENGO",
    "state": "TRENTINO-SOUTH TYROL",
    "state_iso2": "32",
    "country": "ITALY",
    "country_iso2": "IT",
    "country_iso3": "ITA",
    "country_native": "ITALIA"
  },
  {
    "id": 135711,
    "name": "AVIO",
    "state": "TRENTINO-SOUTH TYROL",
    "state_iso2": "32",
    "country": "ITALY",
    "country_iso2": "IT",
    "country_iso3": "ITA",
    "country_native": "ITALIA"
  },
  {
    "id": 135734,
    "name": "BADIA",
    "state": "TRENTINO-SOUTH TYROL",
    "state_iso2": "32",
    "country": "ITALY",
    "country_iso2": "IT",
    "country_iso3": "ITA",
    "country_native": "ITALIA"
  },
  {
    "id": 135831,
    "name": "BARBIANO - BARBIAN",
    "state": "TRENTINO-SOUTH TYROL",
    "state_iso2": "32",
    "country": "ITALY",
    "country_iso2": "IT",
    "country_iso3": "ITA",
    "country_native": "ITALIA"
  },
  {
    "id": 135882,
    "name": "BASELGA DI PINÈ",
    "state": "TRENTINO-SOUTH TYROL",
    "state_iso2": "32",
    "country": "ITALY",
    "country_iso2": "IT",
    "country_iso3": "ITA",
    "country_native": "ITALIA"
  },
  {
    "id": 135999,
    "name": "BERSONE",
    "state": "TRENTINO-SOUTH TYROL",
    "state_iso2": "32",
    "country": "ITALY",
    "country_iso2": "IT",
    "country_iso3": "ITA",
    "country_native": "ITALIA"
  },
  {
    "id": 136013,
    "name": "BESENELLO",
    "state": "TRENTINO-SOUTH TYROL",
    "state_iso2": "32",
    "country": "ITALY",
    "country_iso2": "IT",
    "country_iso3": "ITA",
    "country_native": "ITALIA"
  },
  {
    "id": 136048,
    "name": "BIENO",
    "state": "TRENTINO-SOUTH TYROL",
    "state_iso2": "32",
    "country": "ITALY",
    "country_iso2": "IT",
    "country_iso3": "ITA",
    "country_native": "ITALIA"
  },
  {
    "id": 136078,
    "name": "BLEGGIO SUPERIORE",
    "state": "TRENTINO-SOUTH TYROL",
    "state_iso2": "32",
    "country": "ITALY",
    "country_iso2": "IT",
    "country_iso3": "ITA",
    "country_native": "ITALIA"
  },
  {
    "id": 136091,
    "name": "BOCENAGO",
    "state": "TRENTINO-SOUTH TYROL",
    "state_iso2": "32",
    "country": "ITALY",
    "country_iso2": "IT",
    "country_iso3": "ITA",
    "country_native": "ITALIA"
  },
  {
    "id": 136102,
    "name": "BOLBENO",
    "state": "TRENTINO-SOUTH TYROL",
    "state_iso2": "32",
    "country": "ITALY",
    "country_iso2": "IT",
    "country_iso3": "ITA",
    "country_native": "ITALIA"
  },
  {
    "id": 136109,
    "name": "BOLOGNANO-VIGNOLE",
    "state": "TRENTINO-SOUTH TYROL",
    "state_iso2": "32",
    "country": "ITALY",
    "country_iso2": "IT",
    "country_iso3": "ITA",
    "country_native": "ITALIA"
  },
  {
    "id": 136115,
    "name": "BOLZANO",
    "state": "TRENTINO-SOUTH TYROL",
    "state_iso2": "32",
    "country": "ITALY",
    "country_iso2": "IT",
    "country_iso3": "ITA",
    "country_native": "ITALIA"
  },
  {
    "id": 136132,
    "name": "BONDO",
    "state": "TRENTINO-SOUTH TYROL",
    "state_iso2": "32",
    "country": "ITALY",
    "country_iso2": "IT",
    "country_iso3": "ITA",
    "country_native": "ITALIA"
  },
  {
    "id": 136133,
    "name": "BONDONE",
    "state": "TRENTINO-SOUTH TYROL",
    "state_iso2": "32",
    "country": "ITALY",
    "country_iso2": "IT",
    "country_iso3": "ITA",
    "country_native": "ITALIA"
  },
  {
    "id": 136194,
    "name": "BORGO VALSUGANA",
    "state": "TRENTINO-SOUTH TYROL",
    "state_iso2": "32",
    "country": "ITALY",
    "country_iso2": "IT",
    "country_iso3": "ITA",
    "country_native": "ITALIA"
  },
  {
    "id": 136249,
    "name": "BOSENTINO-MIGAZZONE",
    "state": "TRENTINO-SOUTH TYROL",
    "state_iso2": "32",
    "country": "ITALY",
    "country_iso2": "IT",
    "country_iso3": "ITA",
    "country_native": "ITALIA"
  },
  {
    "id": 136284,
    "name": "BRAIES",
    "state": "TRENTINO-SOUTH TYROL",
    "state_iso2": "32",
    "country": "ITALY",
    "country_iso2": "IT",
    "country_iso3": "ITA",
    "country_native": "ITALIA"
  },
  {
    "id": 136296,
    "name": "BREGUZZO",
    "state": "TRENTINO-SOUTH TYROL",
    "state_iso2": "32",
    "country": "ITALY",
    "country_iso2": "IT",
    "country_iso3": "ITA",
    "country_native": "ITALIA"
  },
  {
    "id": 136305,
    "name": "BRENNERO - BRENNER",
    "state": "TRENTINO-SOUTH TYROL",
    "state_iso2": "32",
    "country": "ITALY",
    "country_iso2": "IT",
    "country_iso3": "ITA",
    "country_native": "ITALIA"
  },
  {
    "id": 136310,
    "name": "BRENTONICO",
    "state": "TRENTINO-SOUTH TYROL",
    "state_iso2": "32",
    "country": "ITALY",
    "country_iso2": "IT",
    "country_iso3": "ITA",
    "country_native": "ITALIA"
  },
  {
    "id": 136315,
    "name": "BRESIMO",
    "state": "TRENTINO-SOUTH TYROL",
    "state_iso2": "32",
    "country": "ITALY",
    "country_iso2": "IT",
    "country_iso3": "ITA",
    "country_native": "ITALIA"
  },
  {
    "id": 136318,
    "name": "BRESSANONE",
    "state": "TRENTINO-SOUTH TYROL",
    "state_iso2": "32",
    "country": "ITALY",
    "country_iso2": "IT",
    "country_iso3": "ITA",
    "country_native": "ITALIA"
  },
  {
    "id": 136321,
    "name": "BREZ",
    "state": "TRENTINO-SOUTH TYROL",
    "state_iso2": "32",
    "country": "ITALY",
    "country_iso2": "IT",
    "country_iso3": "ITA",
    "country_native": "ITALIA"
  },
  {
    "id": 136339,
    "name": "BRIONE",
    "state": "TRENTINO-SOUTH TYROL",
    "state_iso2": "32",
    "country": "ITALY",
    "country_iso2": "IT",
    "country_iso3": "ITA",
    "country_native": "ITALIA"
  },
  {
    "id": 136354,
    "name": "BRONZOLO",
    "state": "TRENTINO-SOUTH TYROL",
    "state_iso2": "32",
    "country": "ITALY",
    "country_iso2": "IT",
    "country_iso3": "ITA",
    "country_native": "ITALIA"
  },
  {
    "id": 136371,
    "name": "BRUNICO",
    "state": "TRENTINO-SOUTH TYROL",
    "state_iso2": "32",
    "country": "ITALY",
    "country_iso2": "IT",
    "country_iso3": "ITA",
    "country_native": "ITALIA"
  },
  {
    "id": 136457,
    "name": "CADERZONE TERME",
    "state": "TRENTINO-SOUTH TYROL",
    "state_iso2": "32",
    "country": "ITALY",
    "country_iso2": "IT",
    "country_iso3": "ITA",
    "country_native": "ITALIA"
  },
  {
    "id": 136458,
    "name": "CADINE",
    "state": "TRENTINO-SOUTH TYROL",
    "state_iso2": "32",
    "country": "ITALY",
    "country_iso2": "IT",
    "country_iso3": "ITA",
    "country_native": "ITALIA"
  },
  {
    "id": 136459,
    "name": "CADIPIETRA",
    "state": "TRENTINO-SOUTH TYROL",
    "state_iso2": "32",
    "country": "ITALY",
    "country_iso2": "IT",
    "country_iso3": "ITA",
    "country_native": "ITALIA"
  },
  {
    "id": 136473,
    "name": "CAGNÒ",
    "state": "TRENTINO-SOUTH TYROL",
    "state_iso2": "32",
    "country": "ITALY",
    "country_iso2": "IT",
    "country_iso3": "ITA",
    "country_native": "ITALIA"
  },
  {
    "id": 136476,
    "name": "CAINES",
    "state": "TRENTINO-SOUTH TYROL",
    "state_iso2": "32",
    "country": "ITALY",
    "country_iso2": "IT",
    "country_iso3": "ITA",
    "country_native": "ITALIA"
  },
  {
    "id": 136477,
    "name": "CAINES - KUENS",
    "state": "TRENTINO-SOUTH TYROL",
    "state_iso2": "32",
    "country": "ITALY",
    "country_iso2": "IT",
    "country_iso3": "ITA",
    "country_native": "ITALIA"
  },
  {
    "id": 136498,
    "name": "CALAVINO",
    "state": "TRENTINO-SOUTH TYROL",
    "state_iso2": "32",
    "country": "ITALY",
    "country_iso2": "IT",
    "country_iso3": "ITA",
    "country_native": "ITALIA"
  },
  {
    "id": 136501,
    "name": "CALCERANICA AL LAGO",
    "state": "TRENTINO-SOUTH TYROL",
    "state_iso2": "32",
    "country": "ITALY",
    "country_iso2": "IT",
    "country_iso3": "ITA",
    "country_native": "ITALIA"
  },
  {
    "id": 136511,
    "name": "CALDARO SULLA STRADA DEL VINO",
    "state": "TRENTINO-SOUTH TYROL",
    "state_iso2": "32",
    "country": "ITALY",
    "country_iso2": "IT",
    "country_iso3": "ITA",
    "country_native": "ITALIA"
  },
  {
    "id": 136515,
    "name": "CALDES",
    "state": "TRENTINO-SOUTH TYROL",
    "state_iso2": "32",
    "country": "ITALY",
    "country_iso2": "IT",
    "country_iso3": "ITA",
    "country_native": "ITALIA"
  },
  {
    "id": 136520,
    "name": "CALDONAZZO",
    "state": "TRENTINO-SOUTH TYROL",
    "state_iso2": "32",
    "country": "ITALY",
    "country_iso2": "IT",
    "country_iso3": "ITA",
    "country_native": "ITALIA"
  },
  {
    "id": 136533,
    "name": "CALLIANO",
    "state": "TRENTINO-SOUTH TYROL",
    "state_iso2": "32",
    "country": "ITALY",
    "country_iso2": "IT",
    "country_iso3": "ITA",
    "country_native": "ITALIA"
  },
  {
    "id": 136624,
    "name": "CAMPITELLO DI FASSA",
    "state": "TRENTINO-SOUTH TYROL",
    "state_iso2": "32",
    "country": "ITALY",
    "country_iso2": "IT",
    "country_iso3": "ITA",
    "country_native": "ITALIA"
  },
  {
    "id": 136636,
    "name": "CAMPO DI TRENS",
    "state": "TRENTINO-SOUTH TYROL",
    "state_iso2": "32",
    "country": "ITALY",
    "country_iso2": "IT",
    "country_iso3": "ITA",
    "country_native": "ITALIA"
  },
  {
    "id": 136633,
    "name": "CAMPO TURES",
    "state": "TRENTINO-SOUTH TYROL",
    "state_iso2": "32",
    "country": "ITALY",
    "country_iso2": "IT",
    "country_iso3": "ITA",
    "country_native": "ITALIA"
  },
  {
    "id": 136645,
    "name": "CAMPODENNO",
    "state": "TRENTINO-SOUTH TYROL",
    "state_iso2": "32",
    "country": "ITALY",
    "country_iso2": "IT",
    "country_iso3": "ITA",
    "country_native": "ITALIA"
  },
  {
    "id": 136686,
    "name": "CANAL SAN BOVO",
    "state": "TRENTINO-SOUTH TYROL",
    "state_iso2": "32",
    "country": "ITALY",
    "country_iso2": "IT",
    "country_iso3": "ITA",
    "country_native": "ITALIA"
  },
  {
    "id": 136693,
    "name": "CANAZEI",
    "state": "TRENTINO-SOUTH TYROL",
    "state_iso2": "32",
    "country": "ITALY",
    "country_iso2": "IT",
    "country_iso3": "ITA",
    "country_native": "ITALIA"
  },
  {
    "id": 136811,
    "name": "CAPRIANA",
    "state": "TRENTINO-SOUTH TYROL",
    "state_iso2": "32",
    "country": "ITALY",
    "country_iso2": "IT",
    "country_iso3": "ITA",
    "country_native": "ITALIA"
  },
  {
    "id": 136833,
    "name": "CARANO",
    "state": "TRENTINO-SOUTH TYROL",
    "state_iso2": "32",
    "country": "ITALY",
    "country_iso2": "IT",
    "country_iso3": "ITA",
    "country_native": "ITALIA"
  },
  {
    "id": 136857,
    "name": "CARDANO",
    "state": "TRENTINO-SOUTH TYROL",
    "state_iso2": "32",
    "country": "ITALY",
    "country_iso2": "IT",
    "country_iso3": "ITA",
    "country_native": "ITALIA"
  },
  {
    "id": 136883,
    "name": "CARISOLO",
    "state": "TRENTINO-SOUTH TYROL",
    "state_iso2": "32",
    "country": "ITALY",
    "country_iso2": "IT",
    "country_iso3": "ITA",
    "country_native": "ITALIA"
  },
  {
    "id": 136948,
    "name": "CARZANO",
    "state": "TRENTINO-SOUTH TYROL",
    "state_iso2": "32",
    "country": "ITALY",
    "country_iso2": "IT",
    "country_iso3": "ITA",
    "country_native": "ITALIA"
  },
  {
    "id": 137135,
    "name": "CASTEL CONDINO",
    "state": "TRENTINO-SOUTH TYROL",
    "state_iso2": "32",
    "country": "ITALY",
    "country_iso2": "IT",
    "country_iso3": "ITA",
    "country_native": "ITALIA"
  },
  {
    "id": 137179,
    "name": "CASTELBELLO",
    "state": "TRENTINO-SOUTH TYROL",
    "state_iso2": "32",
    "country": "ITALY",
    "country_iso2": "IT",
    "country_iso3": "ITA",
    "country_native": "ITALIA"
  },
  {
    "id": 137180,
    "name": "CASTELBELLO-CIARDES - KASTELBELL-TSCHARS",
    "state": "TRENTINO-SOUTH TYROL",
    "state_iso2": "32",
    "country": "ITALY",
    "country_iso2": "IT",
    "country_iso3": "ITA",
    "country_native": "ITALIA"
  },
  {
    "id": 137194,
    "name": "CASTELFONDO",
    "state": "TRENTINO-SOUTH TYROL",
    "state_iso2": "32",
    "country": "ITALY",
    "country_iso2": "IT",
    "country_iso3": "ITA",
    "country_native": "ITALIA"
  },
  {
    "id": 137253,
    "name": "CASTELLO MOLINA DI FIEMME",
    "state": "TRENTINO-SOUTH TYROL",
    "state_iso2": "32",
    "country": "ITALY",
    "country_iso2": "IT",
    "country_iso3": "ITA",
    "country_native": "ITALIA"
  },
  {
    "id": 137254,
    "name": "CASTELLO TESINO",
    "state": "TRENTINO-SOUTH TYROL",
    "state_iso2": "32",
    "country": "ITALY",
    "country_iso2": "IT",
    "country_iso3": "ITA",
    "country_native": "ITALIA"
  },
  {
    "id": 137281,
    "name": "CASTELNUOVO",
    "state": "TRENTINO-SOUTH TYROL",
    "state_iso2": "32",
    "country": "ITALY",
    "country_iso2": "IT",
    "country_iso3": "ITA",
    "country_native": "ITALIA"
  },
  {
    "id": 137311,
    "name": "CASTELROTTO",
    "state": "TRENTINO-SOUTH TYROL",
    "state_iso2": "32",
    "country": "ITALY",
    "country_iso2": "IT",
    "country_iso3": "ITA",
    "country_native": "ITALIA"
  },
  {
    "id": 137413,
    "name": "CAVALESE",
    "state": "TRENTINO-SOUTH TYROL",
    "state_iso2": "32",
    "country": "ITALY",
    "country_iso2": "IT",
    "country_iso3": "ITA",
    "country_native": "ITALIA"
  },
  {
    "id": 137421,
    "name": "CAVARENO",
    "state": "TRENTINO-SOUTH TYROL",
    "state_iso2": "32",
    "country": "ITALY",
    "country_iso2": "IT",
    "country_iso3": "ITA",
    "country_native": "ITALIA"
  },
  {
    "id": 137431,
    "name": "CAVEDAGO",
    "state": "TRENTINO-SOUTH TYROL",
    "state_iso2": "32",
    "country": "ITALY",
    "country_iso2": "IT",
    "country_iso3": "ITA",
    "country_native": "ITALIA"
  },
  {
    "id": 137432,
    "name": "CAVEDINE",
    "state": "TRENTINO-SOUTH TYROL",
    "state_iso2": "32",
    "country": "ITALY",
    "country_iso2": "IT",
    "country_iso3": "ITA",
    "country_native": "ITALIA"
  },
  {
    "id": 137438,
    "name": "CAVIZZANA",
    "state": "TRENTINO-SOUTH TYROL",
    "state_iso2": "32",
    "country": "ITALY",
    "country_iso2": "IT",
    "country_iso3": "ITA",
    "country_native": "ITALIA"
  },
  {
    "id": 137484,
    "name": "CEMBRA",
    "state": "TRENTINO-SOUTH TYROL",
    "state_iso2": "32",
    "country": "ITALY",
    "country_iso2": "IT",
    "country_iso3": "ITA",
    "country_native": "ITALIA"
  },
  {
    "id": 137494,
    "name": "CENTA SAN NICOLÒ",
    "state": "TRENTINO-SOUTH TYROL",
    "state_iso2": "32",
    "country": "ITALY",
    "country_iso2": "IT",
    "country_iso3": "ITA",
    "country_native": "ITALIA"
  },
  {
    "id": 137502,
    "name": "CENTRALE",
    "state": "TRENTINO-SOUTH TYROL",
    "state_iso2": "32",
    "country": "ITALY",
    "country_iso2": "IT",
    "country_iso3": "ITA",
    "country_native": "ITALIA"
  },
  {
    "id": 137554,
    "name": "CERMES",
    "state": "TRENTINO-SOUTH TYROL",
    "state_iso2": "32",
    "country": "ITALY",
    "country_iso2": "IT",
    "country_iso3": "ITA",
    "country_native": "ITALIA"
  },
  {
    "id": 137579,
    "name": "CERTOSA",
    "state": "TRENTINO-SOUTH TYROL",
    "state_iso2": "32",
    "country": "ITALY",
    "country_iso2": "IT",
    "country_iso3": "ITA",
    "country_native": "ITALIA"
  },
  {
    "id": 137662,
    "name": "CHIENES",
    "state": "TRENTINO-SOUTH TYROL",
    "state_iso2": "32",
    "country": "ITALY",
    "country_iso2": "IT",
    "country_iso3": "ITA",
    "country_native": "ITALIA"
  },
  {
    "id": 137686,
    "name": "CHIUSA",
    "state": "TRENTINO-SOUTH TYROL",
    "state_iso2": "32",
    "country": "ITALY",
    "country_iso2": "IT",
    "country_iso3": "ITA",
    "country_native": "ITALIA"
  },
  {
    "id": 137723,
    "name": "CIMEGO",
    "state": "TRENTINO-SOUTH TYROL",
    "state_iso2": "32",
    "country": "ITALY",
    "country_iso2": "IT",
    "country_iso3": "ITA",
    "country_native": "ITALIA"
  },
  {
    "id": 137728,
    "name": "CIMONERI",
    "state": "TRENTINO-SOUTH TYROL",
    "state_iso2": "32",
    "country": "ITALY",
    "country_iso2": "IT",
    "country_iso3": "ITA",
    "country_native": "ITALIA"
  },
  {
    "id": 137739,
    "name": "CINTE TESINO",
    "state": "TRENTINO-SOUTH TYROL",
    "state_iso2": "32",
    "country": "ITALY",
    "country_iso2": "IT",
    "country_iso3": "ITA",
    "country_native": "ITALIA"
  },
  {
    "id": 137752,
    "name": "CIS",
    "state": "TRENTINO-SOUTH TYROL",
    "state_iso2": "32",
    "country": "ITALY",
    "country_iso2": "IT",
    "country_iso3": "ITA",
    "country_native": "ITALIA"
  },
  {
    "id": 137780,
    "name": "CIVEZZANO",
    "state": "TRENTINO-SOUTH TYROL",
    "state_iso2": "32",
    "country": "ITALY",
    "country_iso2": "IT",
    "country_iso3": "ITA",
    "country_native": "ITALIA"
  },
  {
    "id": 137811,
    "name": "CLES",
    "state": "TRENTINO-SOUTH TYROL",
    "state_iso2": "32",
    "country": "ITALY",
    "country_iso2": "IT",
    "country_iso3": "ITA",
    "country_native": "ITALIA"
  },
  {
    "id": 137815,
    "name": "CLOZ",
    "state": "TRENTINO-SOUTH TYROL",
    "state_iso2": "32",
    "country": "ITALY",
    "country_iso2": "IT",
    "country_iso3": "ITA",
    "country_native": "ITALIA"
  },
  {
    "id": 137844,
    "name": "COGOLO",
    "state": "TRENTINO-SOUTH TYROL",
    "state_iso2": "32",
    "country": "ITALY",
    "country_iso2": "IT",
    "country_iso3": "ITA",
    "country_native": "ITALIA"
  },
  {
    "id": 137855,
    "name": "COLLALBO",
    "state": "TRENTINO-SOUTH TYROL",
    "state_iso2": "32",
    "country": "ITALY",
    "country_iso2": "IT",
    "country_iso3": "ITA",
    "country_native": "ITALIA"
  },
  {
    "id": 137861,
    "name": "COLLE ISARCO",
    "state": "TRENTINO-SOUTH TYROL",
    "state_iso2": "32",
    "country": "ITALY",
    "country_iso2": "IT",
    "country_iso3": "ITA",
    "country_native": "ITALIA"
  },
  {
    "id": 137946,
    "name": "COMMEZZADURA",
    "state": "TRENTINO-SOUTH TYROL",
    "state_iso2": "32",
    "country": "ITALY",
    "country_iso2": "IT",
    "country_iso3": "ITA",
    "country_native": "ITALIA"
  },
  {
    "id": 137962,
    "name": "CONDINO",
    "state": "TRENTINO-SOUTH TYROL",
    "state_iso2": "32",
    "country": "ITALY",
    "country_iso2": "IT",
    "country_iso3": "ITA",
    "country_native": "ITALIA"
  },
  {
    "id": 138004,
    "name": "COREDO",
    "state": "TRENTINO-SOUTH TYROL",
    "state_iso2": "32",
    "country": "ITALY",
    "country_iso2": "IT",
    "country_iso3": "ITA",
    "country_native": "ITALIA"
  },
  {
    "id": 138023,
    "name": "CORNAIANO",
    "state": "TRENTINO-SOUTH TYROL",
    "state_iso2": "32",
    "country": "ITALY",
    "country_iso2": "IT",
    "country_iso3": "ITA",
    "country_native": "ITALIA"
  },
  {
    "id": 138028,
    "name": "CORNEDO ALL'ISARCO",
    "state": "TRENTINO-SOUTH TYROL",
    "state_iso2": "32",
    "country": "ITALY",
    "country_iso2": "IT",
    "country_iso3": "ITA",
    "country_native": "ITALIA"
  },
  {
    "id": 138050,
    "name": "CORTACCIA SULLA STRADA DEL VINO",
    "state": "TRENTINO-SOUTH TYROL",
    "state_iso2": "32",
    "country": "ITALY",
    "country_iso2": "IT",
    "country_iso3": "ITA",
    "country_native": "ITALIA"
  },
  {
    "id": 138068,
    "name": "CORTINA SULLA STRADA DEL VINO",
    "state": "TRENTINO-SOUTH TYROL",
    "state_iso2": "32",
    "country": "ITALY",
    "country_iso2": "IT",
    "country_iso3": "ITA",
    "country_native": "ITALIA"
  },
  {
    "id": 138073,
    "name": "CORVARA IN BADIA",
    "state": "TRENTINO-SOUTH TYROL",
    "state_iso2": "32",
    "country": "ITALY",
    "country_iso2": "IT",
    "country_iso3": "ITA",
    "country_native": "ITALIA"
  },
  {
    "id": 138116,
    "name": "COVELO",
    "state": "TRENTINO-SOUTH TYROL",
    "state_iso2": "32",
    "country": "ITALY",
    "country_iso2": "IT",
    "country_iso3": "ITA",
    "country_native": "ITALIA"
  },
  {
    "id": 138149,
    "name": "CRETO",
    "state": "TRENTINO-SOUTH TYROL",
    "state_iso2": "32",
    "country": "ITALY",
    "country_iso2": "IT",
    "country_iso3": "ITA",
    "country_native": "ITALIA"
  },
  {
    "id": 138173,
    "name": "CROVIANA",
    "state": "TRENTINO-SOUTH TYROL",
    "state_iso2": "32",
    "country": "ITALY",
    "country_iso2": "IT",
    "country_iso3": "ITA",
    "country_native": "ITALIA"
  },
  {
    "id": 138192,
    "name": "CUNEVO",
    "state": "TRENTINO-SOUTH TYROL",
    "state_iso2": "32",
    "country": "ITALY",
    "country_iso2": "IT",
    "country_iso3": "ITA",
    "country_native": "ITALIA"
  },
  {
    "id": 138205,
    "name": "CURON VENOSTA",
    "state": "TRENTINO-SOUTH TYROL",
    "state_iso2": "32",
    "country": "ITALY",
    "country_iso2": "IT",
    "country_iso3": "ITA",
    "country_native": "ITALIA"
  },
  {
    "id": 138223,
    "name": "DAIANO",
    "state": "TRENTINO-SOUTH TYROL",
    "state_iso2": "32",
    "country": "ITALY",
    "country_iso2": "IT",
    "country_iso3": "ITA",
    "country_native": "ITALIA"
  },
  {
    "id": 138226,
    "name": "DAMBEL",
    "state": "TRENTINO-SOUTH TYROL",
    "state_iso2": "32",
    "country": "ITALY",
    "country_iso2": "IT",
    "country_iso3": "ITA",
    "country_native": "ITALIA"
  },
  {
    "id": 138228,
    "name": "DAONE",
    "state": "TRENTINO-SOUTH TYROL",
    "state_iso2": "32",
    "country": "ITALY",
    "country_iso2": "IT",
    "country_iso3": "ITA",
    "country_native": "ITALIA"
  },
  {
    "id": 138248,
    "name": "DENNO",
    "state": "TRENTINO-SOUTH TYROL",
    "state_iso2": "32",
    "country": "ITALY",
    "country_iso2": "IT",
    "country_iso3": "ITA",
    "country_native": "ITALIA"
  },
  {
    "id": 138267,
    "name": "DIMARO",
    "state": "TRENTINO-SOUTH TYROL",
    "state_iso2": "32",
    "country": "ITALY",
    "country_iso2": "IT",
    "country_iso3": "ITA",
    "country_native": "ITALIA"
  },
  {
    "id": 138273,
    "name": "DOBBIACO",
    "state": "TRENTINO-SOUTH TYROL",
    "state_iso2": "32",
    "country": "ITALY",
    "country_iso2": "IT",
    "country_iso3": "ITA",
    "country_native": "ITALIA"
  },
  {
    "id": 138295,
    "name": "DON",
    "state": "TRENTINO-SOUTH TYROL",
    "state_iso2": "32",
    "country": "ITALY",
    "country_iso2": "IT",
    "country_iso3": "ITA",
    "country_native": "ITALIA"
  },
  {
    "id": 138311,
    "name": "DORSINO",
    "state": "TRENTINO-SOUTH TYROL",
    "state_iso2": "32",
    "country": "ITALY",
    "country_iso2": "IT",
    "country_iso3": "ITA",
    "country_native": "ITALIA"
  },
  {
    "id": 138328,
    "name": "DRENA",
    "state": "TRENTINO-SOUTH TYROL",
    "state_iso2": "32",
    "country": "ITALY",
    "country_iso2": "IT",
    "country_iso3": "ITA",
    "country_native": "ITALIA"
  },
  {
    "id": 138331,
    "name": "DRO",
    "state": "TRENTINO-SOUTH TYROL",
    "state_iso2": "32",
    "country": "ITALY",
    "country_iso2": "IT",
    "country_iso3": "ITA",
    "country_native": "ITALIA"
  },
  {
    "id": 138350,
    "name": "EGNA",
    "state": "TRENTINO-SOUTH TYROL",
    "state_iso2": "32",
    "country": "ITALY",
    "country_iso2": "IT",
    "country_iso3": "ITA",
    "country_native": "ITALIA"
  },
  {
    "id": 138400,
    "name": "FAEDO",
    "state": "TRENTINO-SOUTH TYROL",
    "state_iso2": "32",
    "country": "ITALY",
    "country_iso2": "IT",
    "country_iso3": "ITA",
    "country_native": "ITALIA"
  },
  {
    "id": 138410,
    "name": "FAI DELLA PAGANELLA",
    "state": "TRENTINO-SOUTH TYROL",
    "state_iso2": "32",
    "country": "ITALY",
    "country_iso2": "IT",
    "country_iso3": "ITA",
    "country_native": "ITALIA"
  },
  {
    "id": 138426,
    "name": "FALZES",
    "state": "TRENTINO-SOUTH TYROL",
    "state_iso2": "32",
    "country": "ITALY",
    "country_iso2": "IT",
    "country_iso3": "ITA",
    "country_native": "ITALIA"
  },
  {
    "id": 138461,
    "name": "FAVER",
    "state": "TRENTINO-SOUTH TYROL",
    "state_iso2": "32",
    "country": "ITALY",
    "country_iso2": "IT",
    "country_iso3": "ITA",
    "country_native": "ITALIA"
  },
  {
    "id": 138502,
    "name": "FIAVÈ",
    "state": "TRENTINO-SOUTH TYROL",
    "state_iso2": "32",
    "country": "ITALY",
    "country_iso2": "IT",
    "country_iso3": "ITA",
    "country_native": "ITALIA"
  },
  {
    "id": 138508,
    "name": "FIERA DI PRIMIERO",
    "state": "TRENTINO-SOUTH TYROL",
    "state_iso2": "32",
    "country": "ITALY",
    "country_iso2": "IT",
    "country_iso3": "ITA",
    "country_native": "ITALIA"
  },
  {
    "id": 138509,
    "name": "FIEROZZO",
    "state": "TRENTINO-SOUTH TYROL",
    "state_iso2": "32",
    "country": "ITALY",
    "country_iso2": "IT",
    "country_iso3": "ITA",
    "country_native": "ITALIA"
  },
  {
    "id": 138558,
    "name": "FIÈ ALLO SCILIAR",
    "state": "TRENTINO-SOUTH TYROL",
    "state_iso2": "32",
    "country": "ITALY",
    "country_iso2": "IT",
    "country_iso3": "ITA",
    "country_native": "ITALIA"
  },
  {
    "id": 138560,
    "name": "FLAVON",
    "state": "TRENTINO-SOUTH TYROL",
    "state_iso2": "32",
    "country": "ITALY",
    "country_iso2": "IT",
    "country_iso3": "ITA",
    "country_native": "ITALIA"
  },
  {
    "id": 138580,
    "name": "FOLGARIA",
    "state": "TRENTINO-SOUTH TYROL",
    "state_iso2": "32",
    "country": "ITALY",
    "country_iso2": "IT",
    "country_iso3": "ITA",
    "country_native": "ITALIA"
  },
  {
    "id": 138589,
    "name": "FONDO",
    "state": "TRENTINO-SOUTH TYROL",
    "state_iso2": "32",
    "country": "ITALY",
    "country_iso2": "IT",
    "country_iso3": "ITA",
    "country_native": "ITALIA"
  },
  {
    "id": 138592,
    "name": "FONTANA NUOVA-BEVIA",
    "state": "TRENTINO-SOUTH TYROL",
    "state_iso2": "32",
    "country": "ITALY",
    "country_iso2": "IT",
    "country_iso3": "ITA",
    "country_native": "ITALIA"
  },
  {
    "id": 138643,
    "name": "FORNACE",
    "state": "TRENTINO-SOUTH TYROL",
    "state_iso2": "32",
    "country": "ITALY",
    "country_iso2": "IT",
    "country_iso3": "ITA",
    "country_native": "ITALIA"
  },
  {
    "id": 138662,
    "name": "FORTEZZA",
    "state": "TRENTINO-SOUTH TYROL",
    "state_iso2": "32",
    "country": "ITALY",
    "country_iso2": "IT",
    "country_iso3": "ITA",
    "country_native": "ITALIA"
  },
  {
    "id": 138710,
    "name": "FRASSILONGO",
    "state": "TRENTINO-SOUTH TYROL",
    "state_iso2": "32",
    "country": "ITALY",
    "country_iso2": "IT",
    "country_iso3": "ITA",
    "country_native": "ITALIA"
  },
  {
    "id": 138725,
    "name": "FRAVIANO",
    "state": "TRENTINO-SOUTH TYROL",
    "state_iso2": "32",
    "country": "ITALY",
    "country_iso2": "IT",
    "country_iso3": "ITA",
    "country_native": "ITALIA"
  },
  {
    "id": 138751,
    "name": "FUNES - VILLNOESS",
    "state": "TRENTINO-SOUTH TYROL",
    "state_iso2": "32",
    "country": "ITALY",
    "country_iso2": "IT",
    "country_iso3": "ITA",
    "country_native": "ITALIA"
  },
  {
    "id": 138793,
    "name": "GAIS",
    "state": "TRENTINO-SOUTH TYROL",
    "state_iso2": "32",
    "country": "ITALY",
    "country_iso2": "IT",
    "country_iso3": "ITA",
    "country_native": "ITALIA"
  },
  {
    "id": 138836,
    "name": "GANDA",
    "state": "TRENTINO-SOUTH TYROL",
    "state_iso2": "32",
    "country": "ITALY",
    "country_iso2": "IT",
    "country_iso3": "ITA",
    "country_native": "ITALIA"
  },
  {
    "id": 138855,
    "name": "GARGAZZONE",
    "state": "TRENTINO-SOUTH TYROL",
    "state_iso2": "32",
    "country": "ITALY",
    "country_iso2": "IT",
    "country_iso3": "ITA",
    "country_native": "ITALIA"
  },
  {
    "id": 138861,
    "name": "GARNIGA NUOVA",
    "state": "TRENTINO-SOUTH TYROL",
    "state_iso2": "32",
    "country": "ITALY",
    "country_iso2": "IT",
    "country_iso3": "ITA",
    "country_native": "ITALIA"
  },
  {
    "id": 138974,
    "name": "GIONGHI-CAPPELLA",
    "state": "TRENTINO-SOUTH TYROL",
    "state_iso2": "32",
    "country": "ITALY",
    "country_iso2": "IT",
    "country_iso3": "ITA",
    "country_native": "ITALIA"
  },
  {
    "id": 138980,
    "name": "GIOVO",
    "state": "TRENTINO-SOUTH TYROL",
    "state_iso2": "32",
    "country": "ITALY",
    "country_iso2": "IT",
    "country_iso3": "ITA",
    "country_native": "ITALIA"
  },
  {
    "id": 139000,
    "name": "GIUSTINO",
    "state": "TRENTINO-SOUTH TYROL",
    "state_iso2": "32",
    "country": "ITALY",
    "country_iso2": "IT",
    "country_iso3": "ITA",
    "country_native": "ITALIA"
  },
  {
    "id": 139005,
    "name": "GLORENZA",
    "state": "TRENTINO-SOUTH TYROL",
    "state_iso2": "32",
    "country": "ITALY",
    "country_iso2": "IT",
    "country_iso3": "ITA",
    "country_native": "ITALIA"
  },
  {
    "id": 139077,
    "name": "GRAUNO",
    "state": "TRENTINO-SOUTH TYROL",
    "state_iso2": "32",
    "country": "ITALY",
    "country_iso2": "IT",
    "country_iso3": "ITA",
    "country_native": "ITALIA"
  },
  {
    "id": 139100,
    "name": "GRIGNO",
    "state": "TRENTINO-SOUTH TYROL",
    "state_iso2": "32",
    "country": "ITALY",
    "country_iso2": "IT",
    "country_iso3": "ITA",
    "country_native": "ITALIA"
  },
  {
    "id": 139138,
    "name": "GRUMES",
    "state": "TRENTINO-SOUTH TYROL",
    "state_iso2": "32",
    "country": "ITALY",
    "country_iso2": "IT",
    "country_iso3": "ITA",
    "country_native": "ITALIA"
  },
  {
    "id": 139198,
    "name": "IMER",
    "state": "TRENTINO-SOUTH TYROL",
    "state_iso2": "32",
    "country": "ITALY",
    "country_iso2": "IT",
    "country_iso3": "ITA",
    "country_native": "ITALIA"
  },
  {
    "id": 139232,
    "name": "ISERA",
    "state": "TRENTINO-SOUTH TYROL",
    "state_iso2": "32",
    "country": "ITALY",
    "country_iso2": "IT",
    "country_iso3": "ITA",
    "country_native": "ITALIA"
  },
  {
    "id": 139307,
    "name": "LA VALLE - WENGEN",
    "state": "TRENTINO-SOUTH TYROL",
    "state_iso2": "32",
    "country": "ITALY",
    "country_iso2": "IT",
    "country_iso3": "ITA",
    "country_native": "ITALIA"
  },
  {
    "id": 139315,
    "name": "LACES",
    "state": "TRENTINO-SOUTH TYROL",
    "state_iso2": "32",
    "country": "ITALY",
    "country_iso2": "IT",
    "country_iso3": "ITA",
    "country_native": "ITALIA"
  },
  {
    "id": 139321,
    "name": "LAGHETTI",
    "state": "TRENTINO-SOUTH TYROL",
    "state_iso2": "32",
    "country": "ITALY",
    "country_iso2": "IT",
    "country_iso3": "ITA",
    "country_native": "ITALIA"
  },
  {
    "id": 139329,
    "name": "LAGUNDO",
    "state": "TRENTINO-SOUTH TYROL",
    "state_iso2": "32",
    "country": "ITALY",
    "country_iso2": "IT",
    "country_iso3": "ITA",
    "country_native": "ITALIA"
  },
  {
    "id": 139335,
    "name": "LAION",
    "state": "TRENTINO-SOUTH TYROL",
    "state_iso2": "32",
    "country": "ITALY",
    "country_iso2": "IT",
    "country_iso3": "ITA",
    "country_native": "ITALIA"
  },
  {
    "id": 139336,
    "name": "LAIVES",
    "state": "TRENTINO-SOUTH TYROL",
    "state_iso2": "32",
    "country": "ITALY",
    "country_iso2": "IT",
    "country_iso3": "ITA",
    "country_native": "ITALIA"
  },
  {
    "id": 139352,
    "name": "LANA",
    "state": "TRENTINO-SOUTH TYROL",
    "state_iso2": "32",
    "country": "ITALY",
    "country_iso2": "IT",
    "country_iso3": "ITA",
    "country_native": "ITALIA"
  },
  {
    "id": 139371,
    "name": "LARDARO",
    "state": "TRENTINO-SOUTH TYROL",
    "state_iso2": "32",
    "country": "ITALY",
    "country_iso2": "IT",
    "country_iso3": "ITA",
    "country_native": "ITALIA"
  },
  {
    "id": 139378,
    "name": "LASA",
    "state": "TRENTINO-SOUTH TYROL",
    "state_iso2": "32",
    "country": "ITALY",
    "country_iso2": "IT",
    "country_iso3": "ITA",
    "country_native": "ITALIA"
  },
  {
    "id": 139380,
    "name": "LASES",
    "state": "TRENTINO-SOUTH TYROL",
    "state_iso2": "32",
    "country": "ITALY",
    "country_iso2": "IT",
    "country_iso3": "ITA",
    "country_native": "ITALIA"
  },
  {
    "id": 139381,
    "name": "LASINO",
    "state": "TRENTINO-SOUTH TYROL",
    "state_iso2": "32",
    "country": "ITALY",
    "country_iso2": "IT",
    "country_iso3": "ITA",
    "country_native": "ITALIA"
  },
  {
    "id": 139399,
    "name": "LAUREGNO",
    "state": "TRENTINO-SOUTH TYROL",
    "state_iso2": "32",
    "country": "ITALY",
    "country_iso2": "IT",
    "country_iso3": "ITA",
    "country_native": "ITALIA"
  },
  {
    "id": 139418,
    "name": "LAVIS",
    "state": "TRENTINO-SOUTH TYROL",
    "state_iso2": "32",
    "country": "ITALY",
    "country_iso2": "IT",
    "country_iso3": "ITA",
    "country_native": "ITALIA"
  },
  {
    "id": 139455,
    "name": "LEONE-SANTA ELISABETTA",
    "state": "TRENTINO-SOUTH TYROL",
    "state_iso2": "32",
    "country": "ITALY",
    "country_iso2": "IT",
    "country_iso3": "ITA",
    "country_native": "ITALIA"
  },
  {
    "id": 139488,
    "name": "LEVICO TERME",
    "state": "TRENTINO-SOUTH TYROL",
    "state_iso2": "32",
    "country": "ITALY",
    "country_iso2": "IT",
    "country_iso3": "ITA",
    "country_native": "ITALIA"
  },
  {
    "id": 139541,
    "name": "LISIGNAGO",
    "state": "TRENTINO-SOUTH TYROL",
    "state_iso2": "32",
    "country": "ITALY",
    "country_iso2": "IT",
    "country_iso3": "ITA",
    "country_native": "ITALIA"
  },
  {
    "id": 139549,
    "name": "LIVO",
    "state": "TRENTINO-SOUTH TYROL",
    "state_iso2": "32",
    "country": "ITALY",
    "country_iso2": "IT",
    "country_iso3": "ITA",
    "country_native": "ITALIA"
  },
  {
    "id": 139573,
    "name": "LODRONE-DARZO",
    "state": "TRENTINO-SOUTH TYROL",
    "state_iso2": "32",
    "country": "ITALY",
    "country_iso2": "IT",
    "country_iso3": "ITA",
    "country_native": "ITALIA"
  },
  {
    "id": 139583,
    "name": "LONA-LASES",
    "state": "TRENTINO-SOUTH TYROL",
    "state_iso2": "32",
    "country": "ITALY",
    "country_iso2": "IT",
    "country_iso3": "ITA",
    "country_native": "ITALIA"
  },
  {
    "id": 139671,
    "name": "LUSERNA",
    "state": "TRENTINO-SOUTH TYROL",
    "state_iso2": "32",
    "country": "ITALY",
    "country_iso2": "IT",
    "country_iso3": "ITA",
    "country_native": "ITALIA"
  },
  {
    "id": 139678,
    "name": "LUSON - LUESEN",
    "state": "TRENTINO-SOUTH TYROL",
    "state_iso2": "32",
    "country": "ITALY",
    "country_iso2": "IT",
    "country_iso3": "ITA",
    "country_native": "ITALIA"
  },
  {
    "id": 139712,
    "name": "MADRANO-CANZOLINO",
    "state": "TRENTINO-SOUTH TYROL",
    "state_iso2": "32",
    "country": "ITALY",
    "country_iso2": "IT",
    "country_iso3": "ITA",
    "country_native": "ITALIA"
  },
  {
    "id": 139743,
    "name": "MAGRÈ SULLA STRADA DEL VINO",
    "state": "TRENTINO-SOUTH TYROL",
    "state_iso2": "32",
    "country": "ITALY",
    "country_iso2": "IT",
    "country_iso3": "ITA",
    "country_native": "ITALIA"
  },
  {
    "id": 139769,
    "name": "MALLES VENOSTA",
    "state": "TRENTINO-SOUTH TYROL",
    "state_iso2": "32",
    "country": "ITALY",
    "country_iso2": "IT",
    "country_iso3": "ITA",
    "country_native": "ITALIA"
  },
  {
    "id": 139774,
    "name": "MALOSCO",
    "state": "TRENTINO-SOUTH TYROL",
    "state_iso2": "32",
    "country": "ITALY",
    "country_iso2": "IT",
    "country_iso3": "ITA",
    "country_native": "ITALIA"
  },
  {
    "id": 139779,
    "name": "MALÈ",
    "state": "TRENTINO-SOUTH TYROL",
    "state_iso2": "32",
    "country": "ITALY",
    "country_iso2": "IT",
    "country_iso3": "ITA",
    "country_native": "ITALIA"
  },
  {
    "id": 139852,
    "name": "MARCO",
    "state": "TRENTINO-SOUTH TYROL",
    "state_iso2": "32",
    "country": "ITALY",
    "country_iso2": "IT",
    "country_iso3": "ITA",
    "country_native": "ITALIA"
  },
  {
    "id": 139903,
    "name": "MARLENGO",
    "state": "TRENTINO-SOUTH TYROL",
    "state_iso2": "32",
    "country": "ITALY",
    "country_iso2": "IT",
    "country_iso3": "ITA",
    "country_native": "ITALIA"
  },
  {
    "id": 139987,
    "name": "MASSIMENO",
    "state": "TRENTINO-SOUTH TYROL",
    "state_iso2": "32",
    "country": "ITALY",
    "country_iso2": "IT",
    "country_iso3": "ITA",
    "country_native": "ITALIA"
  },
  {
    "id": 139999,
    "name": "MATTARELLO",
    "state": "TRENTINO-SOUTH TYROL",
    "state_iso2": "32",
    "country": "ITALY",
    "country_iso2": "IT",
    "country_iso3": "ITA",
    "country_native": "ITALIA"
  },
  {
    "id": 140011,
    "name": "MAZZIN",
    "state": "TRENTINO-SOUTH TYROL",
    "state_iso2": "32",
    "country": "ITALY",
    "country_iso2": "IT",
    "country_iso3": "ITA",
    "country_native": "ITALIA"
  },
  {
    "id": 140015,
    "name": "MEANO",
    "state": "TRENTINO-SOUTH TYROL",
    "state_iso2": "32",
    "country": "ITALY",
    "country_iso2": "IT",
    "country_iso3": "ITA",
    "country_native": "ITALIA"
  },
  {
    "id": 140031,
    "name": "MEIERN",
    "state": "TRENTINO-SOUTH TYROL",
    "state_iso2": "32",
    "country": "ITALY",
    "country_iso2": "IT",
    "country_iso3": "ITA",
    "country_native": "ITALIA"
  },
  {
    "id": 140057,
    "name": "MELTINA",
    "state": "TRENTINO-SOUTH TYROL",
    "state_iso2": "32",
    "country": "ITALY",
    "country_iso2": "IT",
    "country_iso3": "ITA",
    "country_native": "ITALIA"
  },
  {
    "id": 140068,
    "name": "MERANO",
    "state": "TRENTINO-SOUTH TYROL",
    "state_iso2": "32",
    "country": "ITALY",
    "country_iso2": "IT",
    "country_iso3": "ITA",
    "country_native": "ITALIA"
  },
  {
    "id": 140105,
    "name": "MEZZANA",
    "state": "TRENTINO-SOUTH TYROL",
    "state_iso2": "32",
    "country": "ITALY",
    "country_iso2": "IT",
    "country_iso3": "ITA",
    "country_native": "ITALIA"
  },
  {
    "id": 140113,
    "name": "MEZZANO",
    "state": "TRENTINO-SOUTH TYROL",
    "state_iso2": "32",
    "country": "ITALY",
    "country_iso2": "IT",
    "country_iso3": "ITA",
    "country_native": "ITALIA"
  },
  {
    "id": 140118,
    "name": "MEZZOCORONA",
    "state": "TRENTINO-SOUTH TYROL",
    "state_iso2": "32",
    "country": "ITALY",
    "country_iso2": "IT",
    "country_iso3": "ITA",
    "country_native": "ITALIA"
  },
  {
    "id": 140123,
    "name": "MEZZOLOMBARDO",
    "state": "TRENTINO-SOUTH TYROL",
    "state_iso2": "32",
    "country": "ITALY",
    "country_iso2": "IT",
    "country_iso3": "ITA",
    "country_native": "ITALIA"
  },
  {
    "id": 140165,
    "name": "MIOLA DI PINÈ",
    "state": "TRENTINO-SOUTH TYROL",
    "state_iso2": "32",
    "country": "ITALY",
    "country_iso2": "IT",
    "country_iso3": "ITA",
    "country_native": "ITALIA"
  },
  {
    "id": 140193,
    "name": "MOENA",
    "state": "TRENTINO-SOUTH TYROL",
    "state_iso2": "32",
    "country": "ITALY",
    "country_iso2": "IT",
    "country_iso3": "ITA",
    "country_native": "ITALIA"
  },
  {
    "id": 140215,
    "name": "MOLINA DI LEDRO",
    "state": "TRENTINO-SOUTH TYROL",
    "state_iso2": "32",
    "country": "ITALY",
    "country_iso2": "IT",
    "country_iso3": "ITA",
    "country_native": "ITALIA"
  },
  {
    "id": 140233,
    "name": "MOLVENO",
    "state": "TRENTINO-SOUTH TYROL",
    "state_iso2": "32",
    "country": "ITALY",
    "country_iso2": "IT",
    "country_iso3": "ITA",
    "country_native": "ITALIA"
  },
  {
    "id": 140268,
    "name": "MONCLASSICO",
    "state": "TRENTINO-SOUTH TYROL",
    "state_iso2": "32",
    "country": "ITALY",
    "country_iso2": "IT",
    "country_iso3": "ITA",
    "country_native": "ITALIA"
  },
  {
    "id": 140291,
    "name": "MONGUELFO",
    "state": "TRENTINO-SOUTH TYROL",
    "state_iso2": "32",
    "country": "ITALY",
    "country_iso2": "IT",
    "country_iso3": "ITA",
    "country_native": "ITALIA"
  },
  {
    "id": 140308,
    "name": "MONTAGNA",
    "state": "TRENTINO-SOUTH TYROL",
    "state_iso2": "32",
    "country": "ITALY",
    "country_iso2": "IT",
    "country_iso3": "ITA",
    "country_native": "ITALIA"
  },
  {
    "id": 140312,
    "name": "MONTAGNE",
    "state": "TRENTINO-SOUTH TYROL",
    "state_iso2": "32",
    "country": "ITALY",
    "country_iso2": "IT",
    "country_iso3": "ITA",
    "country_native": "ITALIA"
  },
  {
    "id": 140615,
    "name": "MORI",
    "state": "TRENTINO-SOUTH TYROL",
    "state_iso2": "32",
    "country": "ITALY",
    "country_iso2": "IT",
    "country_iso3": "ITA",
    "country_native": "ITALIA"
  },
  {
    "id": 140644,
    "name": "MOSCHERI",
    "state": "TRENTINO-SOUTH TYROL",
    "state_iso2": "32",
    "country": "ITALY",
    "country_iso2": "IT",
    "country_iso3": "ITA",
    "country_native": "ITALIA"
  },
  {
    "id": 140649,
    "name": "MOSO IN PASSIRIA",
    "state": "TRENTINO-SOUTH TYROL",
    "state_iso2": "32",
    "country": "ITALY",
    "country_iso2": "IT",
    "country_iso3": "ITA",
    "country_native": "ITALIA"
  },
  {
    "id": 140709,
    "name": "MÜHLEN IN TAUFERS",
    "state": "TRENTINO-SOUTH TYROL",
    "state_iso2": "32",
    "country": "ITALY",
    "country_iso2": "IT",
    "country_iso3": "ITA",
    "country_native": "ITALIA"
  },
  {
    "id": 140710,
    "name": "NAGO-TORBOLE",
    "state": "TRENTINO-SOUTH TYROL",
    "state_iso2": "32",
    "country": "ITALY",
    "country_iso2": "IT",
    "country_iso3": "ITA",
    "country_native": "ITALIA"
  },
  {
    "id": 140711,
    "name": "NALLES",
    "state": "TRENTINO-SOUTH TYROL",
    "state_iso2": "32",
    "country": "ITALY",
    "country_iso2": "IT",
    "country_iso3": "ITA",
    "country_native": "ITALIA"
  },
  {
    "id": 140712,
    "name": "NANNO",
    "state": "TRENTINO-SOUTH TYROL",
    "state_iso2": "32",
    "country": "ITALY",
    "country_iso2": "IT",
    "country_iso3": "ITA",
    "country_native": "ITALIA"
  },
  {
    "id": 140726,
    "name": "NATURNO",
    "state": "TRENTINO-SOUTH TYROL",
    "state_iso2": "32",
    "country": "ITALY",
    "country_iso2": "IT",
    "country_iso3": "ITA",
    "country_native": "ITALIA"
  },
  {
    "id": 140729,
    "name": "NAVE SAN ROCCO",
    "state": "TRENTINO-SOUTH TYROL",
    "state_iso2": "32",
    "country": "ITALY",
    "country_iso2": "IT",
    "country_iso3": "ITA",
    "country_native": "ITALIA"
  },
  {
    "id": 140732,
    "name": "NAZ-SCIAVES - NATZ-SCHABS",
    "state": "TRENTINO-SOUTH TYROL",
    "state_iso2": "32",
    "country": "ITALY",
    "country_iso2": "IT",
    "country_iso3": "ITA",
    "country_native": "ITALIA"
  },
  {
    "id": 140792,
    "name": "NOGAREDO",
    "state": "TRENTINO-SOUTH TYROL",
    "state_iso2": "32",
    "country": "ITALY",
    "country_iso2": "IT",
    "country_iso3": "ITA",
    "country_native": "ITALIA"
  },
  {
    "id": 140801,
    "name": "NOMI",
    "state": "TRENTINO-SOUTH TYROL",
    "state_iso2": "32",
    "country": "ITALY",
    "country_iso2": "IT",
    "country_iso3": "ITA",
    "country_native": "ITALIA"
  },
  {
    "id": 140813,
    "name": "NOVA LEVANTE",
    "state": "TRENTINO-SOUTH TYROL",
    "state_iso2": "32",
    "country": "ITALY",
    "country_iso2": "IT",
    "country_iso3": "ITA",
    "country_native": "ITALIA"
  },
  {
    "id": 140815,
    "name": "NOVA PONENTE",
    "state": "TRENTINO-SOUTH TYROL",
    "state_iso2": "32",
    "country": "ITALY",
    "country_iso2": "IT",
    "country_iso3": "ITA",
    "country_native": "ITALIA"
  },
  {
    "id": 140820,
    "name": "NOVALEDO",
    "state": "TRENTINO-SOUTH TYROL",
    "state_iso2": "32",
    "country": "ITALY",
    "country_iso2": "IT",
    "country_iso3": "ITA",
    "country_native": "ITALIA"
  },
  {
    "id": 140936,
    "name": "ORA",
    "state": "TRENTINO-SOUTH TYROL",
    "state_iso2": "32",
    "country": "ITALY",
    "country_iso2": "IT",
    "country_iso3": "ITA",
    "country_native": "ITALIA"
  },
  {
    "id": 140986,
    "name": "ORTISEI",
    "state": "TRENTINO-SOUTH TYROL",
    "state_iso2": "32",
    "country": "ITALY",
    "country_iso2": "IT",
    "country_iso3": "ITA",
    "country_native": "ITALIA"
  },
  {
    "id": 141015,
    "name": "OSPEDALETTO",
    "state": "TRENTINO-SOUTH TYROL",
    "state_iso2": "32",
    "country": "ITALY",
    "country_iso2": "IT",
    "country_iso3": "ITA",
    "country_native": "ITALIA"
  },
  {
    "id": 141025,
    "name": "OSSANA",
    "state": "TRENTINO-SOUTH TYROL",
    "state_iso2": "32",
    "country": "ITALY",
    "country_iso2": "IT",
    "country_iso3": "ITA",
    "country_native": "ITALIA"
  },
  {
    "id": 141074,
    "name": "PADERGNONE",
    "state": "TRENTINO-SOUTH TYROL",
    "state_iso2": "32",
    "country": "ITALY",
    "country_iso2": "IT",
    "country_iso3": "ITA",
    "country_native": "ITALIA"
  },
  {
    "id": 58271,
    "name": "PALÙ DEL FERSINA",
    "state": "TRENTINO-SOUTH TYROL",
    "state_iso2": "32",
    "country": "ITALY",
    "country_iso2": "IT",
    "country_iso3": "ITA",
    "country_native": "ITALIA"
  },
  {
    "id": 58275,
    "name": "PANCHIÀ",
    "state": "TRENTINO-SOUTH TYROL",
    "state_iso2": "32",
    "country": "ITALY",
    "country_iso2": "IT",
    "country_iso3": "ITA",
    "country_native": "ITALIA"
  },
  {
    "id": 58298,
    "name": "PARCINES",
    "state": "TRENTINO-SOUTH TYROL",
    "state_iso2": "32",
    "country": "ITALY",
    "country_iso2": "IT",
    "country_iso3": "ITA",
    "country_native": "ITALIA"
  },
  {
    "id": 58397,
    "name": "PELLIZZANO",
    "state": "TRENTINO-SOUTH TYROL",
    "state_iso2": "32",
    "country": "ITALY",
    "country_iso2": "IT",
    "country_iso3": "ITA",
    "country_native": "ITALIA"
  },
  {
    "id": 58398,
    "name": "PELUGO",
    "state": "TRENTINO-SOUTH TYROL",
    "state_iso2": "32",
    "country": "ITALY",
    "country_iso2": "IT",
    "country_iso3": "ITA",
    "country_native": "ITALIA"
  },
  {
    "id": 58413,
    "name": "PERCA",
    "state": "TRENTINO-SOUTH TYROL",
    "state_iso2": "32",
    "country": "ITALY",
    "country_iso2": "IT",
    "country_iso3": "ITA",
    "country_native": "ITALIA"
  },
  {
    "id": 58423,
    "name": "PERGINE VALSUGANA",
    "state": "TRENTINO-SOUTH TYROL",
    "state_iso2": "32",
    "country": "ITALY",
    "country_iso2": "IT",
    "country_iso3": "ITA",
    "country_native": "ITALIA"
  },
  {
    "id": 58563,
    "name": "PIAZZA",
    "state": "TRENTINO-SOUTH TYROL",
    "state_iso2": "32",
    "country": "ITALY",
    "country_iso2": "IT",
    "country_iso3": "ITA",
    "country_native": "ITALIA"
  },
  {
    "id": 58618,
    "name": "PIETRAMURATA",
    "state": "TRENTINO-SOUTH TYROL",
    "state_iso2": "32",
    "country": "ITALY",
    "country_iso2": "IT",
    "country_iso3": "ITA",
    "country_native": "ITALIA"
  },
  {
    "id": 58648,
    "name": "PIEVE DI BONO",
    "state": "TRENTINO-SOUTH TYROL",
    "state_iso2": "32",
    "country": "ITALY",
    "country_iso2": "IT",
    "country_iso3": "ITA",
    "country_native": "ITALIA"
  },
  {
    "id": 58652,
    "name": "PIEVE DI LEDRO",
    "state": "TRENTINO-SOUTH TYROL",
    "state_iso2": "32",
    "country": "ITALY",
    "country_iso2": "IT",
    "country_iso3": "ITA",
    "country_native": "ITALIA"
  },
  {
    "id": 58640,
    "name": "PIEVE TESINO",
    "state": "TRENTINO-SOUTH TYROL",
    "state_iso2": "32",
    "country": "ITALY",
    "country_iso2": "IT",
    "country_iso3": "ITA",
    "country_native": "ITALIA"
  },
  {
    "id": 58676,
    "name": "PINETA",
    "state": "TRENTINO-SOUTH TYROL",
    "state_iso2": "32",
    "country": "ITALY",
    "country_iso2": "IT",
    "country_iso3": "ITA",
    "country_native": "ITALIA"
  },
  {
    "id": 58683,
    "name": "PINZOLO",
    "state": "TRENTINO-SOUTH TYROL",
    "state_iso2": "32",
    "country": "ITALY",
    "country_iso2": "IT",
    "country_iso3": "ITA",
    "country_native": "ITALIA"
  },
  {
    "id": 58736,
    "name": "PLAUS",
    "state": "TRENTINO-SOUTH TYROL",
    "state_iso2": "32",
    "country": "ITALY",
    "country_iso2": "IT",
    "country_iso3": "ITA",
    "country_native": "ITALIA"
  },
  {
    "id": 58812,
    "name": "POMAROLO",
    "state": "TRENTINO-SOUTH TYROL",
    "state_iso2": "32",
    "country": "ITALY",
    "country_iso2": "IT",
    "country_iso3": "ITA",
    "country_native": "ITALIA"
  },
  {
    "id": 58835,
    "name": "PONTE ARCHE",
    "state": "TRENTINO-SOUTH TYROL",
    "state_iso2": "32",
    "country": "ITALY",
    "country_iso2": "IT",
    "country_iso3": "ITA",
    "country_native": "ITALIA"
  },
  {
    "id": 58841,
    "name": "PONTE GARDENA",
    "state": "TRENTINO-SOUTH TYROL",
    "state_iso2": "32",
    "country": "ITALY",
    "country_iso2": "IT",
    "country_iso3": "ITA",
    "country_native": "ITALIA"
  },
  {
    "id": 58960,
    "name": "POSTAL",
    "state": "TRENTINO-SOUTH TYROL",
    "state_iso2": "32",
    "country": "ITALY",
    "country_iso2": "IT",
    "country_iso3": "ITA",
    "country_native": "ITALIA"
  },
  {
    "id": 58971,
    "name": "POVO",
    "state": "TRENTINO-SOUTH TYROL",
    "state_iso2": "32",
    "country": "ITALY",
    "country_iso2": "IT",
    "country_iso3": "ITA",
    "country_native": "ITALIA"
  },
  {
    "id": 58974,
    "name": "POZZA DI FASSA",
    "state": "TRENTINO-SOUTH TYROL",
    "state_iso2": "32",
    "country": "ITALY",
    "country_iso2": "IT",
    "country_iso3": "ITA",
    "country_native": "ITALIA"
  },
  {
    "id": 59011,
    "name": "PRASO",
    "state": "TRENTINO-SOUTH TYROL",
    "state_iso2": "32",
    "country": "ITALY",
    "country_iso2": "IT",
    "country_iso3": "ITA",
    "country_native": "ITALIA"
  },
  {
    "id": 59020,
    "name": "PRATI",
    "state": "TRENTINO-SOUTH TYROL",
    "state_iso2": "32",
    "country": "ITALY",
    "country_iso2": "IT",
    "country_iso3": "ITA",
    "country_native": "ITALIA"
  },
  {
    "id": 59028,
    "name": "PRATO ALLO STELVIO",
    "state": "TRENTINO-SOUTH TYROL",
    "state_iso2": "32",
    "country": "ITALY",
    "country_iso2": "IT",
    "country_iso3": "ITA",
    "country_native": "ITALIA"
  },
  {
    "id": 59044,
    "name": "PREDAZZO",
    "state": "TRENTINO-SOUTH TYROL",
    "state_iso2": "32",
    "country": "ITALY",
    "country_iso2": "IT",
    "country_iso3": "ITA",
    "country_native": "ITALIA"
  },
  {
    "id": 59045,
    "name": "PREDOI",
    "state": "TRENTINO-SOUTH TYROL",
    "state_iso2": "32",
    "country": "ITALY",
    "country_iso2": "IT",
    "country_iso3": "ITA",
    "country_native": "ITALIA"
  },
  {
    "id": 59061,
    "name": "PREORE",
    "state": "TRENTINO-SOUTH TYROL",
    "state_iso2": "32",
    "country": "ITALY",
    "country_iso2": "IT",
    "country_iso3": "ITA",
    "country_native": "ITALIA"
  },
  {
    "id": 59073,
    "name": "PREZZO",
    "state": "TRENTINO-SOUTH TYROL",
    "state_iso2": "32",
    "country": "ITALY",
    "country_iso2": "IT",
    "country_iso3": "ITA",
    "country_native": "ITALIA"
  },
  {
    "id": 59098,
    "name": "PROVES - PROVEIS",
    "state": "TRENTINO-SOUTH TYROL",
    "state_iso2": "32",
    "country": "ITALY",
    "country_iso2": "IT",
    "country_iso3": "ITA",
    "country_native": "ITALIA"
  },
  {
    "id": 59105,
    "name": "PROVINCIA AUTONOMA DI TRENTO",
    "state": "TRENTINO-SOUTH TYROL",
    "state_iso2": "32",
    "country": "ITALY",
    "country_iso2": "IT",
    "country_iso3": "ITA",
    "country_native": "ITALIA"
  },
  {
    "id": 59253,
    "name": "RABBI FONTI",
    "state": "TRENTINO-SOUTH TYROL",
    "state_iso2": "32",
    "country": "ITALY",
    "country_iso2": "IT",
    "country_iso3": "ITA",
    "country_native": "ITALIA"
  },
  {
    "id": 59254,
    "name": "RABLÀ",
    "state": "TRENTINO-SOUTH TYROL",
    "state_iso2": "32",
    "country": "ITALY",
    "country_iso2": "IT",
    "country_iso3": "ITA",
    "country_native": "ITALIA"
  },
  {
    "id": 59259,
    "name": "RACINES",
    "state": "TRENTINO-SOUTH TYROL",
    "state_iso2": "32",
    "country": "ITALY",
    "country_iso2": "IT",
    "country_iso3": "ITA",
    "country_native": "ITALIA"
  },
  {
    "id": 59260,
    "name": "RACINES - RATSCHINGS",
    "state": "TRENTINO-SOUTH TYROL",
    "state_iso2": "32",
    "country": "ITALY",
    "country_iso2": "IT",
    "country_iso3": "ITA",
    "country_native": "ITALIA"
  },
  {
    "id": 59268,
    "name": "RAGOLI",
    "state": "TRENTINO-SOUTH TYROL",
    "state_iso2": "32",
    "country": "ITALY",
    "country_iso2": "IT",
    "country_iso3": "ITA",
    "country_native": "ITALIA"
  },
  {
    "id": 59292,
    "name": "RASUN ANTERSELVA - RASEN-ANTHOLZ",
    "state": "TRENTINO-SOUTH TYROL",
    "state_iso2": "32",
    "country": "ITALY",
    "country_iso2": "IT",
    "country_iso3": "ITA",
    "country_native": "ITALIA"
  },
  {
    "id": 59301,
    "name": "RAVINA",
    "state": "TRENTINO-SOUTH TYROL",
    "state_iso2": "32",
    "country": "ITALY",
    "country_iso2": "IT",
    "country_iso3": "ITA",
    "country_native": "ITALIA"
  },
  {
    "id": 59333,
    "name": "RENON - RITTEN",
    "state": "TRENTINO-SOUTH TYROL",
    "state_iso2": "32",
    "country": "ITALY",
    "country_iso2": "IT",
    "country_iso3": "ITA",
    "country_native": "ITALIA"
  },
  {
    "id": 59345,
    "name": "REVÒ",
    "state": "TRENTINO-SOUTH TYROL",
    "state_iso2": "32",
    "country": "ITALY",
    "country_iso2": "IT",
    "country_iso3": "ITA",
    "country_native": "ITALIA"
  },
  {
    "id": 59371,
    "name": "RIED",
    "state": "TRENTINO-SOUTH TYROL",
    "state_iso2": "32",
    "country": "ITALY",
    "country_iso2": "IT",
    "country_iso3": "ITA",
    "country_native": "ITALIA"
  },
  {
    "id": 59375,
    "name": "RIFIANO",
    "state": "TRENTINO-SOUTH TYROL",
    "state_iso2": "32",
    "country": "ITALY",
    "country_iso2": "IT",
    "country_iso3": "ITA",
    "country_native": "ITALIA"
  },
  {
    "id": 59389,
    "name": "RIO DI PUSTERIA",
    "state": "TRENTINO-SOUTH TYROL",
    "state_iso2": "32",
    "country": "ITALY",
    "country_iso2": "IT",
    "country_iso3": "ITA",
    "country_native": "ITALIA"
  },
  {
    "id": 59413,
    "name": "RISCONE",
    "state": "TRENTINO-SOUTH TYROL",
    "state_iso2": "32",
    "country": "ITALY",
    "country_iso2": "IT",
    "country_iso3": "ITA",
    "country_native": "ITALIA"
  },
  {
    "id": 59419,
    "name": "RIVA DEL GARDA",
    "state": "TRENTINO-SOUTH TYROL",
    "state_iso2": "32",
    "country": "ITALY",
    "country_iso2": "IT",
    "country_iso3": "ITA",
    "country_native": "ITALIA"
  },
  {
    "id": 59549,
    "name": "RODENGO",
    "state": "TRENTINO-SOUTH TYROL",
    "state_iso2": "32",
    "country": "ITALY",
    "country_iso2": "IT",
    "country_iso3": "ITA",
    "country_native": "ITALIA"
  },
  {
    "id": 59550,
    "name": "RODENGO - RODENECK",
    "state": "TRENTINO-SOUTH TYROL",
    "state_iso2": "32",
    "country": "ITALY",
    "country_iso2": "IT",
    "country_iso3": "ITA",
    "country_native": "ITALIA"
  },
  {
    "id": 59570,
    "name": "ROMAGNANO",
    "state": "TRENTINO-SOUTH TYROL",
    "state_iso2": "32",
    "country": "ITALY",
    "country_iso2": "IT",
    "country_iso3": "ITA",
    "country_native": "ITALIA"
  },
  {
    "id": 59573,
    "name": "ROMALLO",
    "state": "TRENTINO-SOUTH TYROL",
    "state_iso2": "32",
    "country": "ITALY",
    "country_iso2": "IT",
    "country_iso3": "ITA",
    "country_native": "ITALIA"
  },
  {
    "id": 59583,
    "name": "ROMENO",
    "state": "TRENTINO-SOUTH TYROL",
    "state_iso2": "32",
    "country": "ITALY",
    "country_iso2": "IT",
    "country_iso3": "ITA",
    "country_native": "ITALIA"
  },
  {
    "id": 59593,
    "name": "RONCEGNO",
    "state": "TRENTINO-SOUTH TYROL",
    "state_iso2": "32",
    "country": "ITALY",
    "country_iso2": "IT",
    "country_iso3": "ITA",
    "country_native": "ITALIA"
  },
  {
    "id": 59595,
    "name": "RONCHI VALSUGANA",
    "state": "TRENTINO-SOUTH TYROL",
    "state_iso2": "32",
    "country": "ITALY",
    "country_iso2": "IT",
    "country_iso3": "ITA",
    "country_native": "ITALIA"
  },
  {
    "id": 59612,
    "name": "RONCONE",
    "state": "TRENTINO-SOUTH TYROL",
    "state_iso2": "32",
    "country": "ITALY",
    "country_iso2": "IT",
    "country_iso3": "ITA",
    "country_native": "ITALIA"
  },
  {
    "id": 59618,
    "name": "RONZO-CHIENIS",
    "state": "TRENTINO-SOUTH TYROL",
    "state_iso2": "32",
    "country": "ITALY",
    "country_iso2": "IT",
    "country_iso3": "ITA",
    "country_native": "ITALIA"
  },
  {
    "id": 59619,
    "name": "RONZONE",
    "state": "TRENTINO-SOUTH TYROL",
    "state_iso2": "32",
    "country": "ITALY",
    "country_iso2": "IT",
    "country_iso3": "ITA",
    "country_native": "ITALIA"
  },
  {
    "id": 59679,
    "name": "ROVERETO",
    "state": "TRENTINO-SOUTH TYROL",
    "state_iso2": "32",
    "country": "ITALY",
    "country_iso2": "IT",
    "country_iso3": "ITA",
    "country_native": "ITALIA"
  },
  {
    "id": 59681,
    "name": "ROVERÈ DELLA LUNA",
    "state": "TRENTINO-SOUTH TYROL",
    "state_iso2": "32",
    "country": "ITALY",
    "country_iso2": "IT",
    "country_iso3": "ITA",
    "country_native": "ITALIA"
  },
  {
    "id": 59698,
    "name": "RUFFRÈ",
    "state": "TRENTINO-SOUTH TYROL",
    "state_iso2": "32",
    "country": "ITALY",
    "country_iso2": "IT",
    "country_iso3": "ITA",
    "country_native": "ITALIA"
  },
  {
    "id": 59702,
    "name": "RUMO",
    "state": "TRENTINO-SOUTH TYROL",
    "state_iso2": "32",
    "country": "ITALY",
    "country_iso2": "IT",
    "country_iso3": "ITA",
    "country_native": "ITALIA"
  },
  {
    "id": 59714,
    "name": "SABBIONARA",
    "state": "TRENTINO-SOUTH TYROL",
    "state_iso2": "32",
    "country": "ITALY",
    "country_iso2": "IT",
    "country_iso3": "ITA",
    "country_native": "ITALIA"
  },
  {
    "id": 59726,
    "name": "SAGRON MIS",
    "state": "TRENTINO-SOUTH TYROL",
    "state_iso2": "32",
    "country": "ITALY",
    "country_iso2": "IT",
    "country_iso3": "ITA",
    "country_native": "ITALIA"
  },
  {
    "id": 59779,
    "name": "SALORNO",
    "state": "TRENTINO-SOUTH TYROL",
    "state_iso2": "32",
    "country": "ITALY",
    "country_iso2": "IT",
    "country_iso3": "ITA",
    "country_native": "ITALIA"
  },
  {
    "id": 59814,
    "name": "SAMONE",
    "state": "TRENTINO-SOUTH TYROL",
    "state_iso2": "32",
    "country": "ITALY",
    "country_iso2": "IT",
    "country_iso3": "ITA",
    "country_native": "ITALIA"
  },
  {
    "id": 59836,
    "name": "SAN BERNARDO",
    "state": "TRENTINO-SOUTH TYROL",
    "state_iso2": "32",
    "country": "ITALY",
    "country_iso2": "IT",
    "country_iso3": "ITA",
    "country_native": "ITALIA"
  },
  {
    "id": 59851,
    "name": "SAN CANDIDO",
    "state": "TRENTINO-SOUTH TYROL",
    "state_iso2": "32",
    "country": "ITALY",
    "country_iso2": "IT",
    "country_iso3": "ITA",
    "country_native": "ITALIA"
  },
  {
    "id": 59907,
    "name": "SAN FELICE",
    "state": "TRENTINO-SOUTH TYROL",
    "state_iso2": "32",
    "country": "ITALY",
    "country_iso2": "IT",
    "country_iso3": "ITA",
    "country_native": "ITALIA"
  },
  {
    "id": 59932,
    "name": "SAN GENESIO",
    "state": "TRENTINO-SOUTH TYROL",
    "state_iso2": "32",
    "country": "ITALY",
    "country_iso2": "IT",
    "country_iso3": "ITA",
    "country_native": "ITALIA"
  },
  {
    "id": 59933,
    "name": "SAN GENESIO ATESINO",
    "state": "TRENTINO-SOUTH TYROL",
    "state_iso2": "32",
    "country": "ITALY",
    "country_iso2": "IT",
    "country_iso3": "ITA",
    "country_native": "ITALIA"
  },
  {
    "id": 59943,
    "name": "SAN GIACOMO",
    "state": "TRENTINO-SOUTH TYROL",
    "state_iso2": "32",
    "country": "ITALY",
    "country_iso2": "IT",
    "country_iso3": "ITA",
    "country_native": "ITALIA"
  },
  {
    "id": 60031,
    "name": "SAN LEONARDO IN PASSIRIA",
    "state": "TRENTINO-SOUTH TYROL",
    "state_iso2": "32",
    "country": "ITALY",
    "country_iso2": "IT",
    "country_iso3": "ITA",
    "country_native": "ITALIA"
  },
  {
    "id": 60047,
    "name": "SAN LORENZO DI SEBATO",
    "state": "TRENTINO-SOUTH TYROL",
    "state_iso2": "32",
    "country": "ITALY",
    "country_iso2": "IT",
    "country_iso3": "ITA",
    "country_native": "ITALIA"
  },
  {
    "id": 60048,
    "name": "SAN LORENZO IN BANALE",
    "state": "TRENTINO-SOUTH TYROL",
    "state_iso2": "32",
    "country": "ITALY",
    "country_iso2": "IT",
    "country_iso3": "ITA",
    "country_native": "ITALIA"
  },
  {
    "id": 60069,
    "name": "SAN MARTINO",
    "state": "TRENTINO-SOUTH TYROL",
    "state_iso2": "32",
    "country": "ITALY",
    "country_iso2": "IT",
    "country_iso3": "ITA",
    "country_native": "ITALIA"
  },
  {
    "id": 60089,
    "name": "SAN MARTINO IN BADIA",
    "state": "TRENTINO-SOUTH TYROL",
    "state_iso2": "32",
    "country": "ITALY",
    "country_iso2": "IT",
    "country_iso3": "ITA",
    "country_native": "ITALIA"
  },
  {
    "id": 60092,
    "name": "SAN MARTINO IN PASSIRIA",
    "state": "TRENTINO-SOUTH TYROL",
    "state_iso2": "32",
    "country": "ITALY",
    "country_iso2": "IT",
    "country_iso3": "ITA",
    "country_native": "ITALIA"
  },
  {
    "id": 60114,
    "name": "SAN MICHELE",
    "state": "TRENTINO-SOUTH TYROL",
    "state_iso2": "32",
    "country": "ITALY",
    "country_iso2": "IT",
    "country_iso3": "ITA",
    "country_native": "ITALIA"
  },
  {
    "id": 60117,
    "name": "SAN MICHELE ALL'ADIGE",
    "state": "TRENTINO-SOUTH TYROL",
    "state_iso2": "32",
    "country": "ITALY",
    "country_iso2": "IT",
    "country_iso3": "ITA",
    "country_native": "ITALIA"
  },
  {
    "id": 60151,
    "name": "SAN PANCRAZIO",
    "state": "TRENTINO-SOUTH TYROL",
    "state_iso2": "32",
    "country": "ITALY",
    "country_iso2": "IT",
    "country_iso3": "ITA",
    "country_native": "ITALIA"
  },
  {
    "id": 60155,
    "name": "SAN PAOLO",
    "state": "TRENTINO-SOUTH TYROL",
    "state_iso2": "32",
    "country": "ITALY",
    "country_iso2": "IT",
    "country_iso3": "ITA",
    "country_native": "ITALIA"
  },
  {
    "id": 60170,
    "name": "SAN PIETRO",
    "state": "TRENTINO-SOUTH TYROL",
    "state_iso2": "32",
    "country": "ITALY",
    "country_iso2": "IT",
    "country_iso3": "ITA",
    "country_native": "ITALIA"
  },
  {
    "id": 60266,
    "name": "SAN VIGILIO",
    "state": "TRENTINO-SOUTH TYROL",
    "state_iso2": "32",
    "country": "ITALY",
    "country_iso2": "IT",
    "country_iso3": "ITA",
    "country_native": "ITALIA"
  },
  {
    "id": 60411,
    "name": "SANT'ORSOLA",
    "state": "TRENTINO-SOUTH TYROL",
    "state_iso2": "32",
    "country": "ITALY",
    "country_iso2": "IT",
    "country_iso3": "ITA",
    "country_native": "ITALIA"
  },
  {
    "id": 60412,
    "name": "SANT'ORSOLA TERME",
    "state": "TRENTINO-SOUTH TYROL",
    "state_iso2": "32",
    "country": "ITALY",
    "country_iso2": "IT",
    "country_iso3": "ITA",
    "country_native": "ITALIA"
  },
  {
    "id": 60423,
    "name": "SANTA CRISTINA VALGARDENA",
    "state": "TRENTINO-SOUTH TYROL",
    "state_iso2": "32",
    "country": "ITALY",
    "country_iso2": "IT",
    "country_iso3": "ITA",
    "country_native": "ITALIA"
  },
  {
    "id": 60497,
    "name": "SANTA VALBURGA",
    "state": "TRENTINO-SOUTH TYROL",
    "state_iso2": "32",
    "country": "ITALY",
    "country_iso2": "IT",
    "country_iso3": "ITA",
    "country_native": "ITALIA"
  },
  {
    "id": 60533,
    "name": "SANZENO",
    "state": "TRENTINO-SOUTH TYROL",
    "state_iso2": "32",
    "country": "ITALY",
    "country_iso2": "IT",
    "country_iso3": "ITA",
    "country_native": "ITALIA"
  },
  {
    "id": 60546,
    "name": "SARENTINO",
    "state": "TRENTINO-SOUTH TYROL",
    "state_iso2": "32",
    "country": "ITALY",
    "country_iso2": "IT",
    "country_iso3": "ITA",
    "country_native": "ITALIA"
  },
  {
    "id": 60555,
    "name": "SARNONICO",
    "state": "TRENTINO-SOUTH TYROL",
    "state_iso2": "32",
    "country": "ITALY",
    "country_iso2": "IT",
    "country_iso3": "ITA",
    "country_native": "ITALIA"
  },
  {
    "id": 60637,
    "name": "SCENA",
    "state": "TRENTINO-SOUTH TYROL",
    "state_iso2": "32",
    "country": "ITALY",
    "country_iso2": "IT",
    "country_iso3": "ITA",
    "country_native": "ITALIA"
  },
  {
    "id": 60638,
    "name": "SCENA - SCHENNA",
    "state": "TRENTINO-SOUTH TYROL",
    "state_iso2": "32",
    "country": "ITALY",
    "country_iso2": "IT",
    "country_iso3": "ITA",
    "country_native": "ITALIA"
  },
  {
    "id": 60652,
    "name": "SCIAVES",
    "state": "TRENTINO-SOUTH TYROL",
    "state_iso2": "32",
    "country": "ITALY",
    "country_iso2": "IT",
    "country_iso3": "ITA",
    "country_native": "ITALIA"
  },
  {
    "id": 60671,
    "name": "SCURELLE",
    "state": "TRENTINO-SOUTH TYROL",
    "state_iso2": "32",
    "country": "ITALY",
    "country_iso2": "IT",
    "country_iso3": "ITA",
    "country_native": "ITALIA"
  },
  {
    "id": 60690,
    "name": "SEGONZANO",
    "state": "TRENTINO-SOUTH TYROL",
    "state_iso2": "32",
    "country": "ITALY",
    "country_iso2": "IT",
    "country_iso3": "ITA",
    "country_native": "ITALIA"
  },
  {
    "id": 60703,
    "name": "SELVA",
    "state": "TRENTINO-SOUTH TYROL",
    "state_iso2": "32",
    "country": "ITALY",
    "country_iso2": "IT",
    "country_iso3": "ITA",
    "country_native": "ITALIA"
  },
  {
    "id": 60705,
    "name": "SELVA DEI MOLINI",
    "state": "TRENTINO-SOUTH TYROL",
    "state_iso2": "32",
    "country": "ITALY",
    "country_iso2": "IT",
    "country_iso3": "ITA",
    "country_native": "ITALIA"
  },
  {
    "id": 60719,
    "name": "SENALE",
    "state": "TRENTINO-SOUTH TYROL",
    "state_iso2": "32",
    "country": "ITALY",
    "country_iso2": "IT",
    "country_iso3": "ITA",
    "country_native": "ITALIA"
  },
  {
    "id": 60720,
    "name": "SENALES",
    "state": "TRENTINO-SOUTH TYROL",
    "state_iso2": "32",
    "country": "ITALY",
    "country_iso2": "IT",
    "country_iso3": "ITA",
    "country_native": "ITALIA"
  },
  {
    "id": 60794,
    "name": "SESTO",
    "state": "TRENTINO-SOUTH TYROL",
    "state_iso2": "32",
    "country": "ITALY",
    "country_iso2": "IT",
    "country_iso3": "ITA",
    "country_native": "ITALIA"
  },
  {
    "id": 60830,
    "name": "SFRUZ",
    "state": "TRENTINO-SOUTH TYROL",
    "state_iso2": "32",
    "country": "ITALY",
    "country_iso2": "IT",
    "country_iso3": "ITA",
    "country_native": "ITALIA"
  },
  {
    "id": 60847,
    "name": "SILANDRO",
    "state": "TRENTINO-SOUTH TYROL",
    "state_iso2": "32",
    "country": "ITALY",
    "country_iso2": "IT",
    "country_iso3": "ITA",
    "country_native": "ITALIA"
  },
  {
    "id": 60866,
    "name": "SINIGO",
    "state": "TRENTINO-SOUTH TYROL",
    "state_iso2": "32",
    "country": "ITALY",
    "country_iso2": "IT",
    "country_iso3": "ITA",
    "country_native": "ITALIA"
  },
  {
    "id": 60877,
    "name": "SIROR",
    "state": "TRENTINO-SOUTH TYROL",
    "state_iso2": "32",
    "country": "ITALY",
    "country_iso2": "IT",
    "country_iso3": "ITA",
    "country_native": "ITALIA"
  },
  {
    "id": 60883,
    "name": "SIUSI",
    "state": "TRENTINO-SOUTH TYROL",
    "state_iso2": "32",
    "country": "ITALY",
    "country_iso2": "IT",
    "country_iso3": "ITA",
    "country_native": "ITALIA"
  },
  {
    "id": 60887,
    "name": "SLUDERNO",
    "state": "TRENTINO-SOUTH TYROL",
    "state_iso2": "32",
    "country": "ITALY",
    "country_iso2": "IT",
    "country_iso3": "ITA",
    "country_native": "ITALIA"
  },
  {
    "id": 60888,
    "name": "SMARANO",
    "state": "TRENTINO-SOUTH TYROL",
    "state_iso2": "32",
    "country": "ITALY",
    "country_iso2": "IT",
    "country_iso3": "ITA",
    "country_native": "ITALIA"
  },
  {
    "id": 60942,
    "name": "SOPRABOLZANO",
    "state": "TRENTINO-SOUTH TYROL",
    "state_iso2": "32",
    "country": "ITALY",
    "country_iso2": "IT",
    "country_iso3": "ITA",
    "country_native": "ITALIA"
  },
  {
    "id": 60945,
    "name": "SORAGA",
    "state": "TRENTINO-SOUTH TYROL",
    "state_iso2": "32",
    "country": "ITALY",
    "country_iso2": "IT",
    "country_iso3": "ITA",
    "country_native": "ITALIA"
  },
  {
    "id": 60976,
    "name": "SOVER",
    "state": "TRENTINO-SOUTH TYROL",
    "state_iso2": "32",
    "country": "ITALY",
    "country_iso2": "IT",
    "country_iso3": "ITA",
    "country_native": "ITALIA"
  },
  {
    "id": 60996,
    "name": "SPERA",
    "state": "TRENTINO-SOUTH TYROL",
    "state_iso2": "32",
    "country": "ITALY",
    "country_iso2": "IT",
    "country_iso3": "ITA",
    "country_native": "ITALIA"
  },
  {
    "id": 61005,
    "name": "SPIAZZO",
    "state": "TRENTINO-SOUTH TYROL",
    "state_iso2": "32",
    "country": "ITALY",
    "country_iso2": "IT",
    "country_iso3": "ITA",
    "country_native": "ITALIA"
  },
  {
    "id": 61029,
    "name": "SPORMAGGIORE",
    "state": "TRENTINO-SOUTH TYROL",
    "state_iso2": "32",
    "country": "ITALY",
    "country_iso2": "IT",
    "country_iso3": "ITA",
    "country_native": "ITALIA"
  },
  {
    "id": 61030,
    "name": "SPORMINORE",
    "state": "TRENTINO-SOUTH TYROL",
    "state_iso2": "32",
    "country": "ITALY",
    "country_iso2": "IT",
    "country_iso3": "ITA",
    "country_native": "ITALIA"
  },
  {
    "id": 61045,
    "name": "STANGHE",
    "state": "TRENTINO-SOUTH TYROL",
    "state_iso2": "32",
    "country": "ITALY",
    "country_iso2": "IT",
    "country_iso3": "ITA",
    "country_native": "ITALIA"
  },
  {
    "id": 61065,
    "name": "STELVIO",
    "state": "TRENTINO-SOUTH TYROL",
    "state_iso2": "32",
    "country": "ITALY",
    "country_iso2": "IT",
    "country_iso3": "ITA",
    "country_native": "ITALIA"
  },
  {
    "id": 61066,
    "name": "STENICO",
    "state": "TRENTINO-SOUTH TYROL",
    "state_iso2": "32",
    "country": "ITALY",
    "country_iso2": "IT",
    "country_iso3": "ITA",
    "country_native": "ITALIA"
  },
  {
    "id": 61081,
    "name": "STORO",
    "state": "TRENTINO-SOUTH TYROL",
    "state_iso2": "32",
    "country": "ITALY",
    "country_iso2": "IT",
    "country_iso3": "ITA",
    "country_native": "ITALIA"
  },
  {
    "id": 61092,
    "name": "STREMBO",
    "state": "TRENTINO-SOUTH TYROL",
    "state_iso2": "32",
    "country": "ITALY",
    "country_iso2": "IT",
    "country_iso3": "ITA",
    "country_native": "ITALIA"
  },
  {
    "id": 61097,
    "name": "STRIGNO",
    "state": "TRENTINO-SOUTH TYROL",
    "state_iso2": "32",
    "country": "ITALY",
    "country_iso2": "IT",
    "country_iso3": "ITA",
    "country_native": "ITALIA"
  },
  {
    "id": 61149,
    "name": "TAIO",
    "state": "TRENTINO-SOUTH TYROL",
    "state_iso2": "32",
    "country": "ITALY",
    "country_iso2": "IT",
    "country_iso3": "ITA",
    "country_native": "ITALIA"
  },
  {
    "id": 61173,
    "name": "TASSULLO",
    "state": "TRENTINO-SOUTH TYROL",
    "state_iso2": "32",
    "country": "ITALY",
    "country_iso2": "IT",
    "country_iso3": "ITA",
    "country_native": "ITALIA"
  },
  {
    "id": 61208,
    "name": "TELVE",
    "state": "TRENTINO-SOUTH TYROL",
    "state_iso2": "32",
    "country": "ITALY",
    "country_iso2": "IT",
    "country_iso3": "ITA",
    "country_native": "ITALIA"
  },
  {
    "id": 61209,
    "name": "TELVE DI SOPRA",
    "state": "TRENTINO-SOUTH TYROL",
    "state_iso2": "32",
    "country": "ITALY",
    "country_iso2": "IT",
    "country_iso3": "ITA",
    "country_native": "ITALIA"
  },
  {
    "id": 61213,
    "name": "TENNA",
    "state": "TRENTINO-SOUTH TYROL",
    "state_iso2": "32",
    "country": "ITALY",
    "country_iso2": "IT",
    "country_iso3": "ITA",
    "country_native": "ITALIA"
  },
  {
    "id": 61214,
    "name": "TENNO",
    "state": "TRENTINO-SOUTH TYROL",
    "state_iso2": "32",
    "country": "ITALY",
    "country_iso2": "IT",
    "country_iso3": "ITA",
    "country_native": "ITALIA"
  },
  {
    "id": 61220,
    "name": "TERENTO",
    "state": "TRENTINO-SOUTH TYROL",
    "state_iso2": "32",
    "country": "ITALY",
    "country_iso2": "IT",
    "country_iso3": "ITA",
    "country_native": "ITALIA"
  },
  {
    "id": 61223,
    "name": "TERLAGO",
    "state": "TRENTINO-SOUTH TYROL",
    "state_iso2": "32",
    "country": "ITALY",
    "country_iso2": "IT",
    "country_iso3": "ITA",
    "country_native": "ITALIA"
  },
  {
    "id": 61224,
    "name": "TERLANO",
    "state": "TRENTINO-SOUTH TYROL",
    "state_iso2": "32",
    "country": "ITALY",
    "country_iso2": "IT",
    "country_iso3": "ITA",
    "country_native": "ITALIA"
  },
  {
    "id": 61227,
    "name": "TERMENO",
    "state": "TRENTINO-SOUTH TYROL",
    "state_iso2": "32",
    "country": "ITALY",
    "country_iso2": "IT",
    "country_iso3": "ITA",
    "country_native": "ITALIA"
  },
  {
    "id": 61237,
    "name": "TERRAGNOLO",
    "state": "TRENTINO-SOUTH TYROL",
    "state_iso2": "32",
    "country": "ITALY",
    "country_iso2": "IT",
    "country_iso3": "ITA",
    "country_native": "ITALIA"
  },
  {
    "id": 61250,
    "name": "TERRES",
    "state": "TRENTINO-SOUTH TYROL",
    "state_iso2": "32",
    "country": "ITALY",
    "country_iso2": "IT",
    "country_iso3": "ITA",
    "country_native": "ITALIA"
  },
  {
    "id": 61258,
    "name": "TERZOLAS",
    "state": "TRENTINO-SOUTH TYROL",
    "state_iso2": "32",
    "country": "ITALY",
    "country_iso2": "IT",
    "country_iso3": "ITA",
    "country_native": "ITALIA"
  },
  {
    "id": 61260,
    "name": "TESERO",
    "state": "TRENTINO-SOUTH TYROL",
    "state_iso2": "32",
    "country": "ITALY",
    "country_iso2": "IT",
    "country_iso3": "ITA",
    "country_native": "ITALIA"
  },
  {
    "id": 61261,
    "name": "TESIMO",
    "state": "TRENTINO-SOUTH TYROL",
    "state_iso2": "32",
    "country": "ITALY",
    "country_iso2": "IT",
    "country_iso3": "ITA",
    "country_native": "ITALIA"
  },
  {
    "id": 61281,
    "name": "TIONE DI TRENTO",
    "state": "TRENTINO-SOUTH TYROL",
    "state_iso2": "32",
    "country": "ITALY",
    "country_iso2": "IT",
    "country_iso3": "ITA",
    "country_native": "ITALIA"
  },
  {
    "id": 61283,
    "name": "TIRES",
    "state": "TRENTINO-SOUTH TYROL",
    "state_iso2": "32",
    "country": "ITALY",
    "country_iso2": "IT",
    "country_iso3": "ITA",
    "country_native": "ITALIA"
  },
  {
    "id": 61285,
    "name": "TIROLO",
    "state": "TRENTINO-SOUTH TYROL",
    "state_iso2": "32",
    "country": "ITALY",
    "country_iso2": "IT",
    "country_iso3": "ITA",
    "country_native": "ITALIA"
  },
  {
    "id": 61306,
    "name": "TONADICO",
    "state": "TRENTINO-SOUTH TYROL",
    "state_iso2": "32",
    "country": "ITALY",
    "country_iso2": "IT",
    "country_iso3": "ITA",
    "country_native": "ITALIA"
  },
  {
    "id": 61319,
    "name": "TORCEGNO",
    "state": "TRENTINO-SOUTH TYROL",
    "state_iso2": "32",
    "country": "ITALY",
    "country_iso2": "IT",
    "country_iso3": "ITA",
    "country_native": "ITALIA"
  },
  {
    "id": 61431,
    "name": "TRAMBILENO",
    "state": "TRENTINO-SOUTH TYROL",
    "state_iso2": "32",
    "country": "ITALY",
    "country_iso2": "IT",
    "country_iso3": "ITA",
    "country_native": "ITALIA"
  },
  {
    "id": 61438,
    "name": "TRANSACQUA",
    "state": "TRENTINO-SOUTH TYROL",
    "state_iso2": "32",
    "country": "ITALY",
    "country_iso2": "IT",
    "country_iso3": "ITA",
    "country_native": "ITALIA"
  },
  {
    "id": 61483,
    "name": "TRENTO",
    "state": "TRENTINO-SOUTH TYROL",
    "state_iso2": "32",
    "country": "ITALY",
    "country_iso2": "IT",
    "country_iso3": "ITA",
    "country_native": "ITALIA"
  },
  {
    "id": 61491,
    "name": "TRES",
    "state": "TRENTINO-SOUTH TYROL",
    "state_iso2": "32",
    "country": "ITALY",
    "country_iso2": "IT",
    "country_iso3": "ITA",
    "country_native": "ITALIA"
  },
  {
    "id": 61546,
    "name": "TRODENA",
    "state": "TRENTINO-SOUTH TYROL",
    "state_iso2": "32",
    "country": "ITALY",
    "country_iso2": "IT",
    "country_iso3": "ITA",
    "country_native": "ITALIA"
  },
  {
    "id": 61560,
    "name": "TUBRE",
    "state": "TRENTINO-SOUTH TYROL",
    "state_iso2": "32",
    "country": "ITALY",
    "country_iso2": "IT",
    "country_iso3": "ITA",
    "country_native": "ITALIA"
  },
  {
    "id": 61561,
    "name": "TUENNO",
    "state": "TRENTINO-SOUTH TYROL",
    "state_iso2": "32",
    "country": "ITALY",
    "country_iso2": "IT",
    "country_iso3": "ITA",
    "country_native": "ITALIA"
  },
  {
    "id": 61595,
    "name": "ULTIMO - ULTEN",
    "state": "TRENTINO-SOUTH TYROL",
    "state_iso2": "32",
    "country": "ITALY",
    "country_iso2": "IT",
    "country_iso3": "ITA",
    "country_native": "ITALIA"
  },
  {
    "id": 61628,
    "name": "VADENA",
    "state": "TRENTINO-SOUTH TYROL",
    "state_iso2": "32",
    "country": "ITALY",
    "country_iso2": "IT",
    "country_iso3": "ITA",
    "country_native": "ITALIA"
  },
  {
    "id": 61649,
    "name": "VALDA",
    "state": "TRENTINO-SOUTH TYROL",
    "state_iso2": "32",
    "country": "ITALY",
    "country_iso2": "IT",
    "country_iso3": "ITA",
    "country_native": "ITALIA"
  },
  {
    "id": 61651,
    "name": "VALDAORA DI MEZZO",
    "state": "TRENTINO-SOUTH TYROL",
    "state_iso2": "32",
    "country": "ITALY",
    "country_iso2": "IT",
    "country_iso3": "ITA",
    "country_native": "ITALIA"
  },
  {
    "id": 61670,
    "name": "VALFLORIANA",
    "state": "TRENTINO-SOUTH TYROL",
    "state_iso2": "32",
    "country": "ITALY",
    "country_iso2": "IT",
    "country_iso3": "ITA",
    "country_native": "ITALIA"
  },
  {
    "id": 61682,
    "name": "VALLARSA",
    "state": "TRENTINO-SOUTH TYROL",
    "state_iso2": "32",
    "country": "ITALY",
    "country_iso2": "IT",
    "country_iso3": "ITA",
    "country_native": "ITALIA"
  },
  {
    "id": 61685,
    "name": "VALLE AURINA - AHRNTAL",
    "state": "TRENTINO-SOUTH TYROL",
    "state_iso2": "32",
    "country": "ITALY",
    "country_iso2": "IT",
    "country_iso3": "ITA",
    "country_native": "ITALIA"
  },
  {
    "id": 61697,
    "name": "VALLE DI CASIES - GSIES",
    "state": "TRENTINO-SOUTH TYROL",
    "state_iso2": "32",
    "country": "ITALY",
    "country_iso2": "IT",
    "country_iso3": "ITA",
    "country_native": "ITALIA"
  },
  {
    "id": 61751,
    "name": "VANDOIES - VINTL",
    "state": "TRENTINO-SOUTH TYROL",
    "state_iso2": "32",
    "country": "ITALY",
    "country_iso2": "IT",
    "country_iso3": "ITA",
    "country_native": "ITALIA"
  },
  {
    "id": 61752,
    "name": "VANDOIES DI SOTTO",
    "state": "TRENTINO-SOUTH TYROL",
    "state_iso2": "32",
    "country": "ITALY",
    "country_iso2": "IT",
    "country_iso3": "ITA",
    "country_native": "ITALIA"
  },
  {
    "id": 61767,
    "name": "VARENA",
    "state": "TRENTINO-SOUTH TYROL",
    "state_iso2": "32",
    "country": "ITALY",
    "country_iso2": "IT",
    "country_iso3": "ITA",
    "country_native": "ITALIA"
  },
  {
    "id": 61773,
    "name": "VARNA",
    "state": "TRENTINO-SOUTH TYROL",
    "state_iso2": "32",
    "country": "ITALY",
    "country_iso2": "IT",
    "country_iso3": "ITA",
    "country_native": "ITALIA"
  },
  {
    "id": 61783,
    "name": "VATTARO",
    "state": "TRENTINO-SOUTH TYROL",
    "state_iso2": "32",
    "country": "ITALY",
    "country_iso2": "IT",
    "country_iso3": "ITA",
    "country_native": "ITALIA"
  },
  {
    "id": 61807,
    "name": "VELTURNO",
    "state": "TRENTINO-SOUTH TYROL",
    "state_iso2": "32",
    "country": "ITALY",
    "country_iso2": "IT",
    "country_iso3": "ITA",
    "country_native": "ITALIA"
  },
  {
    "id": 61831,
    "name": "VERANO",
    "state": "TRENTINO-SOUTH TYROL",
    "state_iso2": "32",
    "country": "ITALY",
    "country_iso2": "IT",
    "country_iso3": "ITA",
    "country_native": "ITALIA"
  },
  {
    "id": 61832,
    "name": "VERANO - VOERAN",
    "state": "TRENTINO-SOUTH TYROL",
    "state_iso2": "32",
    "country": "ITALY",
    "country_iso2": "IT",
    "country_iso3": "ITA",
    "country_native": "ITALIA"
  },
  {
    "id": 61850,
    "name": "VERLA",
    "state": "TRENTINO-SOUTH TYROL",
    "state_iso2": "32",
    "country": "ITALY",
    "country_iso2": "IT",
    "country_iso3": "ITA",
    "country_native": "ITALIA"
  },
  {
    "id": 61852,
    "name": "VERMIGLIO",
    "state": "TRENTINO-SOUTH TYROL",
    "state_iso2": "32",
    "country": "ITALY",
    "country_iso2": "IT",
    "country_iso3": "ITA",
    "country_native": "ITALIA"
  },
  {
    "id": 61876,
    "name": "VERVÒ",
    "state": "TRENTINO-SOUTH TYROL",
    "state_iso2": "32",
    "country": "ITALY",
    "country_iso2": "IT",
    "country_iso3": "ITA",
    "country_native": "ITALIA"
  },
  {
    "id": 61894,
    "name": "VEZZANO",
    "state": "TRENTINO-SOUTH TYROL",
    "state_iso2": "32",
    "country": "ITALY",
    "country_iso2": "IT",
    "country_iso3": "ITA",
    "country_native": "ITALIA"
  },
  {
    "id": 61960,
    "name": "VIGNOLA",
    "state": "TRENTINO-SOUTH TYROL",
    "state_iso2": "32",
    "country": "ITALY",
    "country_iso2": "IT",
    "country_iso3": "ITA",
    "country_native": "ITALIA"
  },
  {
    "id": 61968,
    "name": "VIGO DI FASSA",
    "state": "TRENTINO-SOUTH TYROL",
    "state_iso2": "32",
    "country": "ITALY",
    "country_iso2": "IT",
    "country_iso3": "ITA",
    "country_native": "ITALIA"
  },
  {
    "id": 61969,
    "name": "VIGO DI TON",
    "state": "TRENTINO-SOUTH TYROL",
    "state_iso2": "32",
    "country": "ITALY",
    "country_iso2": "IT",
    "country_iso3": "ITA",
    "country_native": "ITALIA"
  },
  {
    "id": 61972,
    "name": "VIGOLO VATTARO",
    "state": "TRENTINO-SOUTH TYROL",
    "state_iso2": "32",
    "country": "ITALY",
    "country_iso2": "IT",
    "country_iso3": "ITA",
    "country_native": "ITALIA"
  },
  {
    "id": 61983,
    "name": "VILLA",
    "state": "TRENTINO-SOUTH TYROL",
    "state_iso2": "32",
    "country": "ITALY",
    "country_iso2": "IT",
    "country_iso3": "ITA",
    "country_native": "ITALIA"
  },
  {
    "id": 62001,
    "name": "VILLA LAGARINA",
    "state": "TRENTINO-SOUTH TYROL",
    "state_iso2": "32",
    "country": "ITALY",
    "country_iso2": "IT",
    "country_iso3": "ITA",
    "country_native": "ITALIA"
  },
  {
    "id": 62014,
    "name": "VILLA RENDENA",
    "state": "TRENTINO-SOUTH TYROL",
    "state_iso2": "32",
    "country": "ITALY",
    "country_iso2": "IT",
    "country_iso3": "ITA",
    "country_native": "ITALIA"
  },
  {
    "id": 62043,
    "name": "VILLA-AGNEDO",
    "state": "TRENTINO-SOUTH TYROL",
    "state_iso2": "32",
    "country": "ITALY",
    "country_iso2": "IT",
    "country_iso3": "ITA",
    "country_native": "ITALIA"
  },
  {
    "id": 62046,
    "name": "VILLABASSA",
    "state": "TRENTINO-SOUTH TYROL",
    "state_iso2": "32",
    "country": "ITALY",
    "country_iso2": "IT",
    "country_iso3": "ITA",
    "country_native": "ITALIA"
  },
  {
    "id": 62087,
    "name": "VILLANDRO",
    "state": "TRENTINO-SOUTH TYROL",
    "state_iso2": "32",
    "country": "ITALY",
    "country_iso2": "IT",
    "country_iso3": "ITA",
    "country_native": "ITALIA"
  },
  {
    "id": 62088,
    "name": "VILLANDRO - VILLANDERS",
    "state": "TRENTINO-SOUTH TYROL",
    "state_iso2": "32",
    "country": "ITALY",
    "country_iso2": "IT",
    "country_iso3": "ITA",
    "country_native": "ITALIA"
  },
  {
    "id": 62168,
    "name": "VIPITENO",
    "state": "TRENTINO-SOUTH TYROL",
    "state_iso2": "32",
    "country": "ITALY",
    "country_iso2": "IT",
    "country_iso3": "ITA",
    "country_native": "ITALIA"
  },
  {
    "id": 62204,
    "name": "VOLANO",
    "state": "TRENTINO-SOUTH TYROL",
    "state_iso2": "32",
    "country": "ITALY",
    "country_iso2": "IT",
    "country_iso3": "ITA",
    "country_native": "ITALIA"
  },
  {
    "id": 62232,
    "name": "ZAMBANA",
    "state": "TRENTINO-SOUTH TYROL",
    "state_iso2": "32",
    "country": "ITALY",
    "country_iso2": "IT",
    "country_iso3": "ITA",
    "country_native": "ITALIA"
  },
  {
    "id": 62258,
    "name": "ZIANO DI FIEMME",
    "state": "TRENTINO-SOUTH TYROL",
    "state_iso2": "32",
    "country": "ITALY",
    "country_iso2": "IT",
    "country_iso3": "ITA",
    "country_native": "ITALIA"
  },
  {
    "id": 62280,
    "name": "ZUCLO",
    "state": "TRENTINO-SOUTH TYROL",
    "state_iso2": "32",
    "country": "ITALY",
    "country_iso2": "IT",
    "country_iso3": "ITA",
    "country_native": "ITALIA"
  }
]