[
  {
    "id": 53839,
    "name": "AGUA CALIENTE",
    "state": "COPÁN",
    "state_iso2": "CP",
    "country": "HONDURAS",
    "country_iso2": "HN",
    "country_iso3": "HND",
    "country_native": "HONDURAS"
  },
  {
    "id": 53876,
    "name": "BUENOS AIRES",
    "state": "COPÁN",
    "state_iso2": "CP",
    "country": "HONDURAS",
    "country_iso2": "HN",
    "country_iso3": "HND",
    "country_native": "HONDURAS"
  },
  {
    "id": 53878,
    "name": "CABAÑAS",
    "state": "COPÁN",
    "state_iso2": "CP",
    "country": "HONDURAS",
    "country_iso2": "HN",
    "country_iso3": "HND",
    "country_native": "HONDURAS"
  },
  {
    "id": 53896,
    "name": "CHALMECA",
    "state": "COPÁN",
    "state_iso2": "CP",
    "country": "HONDURAS",
    "country_iso2": "HN",
    "country_iso3": "HND",
    "country_native": "HONDURAS"
  },
  {
    "id": 53911,
    "name": "CONCEPCIÓN",
    "state": "COPÁN",
    "state_iso2": "CP",
    "country": "HONDURAS",
    "country_iso2": "HN",
    "country_iso3": "HND",
    "country_native": "HONDURAS"
  },
  {
    "id": 53914,
    "name": "CONCEPCIÓN DE LA BARRANCA",
    "state": "COPÁN",
    "state_iso2": "CP",
    "country": "HONDURAS",
    "country_iso2": "HN",
    "country_iso3": "HND",
    "country_native": "HONDURAS"
  },
  {
    "id": 53918,
    "name": "COPÁN",
    "state": "COPÁN",
    "state_iso2": "CP",
    "country": "HONDURAS",
    "country_iso2": "HN",
    "country_iso3": "HND",
    "country_native": "HONDURAS"
  },
  {
    "id": 53919,
    "name": "COPÁN RUINAS",
    "state": "COPÁN",
    "state_iso2": "CP",
    "country": "HONDURAS",
    "country_iso2": "HN",
    "country_iso3": "HND",
    "country_native": "HONDURAS"
  },
  {
    "id": 53923,
    "name": "CORQUÍN",
    "state": "COPÁN",
    "state_iso2": "CP",
    "country": "HONDURAS",
    "country_iso2": "HN",
    "country_iso3": "HND",
    "country_native": "HONDURAS"
  },
  {
    "id": 53927,
    "name": "CUCUYAGUA",
    "state": "COPÁN",
    "state_iso2": "CP",
    "country": "HONDURAS",
    "country_iso2": "HN",
    "country_iso3": "HND",
    "country_native": "HONDURAS"
  },
  {
    "id": 53934,
    "name": "DOLORES",
    "state": "COPÁN",
    "state_iso2": "CP",
    "country": "HONDURAS",
    "country_iso2": "HN",
    "country_iso3": "HND",
    "country_native": "HONDURAS"
  },
  {
    "id": 53937,
    "name": "DULCE NOMBRE",
    "state": "COPÁN",
    "state_iso2": "CP",
    "country": "HONDURAS",
    "country_iso2": "HN",
    "country_iso3": "HND",
    "country_native": "HONDURAS"
  },
  {
    "id": 53948,
    "name": "EL CORPUS",
    "state": "COPÁN",
    "state_iso2": "CP",
    "country": "HONDURAS",
    "country_iso2": "HN",
    "country_iso3": "HND",
    "country_native": "HONDURAS"
  },
  {
    "id": 53968,
    "name": "EL OCOTÓN",
    "state": "COPÁN",
    "state_iso2": "CP",
    "country": "HONDURAS",
    "country_iso2": "HN",
    "country_iso3": "HND",
    "country_native": "HONDURAS"
  },
  {
    "id": 53971,
    "name": "EL PARAÍSO",
    "state": "COPÁN",
    "state_iso2": "CP",
    "country": "HONDURAS",
    "country_iso2": "HN",
    "country_iso3": "HND",
    "country_native": "HONDURAS"
  },
  {
    "id": 54005,
    "name": "FLORIDA",
    "state": "COPÁN",
    "state_iso2": "CP",
    "country": "HONDURAS",
    "country_iso2": "HN",
    "country_iso3": "HND",
    "country_native": "HONDURAS"
  },
  {
    "id": 54052,
    "name": "LA ENTRADA",
    "state": "COPÁN",
    "state_iso2": "CP",
    "country": "HONDURAS",
    "country_iso2": "HN",
    "country_iso3": "HND",
    "country_native": "HONDURAS"
  },
  {
    "id": 54064,
    "name": "LA JIGUA",
    "state": "COPÁN",
    "state_iso2": "CP",
    "country": "HONDURAS",
    "country_iso2": "HN",
    "country_iso3": "HND",
    "country_native": "HONDURAS"
  },
  {
    "id": 54074,
    "name": "LA PLAYONA",
    "state": "COPÁN",
    "state_iso2": "CP",
    "country": "HONDURAS",
    "country_iso2": "HN",
    "country_iso3": "HND",
    "country_native": "HONDURAS"
  },
  {
    "id": 54083,
    "name": "LA UNIÓN",
    "state": "COPÁN",
    "state_iso2": "CP",
    "country": "HONDURAS",
    "country_iso2": "HN",
    "country_iso3": "HND",
    "country_native": "HONDURAS"
  },
  {
    "id": 54086,
    "name": "LA ZUMBADORA",
    "state": "COPÁN",
    "state_iso2": "CP",
    "country": "HONDURAS",
    "country_iso2": "HN",
    "country_iso3": "HND",
    "country_native": "HONDURAS"
  },
  {
    "id": 54111,
    "name": "LOS TANGOS",
    "state": "COPÁN",
    "state_iso2": "CP",
    "country": "HONDURAS",
    "country_iso2": "HN",
    "country_iso3": "HND",
    "country_native": "HONDURAS"
  },
  {
    "id": 54144,
    "name": "NUEVA ARCADIA",
    "state": "COPÁN",
    "state_iso2": "CP",
    "country": "HONDURAS",
    "country_iso2": "HN",
    "country_iso3": "HND",
    "country_native": "HONDURAS"
  },
  {
    "id": 54156,
    "name": "OJOS DE AGUA",
    "state": "COPÁN",
    "state_iso2": "CP",
    "country": "HONDURAS",
    "country_iso2": "HN",
    "country_iso3": "HND",
    "country_native": "HONDURAS"
  },
  {
    "id": 54181,
    "name": "PUEBLO NUEVO",
    "state": "COPÁN",
    "state_iso2": "CP",
    "country": "HONDURAS",
    "country_iso2": "HN",
    "country_iso3": "HND",
    "country_native": "HONDURAS"
  },
  {
    "id": 54194,
    "name": "QUEZAILICA",
    "state": "COPÁN",
    "state_iso2": "CP",
    "country": "HONDURAS",
    "country_iso2": "HN",
    "country_iso3": "HND",
    "country_native": "HONDURAS"
  },
  {
    "id": 54209,
    "name": "SAN AGUSTÍN",
    "state": "COPÁN",
    "state_iso2": "CP",
    "country": "HONDURAS",
    "country_iso2": "HN",
    "country_iso3": "HND",
    "country_native": "HONDURAS"
  },
  {
    "id": 54214,
    "name": "SAN ANTONIO",
    "state": "COPÁN",
    "state_iso2": "CP",
    "country": "HONDURAS",
    "country_iso2": "HN",
    "country_iso3": "HND",
    "country_native": "HONDURAS"
  },
  {
    "id": 54241,
    "name": "SAN JERÓNIMO",
    "state": "COPÁN",
    "state_iso2": "CP",
    "country": "HONDURAS",
    "country_iso2": "HN",
    "country_iso3": "HND",
    "country_native": "HONDURAS"
  },
  {
    "id": 54242,
    "name": "SAN JOAQUÍN",
    "state": "COPÁN",
    "state_iso2": "CP",
    "country": "HONDURAS",
    "country_iso2": "HN",
    "country_iso3": "HND",
    "country_native": "HONDURAS"
  },
  {
    "id": 54245,
    "name": "SAN JOSÉ",
    "state": "COPÁN",
    "state_iso2": "CP",
    "country": "HONDURAS",
    "country_iso2": "HN",
    "country_iso3": "HND",
    "country_native": "HONDURAS"
  },
  {
    "id": 54250,
    "name": "SAN JOSÉ DE COPÁN",
    "state": "COPÁN",
    "state_iso2": "CP",
    "country": "HONDURAS",
    "country_iso2": "HN",
    "country_iso3": "HND",
    "country_native": "HONDURAS"
  },
  {
    "id": 54261,
    "name": "SAN JUAN DE OPOA",
    "state": "COPÁN",
    "state_iso2": "CP",
    "country": "HONDURAS",
    "country_iso2": "HN",
    "country_iso3": "HND",
    "country_native": "HONDURAS"
  },
  {
    "id": 54262,
    "name": "SAN JUAN DE PLANES",
    "state": "COPÁN",
    "state_iso2": "CP",
    "country": "HONDURAS",
    "country_iso2": "HN",
    "country_iso3": "HND",
    "country_native": "HONDURAS"
  },
  {
    "id": 54279,
    "name": "SAN NICOLÁS",
    "state": "COPÁN",
    "state_iso2": "CP",
    "country": "HONDURAS",
    "country_iso2": "HN",
    "country_iso3": "HND",
    "country_native": "HONDURAS"
  },
  {
    "id": 54283,
    "name": "SAN PEDRO DE COPÁN",
    "state": "COPÁN",
    "state_iso2": "CP",
    "country": "HONDURAS",
    "country_iso2": "HN",
    "country_iso3": "HND",
    "country_native": "HONDURAS"
  },
  {
    "id": 54310,
    "name": "SANTA RITA",
    "state": "COPÁN",
    "state_iso2": "CP",
    "country": "HONDURAS",
    "country_iso2": "HN",
    "country_iso3": "HND",
    "country_native": "HONDURAS"
  },
  {
    "id": 54311,
    "name": "SANTA RITA COPAN",
    "state": "COPÁN",
    "state_iso2": "CP",
    "country": "HONDURAS",
    "country_iso2": "HN",
    "country_iso3": "HND",
    "country_native": "HONDURAS"
  },
  {
    "id": 54313,
    "name": "SANTA ROSA DE COPÁN",
    "state": "COPÁN",
    "state_iso2": "CP",
    "country": "HONDURAS",
    "country_iso2": "HN",
    "country_iso3": "HND",
    "country_native": "HONDURAS"
  },
  {
    "id": 54346,
    "name": "TRINIDAD DE COPÁN",
    "state": "COPÁN",
    "state_iso2": "CP",
    "country": "HONDURAS",
    "country_iso2": "HN",
    "country_iso3": "HND",
    "country_native": "HONDURAS"
  },
  {
    "id": 54357,
    "name": "VERACRUZ",
    "state": "COPÁN",
    "state_iso2": "CP",
    "country": "HONDURAS",
    "country_iso2": "HN",
    "country_iso3": "HND",
    "country_native": "HONDURAS"
  }
]