[
  {
    "id": 10066,
    "name": "ABREU E LIMA",
    "state": "PERNAMBUCO",
    "state_iso2": "PE",
    "country": "BRAZIL",
    "country_iso2": "BR",
    "country_iso3": "BRA",
    "country_native": "BRASIL"
  },
  {
    "id": 10085,
    "name": "AFOGADOS DA INGAZEIRA",
    "state": "PERNAMBUCO",
    "state_iso2": "PE",
    "country": "BRAZIL",
    "country_iso2": "BR",
    "country_iso3": "BRA",
    "country_native": "BRASIL"
  },
  {
    "id": 10089,
    "name": "AFRÂNIO",
    "state": "PERNAMBUCO",
    "state_iso2": "PE",
    "country": "BRAZIL",
    "country_iso2": "BR",
    "country_iso3": "BRA",
    "country_native": "BRASIL"
  },
  {
    "id": 10091,
    "name": "AGRESTINA",
    "state": "PERNAMBUCO",
    "state_iso2": "PE",
    "country": "BRAZIL",
    "country_iso2": "BR",
    "country_iso3": "BRA",
    "country_native": "BRASIL"
  },
  {
    "id": 10111,
    "name": "ALAGOINHA",
    "state": "PERNAMBUCO",
    "state_iso2": "PE",
    "country": "BRAZIL",
    "country_iso2": "BR",
    "country_iso3": "BRA",
    "country_native": "BRASIL"
  },
  {
    "id": 10137,
    "name": "ALIANÇA",
    "state": "PERNAMBUCO",
    "state_iso2": "PE",
    "country": "BRAZIL",
    "country_iso2": "BR",
    "country_iso3": "BRA",
    "country_native": "BRASIL"
  },
  {
    "id": 10158,
    "name": "ALTINHO",
    "state": "PERNAMBUCO",
    "state_iso2": "PE",
    "country": "BRAZIL",
    "country_iso2": "BR",
    "country_iso3": "BRA",
    "country_native": "BRASIL"
  },
  {
    "id": 10206,
    "name": "AMARAJI",
    "state": "PERNAMBUCO",
    "state_iso2": "PE",
    "country": "BRAZIL",
    "country_iso2": "BR",
    "country_iso3": "BRA",
    "country_native": "BRASIL"
  },
  {
    "id": 10250,
    "name": "ANGELIM",
    "state": "PERNAMBUCO",
    "state_iso2": "PE",
    "country": "BRAZIL",
    "country_iso2": "BR",
    "country_iso3": "BRA",
    "country_native": "BRASIL"
  },
  {
    "id": 10355,
    "name": "ARARIPINA",
    "state": "PERNAMBUCO",
    "state_iso2": "PE",
    "country": "BRAZIL",
    "country_iso2": "BR",
    "country_iso3": "BRA",
    "country_native": "BRASIL"
  },
  {
    "id": 10370,
    "name": "ARAÇOIABA",
    "state": "PERNAMBUCO",
    "state_iso2": "PE",
    "country": "BRAZIL",
    "country_iso2": "BR",
    "country_iso3": "BRA",
    "country_native": "BRASIL"
  },
  {
    "id": 10379,
    "name": "ARCOVERDE",
    "state": "PERNAMBUCO",
    "state_iso2": "PE",
    "country": "BRAZIL",
    "country_iso2": "BR",
    "country_iso3": "BRA",
    "country_native": "BRASIL"
  },
  {
    "id": 10524,
    "name": "BARRA DE GUABIRABA",
    "state": "PERNAMBUCO",
    "state_iso2": "PE",
    "country": "BRAZIL",
    "country_iso2": "BR",
    "country_iso3": "BRA",
    "country_native": "BRASIL"
  },
  {
    "id": 10556,
    "name": "BARREIROS",
    "state": "PERNAMBUCO",
    "state_iso2": "PE",
    "country": "BRAZIL",
    "country_iso2": "BR",
    "country_iso3": "BRA",
    "country_native": "BRASIL"
  },
  {
    "id": 10608,
    "name": "BELO JARDIM",
    "state": "PERNAMBUCO",
    "state_iso2": "PE",
    "country": "BRAZIL",
    "country_iso2": "BR",
    "country_iso3": "BRA",
    "country_native": "BRASIL"
  },
  {
    "id": 10617,
    "name": "BELÉM DE MARIA",
    "state": "PERNAMBUCO",
    "state_iso2": "PE",
    "country": "BRAZIL",
    "country_iso2": "BR",
    "country_iso3": "BRA",
    "country_native": "BRASIL"
  },
  {
    "id": 10618,
    "name": "BELÉM DE SÃO FRANCISCO",
    "state": "PERNAMBUCO",
    "state_iso2": "PE",
    "country": "BRAZIL",
    "country_iso2": "BR",
    "country_iso3": "BRA",
    "country_native": "BRASIL"
  },
  {
    "id": 10621,
    "name": "BELÉM DO SÃO FRANCISCO",
    "state": "PERNAMBUCO",
    "state_iso2": "PE",
    "country": "BRAZIL",
    "country_iso2": "BR",
    "country_iso3": "BRA",
    "country_native": "BRASIL"
  },
  {
    "id": 10643,
    "name": "BETÂNIA",
    "state": "PERNAMBUCO",
    "state_iso2": "PE",
    "country": "BRAZIL",
    "country_iso2": "BR",
    "country_iso3": "BRA",
    "country_native": "BRASIL"
  },
  {
    "id": 10645,
    "name": "BEZERROS",
    "state": "PERNAMBUCO",
    "state_iso2": "PE",
    "country": "BRAZIL",
    "country_iso2": "BR",
    "country_iso3": "BRA",
    "country_native": "BRASIL"
  },
  {
    "id": 10685,
    "name": "BODOCÓ",
    "state": "PERNAMBUCO",
    "state_iso2": "PE",
    "country": "BRAZIL",
    "country_iso2": "BR",
    "country_iso3": "BRA",
    "country_native": "BRASIL"
  },
  {
    "id": 10690,
    "name": "BOM CONSELHO",
    "state": "PERNAMBUCO",
    "state_iso2": "PE",
    "country": "BRAZIL",
    "country_iso2": "BR",
    "country_iso3": "BRA",
    "country_native": "BRASIL"
  },
  {
    "id": 10692,
    "name": "BOM JARDIM",
    "state": "PERNAMBUCO",
    "state_iso2": "PE",
    "country": "BRAZIL",
    "country_iso2": "BR",
    "country_iso3": "BRA",
    "country_native": "BRASIL"
  },
  {
    "id": 10736,
    "name": "BONITO",
    "state": "PERNAMBUCO",
    "state_iso2": "PE",
    "country": "BRAZIL",
    "country_iso2": "BR",
    "country_iso3": "BRA",
    "country_native": "BRASIL"
  },
  {
    "id": 10786,
    "name": "BREJINHO",
    "state": "PERNAMBUCO",
    "state_iso2": "PE",
    "country": "BRAZIL",
    "country_iso2": "BR",
    "country_iso3": "BRA",
    "country_native": "BRASIL"
  },
  {
    "id": 10793,
    "name": "BREJO DA MADRE DE DEUS",
    "state": "PERNAMBUCO",
    "state_iso2": "PE",
    "country": "BRAZIL",
    "country_iso2": "BR",
    "country_iso3": "BRA",
    "country_native": "BRASIL"
  },
  {
    "id": 10799,
    "name": "BREJÃO",
    "state": "PERNAMBUCO",
    "state_iso2": "PE",
    "country": "BRAZIL",
    "country_iso2": "BR",
    "country_iso3": "BRA",
    "country_native": "BRASIL"
  },
  {
    "id": 10815,
    "name": "BUENOS AIRES",
    "state": "PERNAMBUCO",
    "state_iso2": "PE",
    "country": "BRAZIL",
    "country_iso2": "BR",
    "country_iso3": "BRA",
    "country_native": "BRASIL"
  },
  {
    "id": 10839,
    "name": "BUÍQUE",
    "state": "PERNAMBUCO",
    "state_iso2": "PE",
    "country": "BRAZIL",
    "country_iso2": "BR",
    "country_iso3": "BRA",
    "country_native": "BRASIL"
  },
  {
    "id": 10852,
    "name": "CABO",
    "state": "PERNAMBUCO",
    "state_iso2": "PE",
    "country": "BRAZIL",
    "country_iso2": "BR",
    "country_iso3": "BRA",
    "country_native": "BRASIL"
  },
  {
    "id": 10855,
    "name": "CABO DE SANTO AGOSTINHO",
    "state": "PERNAMBUCO",
    "state_iso2": "PE",
    "country": "BRAZIL",
    "country_iso2": "BR",
    "country_iso3": "BRA",
    "country_native": "BRASIL"
  },
  {
    "id": 10857,
    "name": "CABROBÓ",
    "state": "PERNAMBUCO",
    "state_iso2": "PE",
    "country": "BRAZIL",
    "country_iso2": "BR",
    "country_iso3": "BRA",
    "country_native": "BRASIL"
  },
  {
    "id": 10876,
    "name": "CACHOEIRINHA",
    "state": "PERNAMBUCO",
    "state_iso2": "PE",
    "country": "BRAZIL",
    "country_iso2": "BR",
    "country_iso3": "BRA",
    "country_native": "BRASIL"
  },
  {
    "id": 10892,
    "name": "CAETÉS",
    "state": "PERNAMBUCO",
    "state_iso2": "PE",
    "country": "BRAZIL",
    "country_iso2": "BR",
    "country_iso3": "BRA",
    "country_native": "BRASIL"
  },
  {
    "id": 10931,
    "name": "CALUMBI",
    "state": "PERNAMBUCO",
    "state_iso2": "PE",
    "country": "BRAZIL",
    "country_iso2": "BR",
    "country_iso3": "BRA",
    "country_native": "BRASIL"
  },
  {
    "id": 10932,
    "name": "CALÇADO",
    "state": "PERNAMBUCO",
    "state_iso2": "PE",
    "country": "BRAZIL",
    "country_iso2": "BR",
    "country_iso3": "BRA",
    "country_native": "BRASIL"
  },
  {
    "id": 10941,
    "name": "CAMARAGIBE",
    "state": "PERNAMBUCO",
    "state_iso2": "PE",
    "country": "BRAZIL",
    "country_iso2": "BR",
    "country_iso3": "BRA",
    "country_native": "BRASIL"
  },
  {
    "id": 10954,
    "name": "CAMOCIM DE SÃO FÉLIX",
    "state": "PERNAMBUCO",
    "state_iso2": "PE",
    "country": "BRAZIL",
    "country_iso2": "BR",
    "country_iso3": "BRA",
    "country_native": "BRASIL"
  },
  {
    "id": 11020,
    "name": "CAMUTANGA",
    "state": "PERNAMBUCO",
    "state_iso2": "PE",
    "country": "BRAZIL",
    "country_iso2": "BR",
    "country_iso3": "BRA",
    "country_native": "BRASIL"
  },
  {
    "id": 11045,
    "name": "CANHOTINHO",
    "state": "PERNAMBUCO",
    "state_iso2": "PE",
    "country": "BRAZIL",
    "country_iso2": "BR",
    "country_iso3": "BRA",
    "country_native": "BRASIL"
  },
  {
    "id": 11092,
    "name": "CAPOEIRAS",
    "state": "PERNAMBUCO",
    "state_iso2": "PE",
    "country": "BRAZIL",
    "country_iso2": "BR",
    "country_iso3": "BRA",
    "country_native": "BRASIL"
  },
  {
    "id": 11156,
    "name": "CARNAUBEIRA DA PENHA",
    "state": "PERNAMBUCO",
    "state_iso2": "PE",
    "country": "BRAZIL",
    "country_iso2": "BR",
    "country_iso3": "BRA",
    "country_native": "BRASIL"
  },
  {
    "id": 11157,
    "name": "CARNAÍBA",
    "state": "PERNAMBUCO",
    "state_iso2": "PE",
    "country": "BRAZIL",
    "country_iso2": "BR",
    "country_iso3": "BRA",
    "country_native": "BRASIL"
  },
  {
    "id": 11162,
    "name": "CARPINA",
    "state": "PERNAMBUCO",
    "state_iso2": "PE",
    "country": "BRAZIL",
    "country_iso2": "BR",
    "country_iso3": "BRA",
    "country_native": "BRASIL"
  },
  {
    "id": 11166,
    "name": "CARUARU",
    "state": "PERNAMBUCO",
    "state_iso2": "PE",
    "country": "BRAZIL",
    "country_iso2": "BR",
    "country_iso3": "BRA",
    "country_native": "BRASIL"
  },
  {
    "id": 11181,
    "name": "CASINHAS",
    "state": "PERNAMBUCO",
    "state_iso2": "PE",
    "country": "BRAZIL",
    "country_iso2": "BR",
    "country_iso3": "BRA",
    "country_native": "BRASIL"
  },
  {
    "id": 11201,
    "name": "CATENDE",
    "state": "PERNAMBUCO",
    "state_iso2": "PE",
    "country": "BRAZIL",
    "country_iso2": "BR",
    "country_iso3": "BRA",
    "country_native": "BRASIL"
  },
  {
    "id": 11231,
    "name": "CEDRO",
    "state": "PERNAMBUCO",
    "state_iso2": "PE",
    "country": "BRAZIL",
    "country_iso2": "BR",
    "country_iso3": "BRA",
    "country_native": "BRASIL"
  },
  {
    "id": 11288,
    "name": "CHÃ DE ALEGRIA",
    "state": "PERNAMBUCO",
    "state_iso2": "PE",
    "country": "BRAZIL",
    "country_iso2": "BR",
    "country_iso3": "BRA",
    "country_native": "BRASIL"
  },
  {
    "id": 11286,
    "name": "CHÃ GRANDE",
    "state": "PERNAMBUCO",
    "state_iso2": "PE",
    "country": "BRAZIL",
    "country_iso2": "BR",
    "country_iso3": "BRA",
    "country_native": "BRASIL"
  },
  {
    "id": 11335,
    "name": "COLÔNIA LEOPOLDINA",
    "state": "PERNAMBUCO",
    "state_iso2": "PE",
    "country": "BRAZIL",
    "country_iso2": "BR",
    "country_iso3": "BRA",
    "country_native": "BRASIL"
  },
  {
    "id": 11369,
    "name": "CONDADO",
    "state": "PERNAMBUCO",
    "state_iso2": "PE",
    "country": "BRAZIL",
    "country_iso2": "BR",
    "country_iso3": "BRA",
    "country_native": "BRASIL"
  },
  {
    "id": 11435,
    "name": "CORRENTES",
    "state": "PERNAMBUCO",
    "state_iso2": "PE",
    "country": "BRAZIL",
    "country_iso2": "BR",
    "country_iso3": "BRA",
    "country_native": "BRASIL"
  },
  {
    "id": 11437,
    "name": "CORTÊS",
    "state": "PERNAMBUCO",
    "state_iso2": "PE",
    "country": "BRAZIL",
    "country_iso2": "BR",
    "country_iso3": "BRA",
    "country_native": "BRASIL"
  },
  {
    "id": 11513,
    "name": "CUMARU",
    "state": "PERNAMBUCO",
    "state_iso2": "PE",
    "country": "BRAZIL",
    "country_iso2": "BR",
    "country_iso3": "BRA",
    "country_native": "BRASIL"
  },
  {
    "id": 11520,
    "name": "CUPIRA",
    "state": "PERNAMBUCO",
    "state_iso2": "PE",
    "country": "BRAZIL",
    "country_iso2": "BR",
    "country_iso3": "BRA",
    "country_native": "BRASIL"
  },
  {
    "id": 11540,
    "name": "CUSTÓDIA",
    "state": "PERNAMBUCO",
    "state_iso2": "PE",
    "country": "BRAZIL",
    "country_iso2": "BR",
    "country_iso3": "BRA",
    "country_native": "BRASIL"
  },
  {
    "id": 11649,
    "name": "DORMENTES",
    "state": "PERNAMBUCO",
    "state_iso2": "PE",
    "country": "BRAZIL",
    "country_iso2": "BR",
    "country_iso3": "BRA",
    "country_native": "BRASIL"
  },
  {
    "id": 11724,
    "name": "ESCADA",
    "state": "PERNAMBUCO",
    "state_iso2": "PE",
    "country": "BRAZIL",
    "country_iso2": "BR",
    "country_iso3": "BRA",
    "country_native": "BRASIL"
  },
  {
    "id": 11769,
    "name": "EXU",
    "state": "PERNAMBUCO",
    "state_iso2": "PE",
    "country": "BRAZIL",
    "country_iso2": "BR",
    "country_iso3": "BRA",
    "country_native": "BRASIL"
  },
  {
    "id": 11790,
    "name": "FEIRA NOVA",
    "state": "PERNAMBUCO",
    "state_iso2": "PE",
    "country": "BRAZIL",
    "country_iso2": "BR",
    "country_iso3": "BRA",
    "country_native": "BRASIL"
  },
  {
    "id": 11807,
    "name": "FERNANDO DE NORONHA",
    "state": "PERNAMBUCO",
    "state_iso2": "PE",
    "country": "BRAZIL",
    "country_iso2": "BR",
    "country_iso3": "BRA",
    "country_native": "BRASIL"
  },
  {
    "id": 11808,
    "name": "FERNANDO DE NORONHA (DISTRITO ESTADUAL)",
    "state": "PERNAMBUCO",
    "state_iso2": "PE",
    "country": "BRAZIL",
    "country_iso2": "BR",
    "country_iso3": "BRA",
    "country_native": "BRASIL"
  },
  {
    "id": 11813,
    "name": "FERREIROS",
    "state": "PERNAMBUCO",
    "state_iso2": "PE",
    "country": "BRAZIL",
    "country_iso2": "BR",
    "country_iso3": "BRA",
    "country_native": "BRASIL"
  },
  {
    "id": 11830,
    "name": "FLORES",
    "state": "PERNAMBUCO",
    "state_iso2": "PE",
    "country": "BRAZIL",
    "country_iso2": "BR",
    "country_iso3": "BRA",
    "country_native": "BRASIL"
  },
  {
    "id": 11834,
    "name": "FLORESTA",
    "state": "PERNAMBUCO",
    "state_iso2": "PE",
    "country": "BRAZIL",
    "country_iso2": "BR",
    "country_iso3": "BRA",
    "country_native": "BRASIL"
  },
  {
    "id": 11895,
    "name": "FREI MIGUELINHO",
    "state": "PERNAMBUCO",
    "state_iso2": "PE",
    "country": "BRAZIL",
    "country_iso2": "BR",
    "country_iso3": "BRA",
    "country_native": "BRASIL"
  },
  {
    "id": 11915,
    "name": "GAMELEIRA",
    "state": "PERNAMBUCO",
    "state_iso2": "PE",
    "country": "BRAZIL",
    "country_iso2": "BR",
    "country_iso3": "BRA",
    "country_native": "BRASIL"
  },
  {
    "id": 11919,
    "name": "GARANHUNS",
    "state": "PERNAMBUCO",
    "state_iso2": "PE",
    "country": "BRAZIL",
    "country_iso2": "BR",
    "country_iso3": "BRA",
    "country_native": "BRASIL"
  },
  {
    "id": 11953,
    "name": "GLÓRIA DO GOITÁ",
    "state": "PERNAMBUCO",
    "state_iso2": "PE",
    "country": "BRAZIL",
    "country_iso2": "BR",
    "country_iso3": "BRA",
    "country_native": "BRASIL"
  },
  {
    "id": 11957,
    "name": "GOIANA",
    "state": "PERNAMBUCO",
    "state_iso2": "PE",
    "country": "BRAZIL",
    "country_iso2": "BR",
    "country_iso3": "BRA",
    "country_native": "BRASIL"
  },
  {
    "id": 11997,
    "name": "GRANITO",
    "state": "PERNAMBUCO",
    "state_iso2": "PE",
    "country": "BRAZIL",
    "country_iso2": "BR",
    "country_iso3": "BRA",
    "country_native": "BRASIL"
  },
  {
    "id": 12002,
    "name": "GRAVATÁ",
    "state": "PERNAMBUCO",
    "state_iso2": "PE",
    "country": "BRAZIL",
    "country_iso2": "BR",
    "country_iso3": "BRA",
    "country_native": "BRASIL"
  },
  {
    "id": 12011,
    "name": "GUABIRABA",
    "state": "PERNAMBUCO",
    "state_iso2": "PE",
    "country": "BRAZIL",
    "country_iso2": "BR",
    "country_iso3": "BRA",
    "country_native": "BRASIL"
  },
  {
    "id": 12118,
    "name": "IATI",
    "state": "PERNAMBUCO",
    "state_iso2": "PE",
    "country": "BRAZIL",
    "country_iso2": "BR",
    "country_iso3": "BRA",
    "country_native": "BRASIL"
  },
  {
    "id": 12139,
    "name": "IBIMIRIM",
    "state": "PERNAMBUCO",
    "state_iso2": "PE",
    "country": "BRAZIL",
    "country_iso2": "BR",
    "country_iso3": "BRA",
    "country_native": "BRASIL"
  },
  {
    "id": 12147,
    "name": "IBIRAJUBA",
    "state": "PERNAMBUCO",
    "state_iso2": "PE",
    "country": "BRAZIL",
    "country_iso2": "BR",
    "country_iso3": "BRA",
    "country_native": "BRASIL"
  },
  {
    "id": 12188,
    "name": "IGARASSU",
    "state": "PERNAMBUCO",
    "state_iso2": "PE",
    "country": "BRAZIL",
    "country_iso2": "BR",
    "country_iso3": "BRA",
    "country_native": "BRASIL"
  },
  {
    "id": 12197,
    "name": "IGUARACI",
    "state": "PERNAMBUCO",
    "state_iso2": "PE",
    "country": "BRAZIL",
    "country_iso2": "BR",
    "country_iso3": "BRA",
    "country_native": "BRASIL"
  },
  {
    "id": 12211,
    "name": "ILHA DE ITAMARACÁ",
    "state": "PERNAMBUCO",
    "state_iso2": "PE",
    "country": "BRAZIL",
    "country_iso2": "BR",
    "country_iso3": "BRA",
    "country_native": "BRASIL"
  },
  {
    "id": 12228,
    "name": "INAJÁ",
    "state": "PERNAMBUCO",
    "state_iso2": "PE",
    "country": "BRAZIL",
    "country_iso2": "BR",
    "country_iso3": "BRA",
    "country_native": "BRASIL"
  },
  {
    "id": 12243,
    "name": "INGAZEIRA",
    "state": "PERNAMBUCO",
    "state_iso2": "PE",
    "country": "BRAZIL",
    "country_iso2": "BR",
    "country_iso3": "BRA",
    "country_native": "BRASIL"
  },
  {
    "id": 12283,
    "name": "IPOJUCA",
    "state": "PERNAMBUCO",
    "state_iso2": "PE",
    "country": "BRAZIL",
    "country_iso2": "BR",
    "country_iso3": "BRA",
    "country_native": "BRASIL"
  },
  {
    "id": 12290,
    "name": "IPUBI",
    "state": "PERNAMBUCO",
    "state_iso2": "PE",
    "country": "BRAZIL",
    "country_iso2": "BR",
    "country_iso3": "BRA",
    "country_native": "BRASIL"
  },
  {
    "id": 12344,
    "name": "ITACURUBA",
    "state": "PERNAMBUCO",
    "state_iso2": "PE",
    "country": "BRAZIL",
    "country_iso2": "BR",
    "country_iso3": "BRA",
    "country_native": "BRASIL"
  },
  {
    "id": 12375,
    "name": "ITAMARACÁ",
    "state": "PERNAMBUCO",
    "state_iso2": "PE",
    "country": "BRAZIL",
    "country_iso2": "BR",
    "country_iso3": "BRA",
    "country_native": "BRASIL"
  },
  {
    "id": 12385,
    "name": "ITAMBÉ",
    "state": "PERNAMBUCO",
    "state_iso2": "PE",
    "country": "BRAZIL",
    "country_iso2": "BR",
    "country_iso3": "BRA",
    "country_native": "BRASIL"
  },
  {
    "id": 12412,
    "name": "ITAPETIM",
    "state": "PERNAMBUCO",
    "state_iso2": "PE",
    "country": "BRAZIL",
    "country_iso2": "BR",
    "country_iso3": "BRA",
    "country_native": "BRASIL"
  },
  {
    "id": 12426,
    "name": "ITAPISSUMA",
    "state": "PERNAMBUCO",
    "state_iso2": "PE",
    "country": "BRAZIL",
    "country_iso2": "BR",
    "country_iso3": "BRA",
    "country_native": "BRASIL"
  },
  {
    "id": 12446,
    "name": "ITAQUITINGA",
    "state": "PERNAMBUCO",
    "state_iso2": "PE",
    "country": "BRAZIL",
    "country_iso2": "BR",
    "country_iso3": "BRA",
    "country_native": "BRASIL"
  },
  {
    "id": 12467,
    "name": "ITAÍBA",
    "state": "PERNAMBUCO",
    "state_iso2": "PE",
    "country": "BRAZIL",
    "country_iso2": "BR",
    "country_iso3": "BRA",
    "country_native": "BRASIL"
  },
  {
    "id": 12508,
    "name": "JABOATÃO",
    "state": "PERNAMBUCO",
    "state_iso2": "PE",
    "country": "BRAZIL",
    "country_iso2": "BR",
    "country_iso3": "BRA",
    "country_native": "BRASIL"
  },
  {
    "id": 12509,
    "name": "JABOATÃO DOS GUARARAPES",
    "state": "PERNAMBUCO",
    "state_iso2": "PE",
    "country": "BRAZIL",
    "country_iso2": "BR",
    "country_iso3": "BRA",
    "country_native": "BRASIL"
  },
  {
    "id": 12577,
    "name": "JAQUEIRA",
    "state": "PERNAMBUCO",
    "state_iso2": "PE",
    "country": "BRAZIL",
    "country_iso2": "BR",
    "country_iso3": "BRA",
    "country_native": "BRASIL"
  },
  {
    "id": 12599,
    "name": "JATAÚBA",
    "state": "PERNAMBUCO",
    "state_iso2": "PE",
    "country": "BRAZIL",
    "country_iso2": "BR",
    "country_iso3": "BRA",
    "country_native": "BRASIL"
  },
  {
    "id": 12602,
    "name": "JATOBÁ",
    "state": "PERNAMBUCO",
    "state_iso2": "PE",
    "country": "BRAZIL",
    "country_iso2": "BR",
    "country_iso3": "BRA",
    "country_native": "BRASIL"
  },
  {
    "id": 12638,
    "name": "JOAQUIM NABUCO",
    "state": "PERNAMBUCO",
    "state_iso2": "PE",
    "country": "BRAZIL",
    "country_iso2": "BR",
    "country_iso3": "BRA",
    "country_native": "BRASIL"
  },
  {
    "id": 12657,
    "name": "JOÃO ALFREDO",
    "state": "PERNAMBUCO",
    "state_iso2": "PE",
    "country": "BRAZIL",
    "country_iso2": "BR",
    "country_iso3": "BRA",
    "country_native": "BRASIL"
  },
  {
    "id": 12676,
    "name": "JUCATI",
    "state": "PERNAMBUCO",
    "state_iso2": "PE",
    "country": "BRAZIL",
    "country_iso2": "BR",
    "country_iso3": "BRA",
    "country_native": "BRASIL"
  },
  {
    "id": 12690,
    "name": "JUPI",
    "state": "PERNAMBUCO",
    "state_iso2": "PE",
    "country": "BRAZIL",
    "country_iso2": "BR",
    "country_iso3": "BRA",
    "country_native": "BRASIL"
  },
  {
    "id": 12697,
    "name": "JUREMA",
    "state": "PERNAMBUCO",
    "state_iso2": "PE",
    "country": "BRAZIL",
    "country_iso2": "BR",
    "country_iso3": "BRA",
    "country_native": "BRASIL"
  },
  {
    "id": 12753,
    "name": "LAGOA DE ITAENGA",
    "state": "PERNAMBUCO",
    "state_iso2": "PE",
    "country": "BRAZIL",
    "country_iso2": "BR",
    "country_iso3": "BRA",
    "country_native": "BRASIL"
  },
  {
    "id": 12758,
    "name": "LAGOA DO CARRO",
    "state": "PERNAMBUCO",
    "state_iso2": "PE",
    "country": "BRAZIL",
    "country_iso2": "BR",
    "country_iso3": "BRA",
    "country_native": "BRASIL"
  },
  {
    "id": 12759,
    "name": "LAGOA DO ITAENGA",
    "state": "PERNAMBUCO",
    "state_iso2": "PE",
    "country": "BRAZIL",
    "country_iso2": "BR",
    "country_iso3": "BRA",
    "country_native": "BRASIL"
  },
  {
    "id": 12761,
    "name": "LAGOA DO OURO",
    "state": "PERNAMBUCO",
    "state_iso2": "PE",
    "country": "BRAZIL",
    "country_iso2": "BR",
    "country_iso3": "BRA",
    "country_native": "BRASIL"
  },
  {
    "id": 12765,
    "name": "LAGOA DOS GATOS",
    "state": "PERNAMBUCO",
    "state_iso2": "PE",
    "country": "BRAZIL",
    "country_iso2": "BR",
    "country_iso3": "BRA",
    "country_native": "BRASIL"
  },
  {
    "id": 12738,
    "name": "LAGOA GRANDE",
    "state": "PERNAMBUCO",
    "state_iso2": "PE",
    "country": "BRAZIL",
    "country_iso2": "BR",
    "country_iso3": "BRA",
    "country_native": "BRASIL"
  },
  {
    "id": 12781,
    "name": "LAJEDO",
    "state": "PERNAMBUCO",
    "state_iso2": "PE",
    "country": "BRAZIL",
    "country_iso2": "BR",
    "country_iso3": "BRA",
    "country_native": "BRASIL"
  },
  {
    "id": 12831,
    "name": "LIMOEIRO",
    "state": "PERNAMBUCO",
    "state_iso2": "PE",
    "country": "BRAZIL",
    "country_iso2": "BR",
    "country_iso3": "BRA",
    "country_native": "BRASIL"
  },
  {
    "id": 12886,
    "name": "MACAPARANA",
    "state": "PERNAMBUCO",
    "state_iso2": "PE",
    "country": "BRAZIL",
    "country_iso2": "BR",
    "country_iso3": "BRA",
    "country_native": "BRASIL"
  },
  {
    "id": 12901,
    "name": "MACHADOS",
    "state": "PERNAMBUCO",
    "state_iso2": "PE",
    "country": "BRAZIL",
    "country_iso2": "BR",
    "country_iso3": "BRA",
    "country_native": "BRASIL"
  },
  {
    "id": 12938,
    "name": "MANARI",
    "state": "PERNAMBUCO",
    "state_iso2": "PE",
    "country": "BRAZIL",
    "country_iso2": "BR",
    "country_iso3": "BRA",
    "country_native": "BRASIL"
  },
  {
    "id": 12975,
    "name": "MARAIAL",
    "state": "PERNAMBUCO",
    "state_iso2": "PE",
    "country": "BRAZIL",
    "country_iso2": "BR",
    "country_iso3": "BRA",
    "country_native": "BRASIL"
  },
  {
    "id": 13140,
    "name": "MIRANDIBA",
    "state": "PERNAMBUCO",
    "state_iso2": "PE",
    "country": "BRAZIL",
    "country_iso2": "BR",
    "country_iso3": "BRA",
    "country_native": "BRASIL"
  },
  {
    "id": 13230,
    "name": "MOREILÂNDIA",
    "state": "PERNAMBUCO",
    "state_iso2": "PE",
    "country": "BRAZIL",
    "country_iso2": "BR",
    "country_iso3": "BRA",
    "country_native": "BRASIL"
  },
  {
    "id": 13232,
    "name": "MORENO",
    "state": "PERNAMBUCO",
    "state_iso2": "PE",
    "country": "BRAZIL",
    "country_iso2": "BR",
    "country_iso3": "BRA",
    "country_native": "BRASIL"
  },
  {
    "id": 13313,
    "name": "NAZARÉ DA MATA",
    "state": "PERNAMBUCO",
    "state_iso2": "PE",
    "country": "BRAZIL",
    "country_iso2": "BR",
    "country_iso3": "BRA",
    "country_native": "BRASIL"
  },
  {
    "id": 13502,
    "name": "OLINDA",
    "state": "PERNAMBUCO",
    "state_iso2": "PE",
    "country": "BRAZIL",
    "country_iso2": "BR",
    "country_iso3": "BRA",
    "country_native": "BRASIL"
  },
  {
    "id": 13523,
    "name": "OROBÓ",
    "state": "PERNAMBUCO",
    "state_iso2": "PE",
    "country": "BRAZIL",
    "country_iso2": "BR",
    "country_iso3": "BRA",
    "country_native": "BRASIL"
  },
  {
    "id": 13524,
    "name": "OROCÓ",
    "state": "PERNAMBUCO",
    "state_iso2": "PE",
    "country": "BRAZIL",
    "country_iso2": "BR",
    "country_iso3": "BRA",
    "country_native": "BRASIL"
  },
  {
    "id": 13532,
    "name": "OURICURI",
    "state": "PERNAMBUCO",
    "state_iso2": "PE",
    "country": "BRAZIL",
    "country_iso2": "BR",
    "country_iso3": "BRA",
    "country_native": "BRASIL"
  },
  {
    "id": 13583,
    "name": "PALMARES",
    "state": "PERNAMBUCO",
    "state_iso2": "PE",
    "country": "BRAZIL",
    "country_iso2": "BR",
    "country_iso3": "BRA",
    "country_native": "BRASIL"
  },
  {
    "id": 13600,
    "name": "PALMEIRINA",
    "state": "PERNAMBUCO",
    "state_iso2": "PE",
    "country": "BRAZIL",
    "country_iso2": "BR",
    "country_iso3": "BRA",
    "country_native": "BRASIL"
  },
  {
    "id": 13615,
    "name": "PANELAS",
    "state": "PERNAMBUCO",
    "state_iso2": "PE",
    "country": "BRAZIL",
    "country_iso2": "BR",
    "country_iso3": "BRA",
    "country_native": "BRASIL"
  },
  {
    "id": 13642,
    "name": "PARANATAMA",
    "state": "PERNAMBUCO",
    "state_iso2": "PE",
    "country": "BRAZIL",
    "country_iso2": "BR",
    "country_iso3": "BRA",
    "country_native": "BRASIL"
  },
  {
    "id": 13679,
    "name": "PARNAMIRIM",
    "state": "PERNAMBUCO",
    "state_iso2": "PE",
    "country": "BRAZIL",
    "country_iso2": "BR",
    "country_iso3": "BRA",
    "country_native": "BRASIL"
  },
  {
    "id": 13695,
    "name": "PASSIRA",
    "state": "PERNAMBUCO",
    "state_iso2": "PE",
    "country": "BRAZIL",
    "country_iso2": "BR",
    "country_iso3": "BRA",
    "country_native": "BRASIL"
  },
  {
    "id": 13719,
    "name": "PAUDALHO",
    "state": "PERNAMBUCO",
    "state_iso2": "PE",
    "country": "BRAZIL",
    "country_iso2": "BR",
    "country_iso3": "BRA",
    "country_native": "BRASIL"
  },
  {
    "id": 13725,
    "name": "PAULISTA",
    "state": "PERNAMBUCO",
    "state_iso2": "PE",
    "country": "BRAZIL",
    "country_iso2": "BR",
    "country_iso3": "BRA",
    "country_native": "BRASIL"
  },
  {
    "id": 13745,
    "name": "PEDRA",
    "state": "PERNAMBUCO",
    "state_iso2": "PE",
    "country": "BRAZIL",
    "country_iso2": "BR",
    "country_iso3": "BRA",
    "country_native": "BRASIL"
  },
  {
    "id": 13816,
    "name": "PESQUEIRA",
    "state": "PERNAMBUCO",
    "state_iso2": "PE",
    "country": "BRAZIL",
    "country_iso2": "BR",
    "country_iso3": "BRA",
    "country_native": "BRASIL"
  },
  {
    "id": 13817,
    "name": "PETROLINA",
    "state": "PERNAMBUCO",
    "state_iso2": "PE",
    "country": "BRAZIL",
    "country_iso2": "BR",
    "country_iso3": "BRA",
    "country_native": "BRASIL"
  },
  {
    "id": 13819,
    "name": "PETROLÂNDIA",
    "state": "PERNAMBUCO",
    "state_iso2": "PE",
    "country": "BRAZIL",
    "country_iso2": "BR",
    "country_iso3": "BRA",
    "country_native": "BRASIL"
  },
  {
    "id": 13952,
    "name": "POMBOS",
    "state": "PERNAMBUCO",
    "state_iso2": "PE",
    "country": "BRAZIL",
    "country_iso2": "BR",
    "country_iso3": "BRA",
    "country_native": "BRASIL"
  },
  {
    "id": 14054,
    "name": "POÇÃO",
    "state": "PERNAMBUCO",
    "state_iso2": "PE",
    "country": "BRAZIL",
    "country_iso2": "BR",
    "country_iso3": "BRA",
    "country_native": "BRASIL"
  },
  {
    "id": 14101,
    "name": "PRIMAVERA",
    "state": "PERNAMBUCO",
    "state_iso2": "PE",
    "country": "BRAZIL",
    "country_iso2": "BR",
    "country_iso3": "BRA",
    "country_native": "BRASIL"
  },
  {
    "id": 14153,
    "name": "QUIPAPÁ",
    "state": "PERNAMBUCO",
    "state_iso2": "PE",
    "country": "BRAZIL",
    "country_iso2": "BR",
    "country_iso3": "BRA",
    "country_native": "BRASIL"
  },
  {
    "id": 14159,
    "name": "QUIXABA",
    "state": "PERNAMBUCO",
    "state_iso2": "PE",
    "country": "BRAZIL",
    "country_iso2": "BR",
    "country_iso3": "BRA",
    "country_native": "BRASIL"
  },
  {
    "id": 14179,
    "name": "RECIFE",
    "state": "PERNAMBUCO",
    "state_iso2": "PE",
    "country": "BRAZIL",
    "country_iso2": "BR",
    "country_iso3": "BRA",
    "country_native": "BRASIL"
  },
  {
    "id": 14212,
    "name": "RIACHO DAS ALMAS",
    "state": "PERNAMBUCO",
    "state_iso2": "PE",
    "country": "BRAZIL",
    "country_iso2": "BR",
    "country_iso3": "BRA",
    "country_native": "BRASIL"
  },
  {
    "id": 14236,
    "name": "RIBEIRÃO",
    "state": "PERNAMBUCO",
    "state_iso2": "PE",
    "country": "BRAZIL",
    "country_iso2": "BR",
    "country_iso3": "BRA",
    "country_native": "BRASIL"
  },
  {
    "id": 14274,
    "name": "RIO FORMOSO",
    "state": "PERNAMBUCO",
    "state_iso2": "PE",
    "country": "BRAZIL",
    "country_iso2": "BR",
    "country_iso3": "BRA",
    "country_native": "BRASIL"
  },
  {
    "id": 14375,
    "name": "SAIRÉ",
    "state": "PERNAMBUCO",
    "state_iso2": "PE",
    "country": "BRAZIL",
    "country_iso2": "BR",
    "country_iso3": "BRA",
    "country_native": "BRASIL"
  },
  {
    "id": 14381,
    "name": "SALGADINHO",
    "state": "PERNAMBUCO",
    "state_iso2": "PE",
    "country": "BRAZIL",
    "country_iso2": "BR",
    "country_iso3": "BRA",
    "country_native": "BRASIL"
  },
  {
    "id": 14386,
    "name": "SALGUEIRO",
    "state": "PERNAMBUCO",
    "state_iso2": "PE",
    "country": "BRAZIL",
    "country_iso2": "BR",
    "country_iso3": "BRA",
    "country_native": "BRASIL"
  },
  {
    "id": 14392,
    "name": "SALOÁ",
    "state": "PERNAMBUCO",
    "state_iso2": "PE",
    "country": "BRAZIL",
    "country_iso2": "BR",
    "country_iso3": "BRA",
    "country_native": "BRASIL"
  },
  {
    "id": 14415,
    "name": "SANHARÓ",
    "state": "PERNAMBUCO",
    "state_iso2": "PE",
    "country": "BRAZIL",
    "country_iso2": "BR",
    "country_iso3": "BRA",
    "country_native": "BRASIL"
  },
  {
    "id": 14439,
    "name": "SANTA CRUZ",
    "state": "PERNAMBUCO",
    "state_iso2": "PE",
    "country": "BRAZIL",
    "country_iso2": "BR",
    "country_iso3": "BRA",
    "country_native": "BRASIL"
  },
  {
    "id": 14442,
    "name": "SANTA CRUZ DA BAIXA VERDE",
    "state": "PERNAMBUCO",
    "state_iso2": "PE",
    "country": "BRAZIL",
    "country_iso2": "BR",
    "country_iso3": "BRA",
    "country_native": "BRASIL"
  },
  {
    "id": 14452,
    "name": "SANTA CRUZ DO CAPIBARIBE",
    "state": "PERNAMBUCO",
    "state_iso2": "PE",
    "country": "BRAZIL",
    "country_iso2": "BR",
    "country_iso3": "BRA",
    "country_native": "BRASIL"
  },
  {
    "id": 14462,
    "name": "SANTA FILOMENA",
    "state": "PERNAMBUCO",
    "state_iso2": "PE",
    "country": "BRAZIL",
    "country_iso2": "BR",
    "country_iso3": "BRA",
    "country_native": "BRASIL"
  },
  {
    "id": 14505,
    "name": "SANTA MARIA DA BOA VISTA",
    "state": "PERNAMBUCO",
    "state_iso2": "PE",
    "country": "BRAZIL",
    "country_iso2": "BR",
    "country_iso3": "BRA",
    "country_native": "BRASIL"
  },
  {
    "id": 14511,
    "name": "SANTA MARIA DO CAMBUCÁ",
    "state": "PERNAMBUCO",
    "state_iso2": "PE",
    "country": "BRAZIL",
    "country_iso2": "BR",
    "country_iso3": "BRA",
    "country_native": "BRASIL"
  },
  {
    "id": 14558,
    "name": "SANTA TEREZINHA",
    "state": "PERNAMBUCO",
    "state_iso2": "PE",
    "country": "BRAZIL",
    "country_iso2": "BR",
    "country_iso3": "BRA",
    "country_native": "BRASIL"
  },
  {
    "id": 14734,
    "name": "SERRA TALHADA",
    "state": "PERNAMBUCO",
    "state_iso2": "PE",
    "country": "BRAZIL",
    "country_iso2": "BR",
    "country_iso3": "BRA",
    "country_native": "BRASIL"
  },
  {
    "id": 14754,
    "name": "SERRITA",
    "state": "PERNAMBUCO",
    "state_iso2": "PE",
    "country": "BRAZIL",
    "country_iso2": "BR",
    "country_iso3": "BRA",
    "country_native": "BRASIL"
  },
  {
    "id": 14759,
    "name": "SERTÂNIA",
    "state": "PERNAMBUCO",
    "state_iso2": "PE",
    "country": "BRAZIL",
    "country_iso2": "BR",
    "country_iso3": "BRA",
    "country_native": "BRASIL"
  },
  {
    "id": 14793,
    "name": "SIRINHAÉM",
    "state": "PERNAMBUCO",
    "state_iso2": "PE",
    "country": "BRAZIL",
    "country_iso2": "BR",
    "country_iso3": "BRA",
    "country_native": "BRASIL"
  },
  {
    "id": 14805,
    "name": "SOLIDÃO",
    "state": "PERNAMBUCO",
    "state_iso2": "PE",
    "country": "BRAZIL",
    "country_iso2": "BR",
    "country_iso3": "BRA",
    "country_native": "BRASIL"
  },
  {
    "id": 14826,
    "name": "SURUBIM",
    "state": "PERNAMBUCO",
    "state_iso2": "PE",
    "country": "BRAZIL",
    "country_iso2": "BR",
    "country_iso3": "BRA",
    "country_native": "BRASIL"
  },
  {
    "id": 14833,
    "name": "SÃO BENEDITO DO SUL",
    "state": "PERNAMBUCO",
    "state_iso2": "PE",
    "country": "BRAZIL",
    "country_iso2": "BR",
    "country_iso3": "BRA",
    "country_native": "BRASIL"
  },
  {
    "id": 14843,
    "name": "SÃO BENTO DO UNA",
    "state": "PERNAMBUCO",
    "state_iso2": "PE",
    "country": "BRAZIL",
    "country_iso2": "BR",
    "country_iso3": "BRA",
    "country_native": "BRASIL"
  },
  {
    "id": 14854,
    "name": "SÃO CAITANO",
    "state": "PERNAMBUCO",
    "state_iso2": "PE",
    "country": "BRAZIL",
    "country_iso2": "BR",
    "country_iso3": "BRA",
    "country_native": "BRASIL"
  },
  {
    "id": 14933,
    "name": "SÃO JOAQUIM DO MONTE",
    "state": "PERNAMBUCO",
    "state_iso2": "PE",
    "country": "BRAZIL",
    "country_iso2": "BR",
    "country_iso3": "BRA",
    "country_native": "BRASIL"
  },
  {
    "id": 14942,
    "name": "SÃO JOSÉ DA COROA GRANDE",
    "state": "PERNAMBUCO",
    "state_iso2": "PE",
    "country": "BRAZIL",
    "country_iso2": "BR",
    "country_iso3": "BRA",
    "country_native": "BRASIL"
  },
  {
    "id": 14961,
    "name": "SÃO JOSÉ DO BELMONTE",
    "state": "PERNAMBUCO",
    "state_iso2": "PE",
    "country": "BRAZIL",
    "country_iso2": "BR",
    "country_iso3": "BRA",
    "country_native": "BRASIL"
  },
  {
    "id": 14970,
    "name": "SÃO JOSÉ DO EGITO",
    "state": "PERNAMBUCO",
    "state_iso2": "PE",
    "country": "BRAZIL",
    "country_iso2": "BR",
    "country_iso3": "BRA",
    "country_native": "BRASIL"
  },
  {
    "id": 14999,
    "name": "SÃO JOÃO",
    "state": "PERNAMBUCO",
    "state_iso2": "PE",
    "country": "BRAZIL",
    "country_iso2": "BR",
    "country_iso3": "BRA",
    "country_native": "BRASIL"
  },
  {
    "id": 15053,
    "name": "SÃO LOURENÇO DA MATA",
    "state": "PERNAMBUCO",
    "state_iso2": "PE",
    "country": "BRAZIL",
    "country_iso2": "BR",
    "country_iso3": "BRA",
    "country_native": "BRASIL"
  },
  {
    "id": 15171,
    "name": "SÃO VICENTE FÉRRER",
    "state": "PERNAMBUCO",
    "state_iso2": "PE",
    "country": "BRAZIL",
    "country_iso2": "BR",
    "country_iso3": "BRA",
    "country_native": "BRASIL"
  },
  {
    "id": 15187,
    "name": "TABIRA",
    "state": "PERNAMBUCO",
    "state_iso2": "PE",
    "country": "BRAZIL",
    "country_iso2": "BR",
    "country_iso3": "BRA",
    "country_native": "BRASIL"
  },
  {
    "id": 15193,
    "name": "TACAIMBÓ",
    "state": "PERNAMBUCO",
    "state_iso2": "PE",
    "country": "BRAZIL",
    "country_iso2": "BR",
    "country_iso3": "BRA",
    "country_native": "BRASIL"
  },
  {
    "id": 15194,
    "name": "TACARATU",
    "state": "PERNAMBUCO",
    "state_iso2": "PE",
    "country": "BRAZIL",
    "country_iso2": "BR",
    "country_iso3": "BRA",
    "country_native": "BRASIL"
  },
  {
    "id": 15208,
    "name": "TAMANDARÉ",
    "state": "PERNAMBUCO",
    "state_iso2": "PE",
    "country": "BRAZIL",
    "country_iso2": "BR",
    "country_iso3": "BRA",
    "country_native": "BRASIL"
  },
  {
    "id": 15247,
    "name": "TAQUARITINGA DO NORTE",
    "state": "PERNAMBUCO",
    "state_iso2": "PE",
    "country": "BRAZIL",
    "country_iso2": "BR",
    "country_iso3": "BRA",
    "country_native": "BRASIL"
  },
  {
    "id": 15287,
    "name": "TEREZINHA",
    "state": "PERNAMBUCO",
    "state_iso2": "PE",
    "country": "BRAZIL",
    "country_iso2": "BR",
    "country_iso3": "BRA",
    "country_native": "BRASIL"
  },
  {
    "id": 15291,
    "name": "TERRA NOVA",
    "state": "PERNAMBUCO",
    "state_iso2": "PE",
    "country": "BRAZIL",
    "country_iso2": "BR",
    "country_iso3": "BRA",
    "country_native": "BRASIL"
  },
  {
    "id": 15311,
    "name": "TIMBAÚBA",
    "state": "PERNAMBUCO",
    "state_iso2": "PE",
    "country": "BRAZIL",
    "country_iso2": "BR",
    "country_iso3": "BRA",
    "country_native": "BRASIL"
  },
  {
    "id": 15337,
    "name": "TORITAMA",
    "state": "PERNAMBUCO",
    "state_iso2": "PE",
    "country": "BRAZIL",
    "country_iso2": "BR",
    "country_iso3": "BRA",
    "country_native": "BRASIL"
  },
  {
    "id": 15346,
    "name": "TRACUNHAÉM",
    "state": "PERNAMBUCO",
    "state_iso2": "PE",
    "country": "BRAZIL",
    "country_iso2": "BR",
    "country_iso3": "BRA",
    "country_native": "BRASIL"
  },
  {
    "id": 15360,
    "name": "TRINDADE",
    "state": "PERNAMBUCO",
    "state_iso2": "PE",
    "country": "BRAZIL",
    "country_iso2": "BR",
    "country_iso3": "BRA",
    "country_native": "BRASIL"
  },
  {
    "id": 15363,
    "name": "TRIUNFO",
    "state": "PERNAMBUCO",
    "state_iso2": "PE",
    "country": "BRAZIL",
    "country_iso2": "BR",
    "country_iso3": "BRA",
    "country_native": "BRASIL"
  },
  {
    "id": 15399,
    "name": "TUPANATINGA",
    "state": "PERNAMBUCO",
    "state_iso2": "PE",
    "country": "BRAZIL",
    "country_iso2": "BR",
    "country_iso3": "BRA",
    "country_native": "BRASIL"
  },
  {
    "id": 15404,
    "name": "TUPARETAMA",
    "state": "PERNAMBUCO",
    "state_iso2": "PE",
    "country": "BRAZIL",
    "country_iso2": "BR",
    "country_iso3": "BRA",
    "country_native": "BRASIL"
  },
  {
    "id": 15529,
    "name": "VENTUROSA",
    "state": "PERNAMBUCO",
    "state_iso2": "PE",
    "country": "BRAZIL",
    "country_iso2": "BR",
    "country_iso3": "BRA",
    "country_native": "BRASIL"
  },
  {
    "id": 15539,
    "name": "VERDEJANTE",
    "state": "PERNAMBUCO",
    "state_iso2": "PE",
    "country": "BRAZIL",
    "country_iso2": "BR",
    "country_iso3": "BRA",
    "country_native": "BRASIL"
  },
  {
    "id": 15544,
    "name": "VERTENTE DO LÉRIO",
    "state": "PERNAMBUCO",
    "state_iso2": "PE",
    "country": "BRAZIL",
    "country_iso2": "BR",
    "country_iso3": "BRA",
    "country_native": "BRASIL"
  },
  {
    "id": 15545,
    "name": "VERTENTES",
    "state": "PERNAMBUCO",
    "state_iso2": "PE",
    "country": "BRAZIL",
    "country_iso2": "BR",
    "country_iso3": "BRA",
    "country_native": "BRASIL"
  },
  {
    "id": 15559,
    "name": "VICÊNCIA",
    "state": "PERNAMBUCO",
    "state_iso2": "PE",
    "country": "BRAZIL",
    "country_iso2": "BR",
    "country_iso3": "BRA",
    "country_native": "BRASIL"
  },
  {
    "id": 15601,
    "name": "VITÓRIA DE SANTO ANTÃO",
    "state": "PERNAMBUCO",
    "state_iso2": "PE",
    "country": "BRAZIL",
    "country_iso2": "BR",
    "country_iso3": "BRA",
    "country_native": "BRASIL"
  },
  {
    "id": 15640,
    "name": "XEXÉU",
    "state": "PERNAMBUCO",
    "state_iso2": "PE",
    "country": "BRAZIL",
    "country_iso2": "BR",
    "country_iso3": "BRA",
    "country_native": "BRASIL"
  },
  {
    "id": 15663,
    "name": "ÁGUA PRETA",
    "state": "PERNAMBUCO",
    "state_iso2": "PE",
    "country": "BRAZIL",
    "country_iso2": "BR",
    "country_iso3": "BRA",
    "country_native": "BRASIL"
  },
  {
    "id": 15665,
    "name": "ÁGUAS BELAS",
    "state": "PERNAMBUCO",
    "state_iso2": "PE",
    "country": "BRAZIL",
    "country_iso2": "BR",
    "country_iso3": "BRA",
    "country_native": "BRASIL"
  }
]