[
  {
    "id": 80563,
    "name": "ASENTAMIENTO HUMANO NICOLAS DE PIEROLA",
    "state": "LIMA",
    "state_iso2": "LIM",
    "country": "PERU",
    "country_iso2": "PE",
    "country_iso3": "PER",
    "country_native": "PERÚ"
  },
  {
    "id": 80574,
    "name": "BARRANCA",
    "state": "LIMA",
    "state_iso2": "LIM",
    "country": "PERU",
    "country_iso2": "PE",
    "country_iso3": "PER",
    "country_native": "PERÚ"
  },
  {
    "id": 80585,
    "name": "CALETA DE CARQUÍN",
    "state": "LIMA",
    "state_iso2": "LIM",
    "country": "PERU",
    "country_iso2": "PE",
    "country_iso3": "PER",
    "country_native": "PERÚ"
  },
  {
    "id": 80603,
    "name": "CHANCAY",
    "state": "LIMA",
    "state_iso2": "LIM",
    "country": "PERU",
    "country_iso2": "PE",
    "country_iso3": "PER",
    "country_native": "PERÚ"
  },
  {
    "id": 80614,
    "name": "CHILCA",
    "state": "LIMA",
    "state_iso2": "LIM",
    "country": "PERU",
    "country_iso2": "PE",
    "country_iso3": "PER",
    "country_native": "PERÚ"
  },
  {
    "id": 80622,
    "name": "CHOSICA",
    "state": "LIMA",
    "state_iso2": "LIM",
    "country": "PERU",
    "country_iso2": "PE",
    "country_iso3": "PER",
    "country_native": "PERÚ"
  },
  {
    "id": 80647,
    "name": "HUACHO",
    "state": "LIMA",
    "state_iso2": "LIM",
    "country": "PERU",
    "country_iso2": "PE",
    "country_iso3": "PER",
    "country_native": "PERÚ"
  },
  {
    "id": 80648,
    "name": "HUALMAY",
    "state": "LIMA",
    "state_iso2": "LIM",
    "country": "PERU",
    "country_iso2": "PE",
    "country_iso3": "PER",
    "country_native": "PERÚ"
  },
  {
    "id": 80654,
    "name": "HUARAL",
    "state": "LIMA",
    "state_iso2": "LIM",
    "country": "PERU",
    "country_iso2": "PE",
    "country_iso3": "PER",
    "country_native": "PERÚ"
  },
  {
    "id": 80660,
    "name": "HUAURA",
    "state": "LIMA",
    "state_iso2": "LIM",
    "country": "PERU",
    "country_iso2": "PE",
    "country_iso3": "PER",
    "country_native": "PERÚ"
  },
  {
    "id": 80671,
    "name": "IMPERIAL",
    "state": "LIMA",
    "state_iso2": "LIM",
    "country": "PERU",
    "country_iso2": "PE",
    "country_iso3": "PER",
    "country_native": "PERÚ"
  },
  {
    "id": 80672,
    "name": "INDEPENDENCIA",
    "state": "LIMA",
    "state_iso2": "LIM",
    "country": "PERU",
    "country_iso2": "PE",
    "country_iso3": "PER",
    "country_native": "PERÚ"
  },
  {
    "id": 80701,
    "name": "LIMA",
    "state": "LIMA",
    "state_iso2": "LIM",
    "country": "PERU",
    "country_iso2": "PE",
    "country_iso3": "PER",
    "country_native": "PERÚ"
  },
  {
    "id": 80708,
    "name": "MALA",
    "state": "LIMA",
    "state_iso2": "LIM",
    "country": "PERU",
    "country_iso2": "PE",
    "country_iso3": "PER",
    "country_native": "PERÚ"
  },
  {
    "id": 80712,
    "name": "MATUCANA",
    "state": "LIMA",
    "state_iso2": "LIM",
    "country": "PERU",
    "country_iso2": "PE",
    "country_iso3": "PER",
    "country_native": "PERÚ"
  },
  {
    "id": 80730,
    "name": "NUEVO IMPERIAL",
    "state": "LIMA",
    "state_iso2": "LIM",
    "country": "PERU",
    "country_iso2": "PE",
    "country_iso3": "PER",
    "country_native": "PERÚ"
  },
  {
    "id": 80738,
    "name": "OYON",
    "state": "LIMA",
    "state_iso2": "LIM",
    "country": "PERU",
    "country_iso2": "PE",
    "country_iso3": "PER",
    "country_native": "PERÚ"
  },
  {
    "id": 80753,
    "name": "PARAMONGA",
    "state": "LIMA",
    "state_iso2": "LIM",
    "country": "PERU",
    "country_iso2": "PE",
    "country_iso3": "PER",
    "country_native": "PERÚ"
  },
  {
    "id": 80754,
    "name": "PATIVILCA",
    "state": "LIMA",
    "state_iso2": "LIM",
    "country": "PERU",
    "country_iso2": "PE",
    "country_iso3": "PER",
    "country_native": "PERÚ"
  },
  {
    "id": 80787,
    "name": "PROVINCIA DE CAJATAMBO",
    "state": "LIMA",
    "state_iso2": "LIM",
    "country": "PERU",
    "country_iso2": "PE",
    "country_iso3": "PER",
    "country_native": "PERÚ"
  },
  {
    "id": 80793,
    "name": "PROVINCIA DE CANTA",
    "state": "LIMA",
    "state_iso2": "LIM",
    "country": "PERU",
    "country_iso2": "PE",
    "country_iso3": "PER",
    "country_native": "PERÚ"
  },
  {
    "id": 80801,
    "name": "PROVINCIA DE CAÑETE",
    "state": "LIMA",
    "state_iso2": "LIM",
    "country": "PERU",
    "country_iso2": "PE",
    "country_iso3": "PER",
    "country_native": "PERÚ"
  },
  {
    "id": 80836,
    "name": "PROVINCIA DE HUARAL",
    "state": "LIMA",
    "state_iso2": "LIM",
    "country": "PERU",
    "country_iso2": "PE",
    "country_iso3": "PER",
    "country_native": "PERÚ"
  },
  {
    "id": 80840,
    "name": "PROVINCIA DE HUAROCHIRÍ",
    "state": "LIMA",
    "state_iso2": "LIM",
    "country": "PERU",
    "country_iso2": "PE",
    "country_iso3": "PER",
    "country_native": "PERÚ"
  },
  {
    "id": 80910,
    "name": "PROVINCIA DE YAUYOS",
    "state": "LIMA",
    "state_iso2": "LIM",
    "country": "PERU",
    "country_iso2": "PE",
    "country_iso3": "PER",
    "country_native": "PERÚ"
  },
  {
    "id": 80920,
    "name": "PUERTO SUPE",
    "state": "LIMA",
    "state_iso2": "LIM",
    "country": "PERU",
    "country_iso2": "PE",
    "country_iso3": "PER",
    "country_native": "PERÚ"
  },
  {
    "id": 80930,
    "name": "QUILMANÁ",
    "state": "LIMA",
    "state_iso2": "LIM",
    "country": "PERU",
    "country_iso2": "PE",
    "country_iso3": "PER",
    "country_native": "PERÚ"
  },
  {
    "id": 80933,
    "name": "RICARDO PALMA",
    "state": "LIMA",
    "state_iso2": "LIM",
    "country": "PERU",
    "country_iso2": "PE",
    "country_iso3": "PER",
    "country_native": "PERÚ"
  },
  {
    "id": 80942,
    "name": "SAN BARTOLO",
    "state": "LIMA",
    "state_iso2": "LIM",
    "country": "PERU",
    "country_iso2": "PE",
    "country_iso3": "PER",
    "country_native": "PERÚ"
  },
  {
    "id": 80950,
    "name": "SAN LUIS",
    "state": "LIMA",
    "state_iso2": "LIM",
    "country": "PERU",
    "country_iso2": "PE",
    "country_iso3": "PER",
    "country_native": "PERÚ"
  },
  {
    "id": 80958,
    "name": "SAN VICENTE DE CAÑETE",
    "state": "LIMA",
    "state_iso2": "LIM",
    "country": "PERU",
    "country_iso2": "PE",
    "country_iso3": "PER",
    "country_native": "PERÚ"
  },
  {
    "id": 80962,
    "name": "SANTA MARÍA",
    "state": "LIMA",
    "state_iso2": "LIM",
    "country": "PERU",
    "country_iso2": "PE",
    "country_iso3": "PER",
    "country_native": "PERÚ"
  },
  {
    "id": 80971,
    "name": "SAYÁN",
    "state": "LIMA",
    "state_iso2": "LIM",
    "country": "PERU",
    "country_iso2": "PE",
    "country_iso3": "PER",
    "country_native": "PERÚ"
  },
  {
    "id": 80980,
    "name": "SUPE",
    "state": "LIMA",
    "state_iso2": "LIM",
    "country": "PERU",
    "country_iso2": "PE",
    "country_iso3": "PER",
    "country_native": "PERÚ"
  },
  {
    "id": 81003,
    "name": "URB. SANTO DOMINGO",
    "state": "LIMA",
    "state_iso2": "LIM",
    "country": "PERU",
    "country_iso2": "PE",
    "country_iso3": "PER",
    "country_native": "PERÚ"
  },
  {
    "id": 81013,
    "name": "VÉGUETA",
    "state": "LIMA",
    "state_iso2": "LIM",
    "country": "PERU",
    "country_iso2": "PE",
    "country_iso3": "PER",
    "country_native": "PERÚ"
  }
]