[
  {
    "id": 10074,
    "name": "ACAUÃ",
    "state": "PIAUÍ",
    "state_iso2": "PI",
    "country": "BRAZIL",
    "country_iso2": "BR",
    "country_iso3": "BRA",
    "country_native": "BRASIL"
  },
  {
    "id": 10092,
    "name": "AGRICOLÂNDIA",
    "state": "PIAUÍ",
    "state_iso2": "PI",
    "country": "BRAZIL",
    "country_iso2": "BR",
    "country_iso3": "BRA",
    "country_native": "BRASIL"
  },
  {
    "id": 10112,
    "name": "ALAGOINHA DO PIAUÍ",
    "state": "PIAUÍ",
    "state_iso2": "PI",
    "country": "BRAZIL",
    "country_iso2": "BR",
    "country_iso3": "BRA",
    "country_native": "BRASIL"
  },
  {
    "id": 10125,
    "name": "ALEGRETE DO PIAUÍ",
    "state": "PIAUÍ",
    "state_iso2": "PI",
    "country": "BRAZIL",
    "country_iso2": "BR",
    "country_iso3": "BRA",
    "country_native": "BRASIL"
  },
  {
    "id": 10173,
    "name": "ALTO LONGÁ",
    "state": "PIAUÍ",
    "state_iso2": "PI",
    "country": "BRAZIL",
    "country_iso2": "BR",
    "country_iso3": "BRA",
    "country_native": "BRASIL"
  },
  {
    "id": 10186,
    "name": "ALTOS",
    "state": "PIAUÍ",
    "state_iso2": "PI",
    "country": "BRAZIL",
    "country_iso2": "BR",
    "country_iso3": "BRA",
    "country_native": "BRASIL"
  },
  {
    "id": 10198,
    "name": "ALVORADA DO GURGUÉIA",
    "state": "PIAUÍ",
    "state_iso2": "PI",
    "country": "BRAZIL",
    "country_iso2": "BR",
    "country_iso3": "BRA",
    "country_native": "BRASIL"
  },
  {
    "id": 10209,
    "name": "AMARANTE",
    "state": "PIAUÍ",
    "state_iso2": "PI",
    "country": "BRAZIL",
    "country_iso2": "BR",
    "country_iso3": "BRA",
    "country_native": "BRASIL"
  },
  {
    "id": 10254,
    "name": "ANGICAL DO PIAUÍ",
    "state": "PIAUÍ",
    "state_iso2": "PI",
    "country": "BRAZIL",
    "country_iso2": "BR",
    "country_iso3": "BRA",
    "country_native": "BRASIL"
  },
  {
    "id": 10271,
    "name": "ANTÔNIO ALMEIDA",
    "state": "PIAUÍ",
    "state_iso2": "PI",
    "country": "BRAZIL",
    "country_iso2": "BR",
    "country_iso3": "BRA",
    "country_native": "BRASIL"
  },
  {
    "id": 10283,
    "name": "ANÍSIO DE ABREU",
    "state": "PIAUÍ",
    "state_iso2": "PI",
    "country": "BRAZIL",
    "country_iso2": "BR",
    "country_iso3": "BRA",
    "country_native": "BRASIL"
  },
  {
    "id": 10404,
    "name": "AROAZES",
    "state": "PIAUÍ",
    "state_iso2": "PI",
    "country": "BRAZIL",
    "country_iso2": "BR",
    "country_iso3": "BRA",
    "country_native": "BRASIL"
  },
  {
    "id": 10406,
    "name": "AROEIRAS DO ITAIM",
    "state": "PIAUÍ",
    "state_iso2": "PI",
    "country": "BRAZIL",
    "country_iso2": "BR",
    "country_iso3": "BRA",
    "country_native": "BRASIL"
  },
  {
    "id": 10407,
    "name": "ARRAIAL",
    "state": "PIAUÍ",
    "state_iso2": "PI",
    "country": "BRAZIL",
    "country_iso2": "BR",
    "country_iso3": "BRA",
    "country_native": "BRASIL"
  },
  {
    "id": 10431,
    "name": "ASSUNÇÃO DO PIAUÍ",
    "state": "PIAUÍ",
    "state_iso2": "PI",
    "country": "BRAZIL",
    "country_iso2": "BR",
    "country_iso3": "BRA",
    "country_native": "BRASIL"
  },
  {
    "id": 10459,
    "name": "AVELINO LOPES",
    "state": "PIAUÍ",
    "state_iso2": "PI",
    "country": "BRAZIL",
    "country_iso2": "BR",
    "country_iso3": "BRA",
    "country_native": "BRASIL"
  },
  {
    "id": 10477,
    "name": "BAIXA GRANDE DO RIBEIRO",
    "state": "PIAUÍ",
    "state_iso2": "PI",
    "country": "BRAZIL",
    "country_iso2": "BR",
    "country_iso3": "BRA",
    "country_native": "BRASIL"
  },
  {
    "id": 10522,
    "name": "BARRA D'ALCÂNTARA",
    "state": "PIAUÍ",
    "state_iso2": "PI",
    "country": "BRAZIL",
    "country_iso2": "BR",
    "country_iso3": "BRA",
    "country_native": "BRASIL"
  },
  {
    "id": 10549,
    "name": "BARRAS",
    "state": "PIAUÍ",
    "state_iso2": "PI",
    "country": "BRAZIL",
    "country_iso2": "BR",
    "country_iso3": "BRA",
    "country_native": "BRASIL"
  },
  {
    "id": 10552,
    "name": "BARREIRAS DO PIAUÍ",
    "state": "PIAUÍ",
    "state_iso2": "PI",
    "country": "BRAZIL",
    "country_iso2": "BR",
    "country_iso3": "BRA",
    "country_native": "BRASIL"
  },
  {
    "id": 10562,
    "name": "BARRO DURO",
    "state": "PIAUÍ",
    "state_iso2": "PI",
    "country": "BRAZIL",
    "country_iso2": "BR",
    "country_iso3": "BRA",
    "country_native": "BRASIL"
  },
  {
    "id": 10582,
    "name": "BATALHA",
    "state": "PIAUÍ",
    "state_iso2": "PI",
    "country": "BRAZIL",
    "country_iso2": "BR",
    "country_iso3": "BRA",
    "country_native": "BRASIL"
  },
  {
    "id": 10600,
    "name": "BELA VISTA DO PIAUÍ",
    "state": "PIAUÍ",
    "state_iso2": "PI",
    "country": "BRAZIL",
    "country_iso2": "BR",
    "country_iso3": "BRA",
    "country_native": "BRASIL"
  },
  {
    "id": 10620,
    "name": "BELÉM DO PIAUÍ",
    "state": "PIAUÍ",
    "state_iso2": "PI",
    "country": "BRAZIL",
    "country_iso2": "BR",
    "country_iso3": "BRA",
    "country_native": "BRASIL"
  },
  {
    "id": 10622,
    "name": "BENEDITINOS",
    "state": "PIAUÍ",
    "state_iso2": "PI",
    "country": "BRAZIL",
    "country_iso2": "BR",
    "country_iso3": "BRA",
    "country_native": "BRASIL"
  },
  {
    "id": 10639,
    "name": "BERTOLÍNIA",
    "state": "PIAUÍ",
    "state_iso2": "PI",
    "country": "BRAZIL",
    "country_iso2": "BR",
    "country_iso3": "BRA",
    "country_native": "BRASIL"
  },
  {
    "id": 10644,
    "name": "BETÂNIA DO PIAUÍ",
    "state": "PIAUÍ",
    "state_iso2": "PI",
    "country": "BRAZIL",
    "country_iso2": "BR",
    "country_iso3": "BRA",
    "country_native": "BRASIL"
  },
  {
    "id": 10662,
    "name": "BOA HORA",
    "state": "PIAUÍ",
    "state_iso2": "PI",
    "country": "BRAZIL",
    "country_iso2": "BR",
    "country_iso3": "BRA",
    "country_native": "BRASIL"
  },
  {
    "id": 10679,
    "name": "BOCAINA",
    "state": "PIAUÍ",
    "state_iso2": "PI",
    "country": "BRAZIL",
    "country_iso2": "BR",
    "country_iso3": "BRA",
    "country_native": "BRASIL"
  },
  {
    "id": 10698,
    "name": "BOM JESUS",
    "state": "PIAUÍ",
    "state_iso2": "PI",
    "country": "BRAZIL",
    "country_iso2": "BR",
    "country_iso3": "BRA",
    "country_native": "BRASIL"
  },
  {
    "id": 10720,
    "name": "BOM PRINCÍPIO DO PIAUÍ",
    "state": "PIAUÍ",
    "state_iso2": "PI",
    "country": "BRAZIL",
    "country_iso2": "BR",
    "country_iso3": "BRA",
    "country_native": "BRASIL"
  },
  {
    "id": 10732,
    "name": "BONFIM DO PIAUÍ",
    "state": "PIAUÍ",
    "state_iso2": "PI",
    "country": "BRAZIL",
    "country_iso2": "BR",
    "country_iso3": "BRA",
    "country_native": "BRASIL"
  },
  {
    "id": 10745,
    "name": "BOQUEIRÃO DO PIAUÍ",
    "state": "PIAUÍ",
    "state_iso2": "PI",
    "country": "BRAZIL",
    "country_iso2": "BR",
    "country_iso3": "BRA",
    "country_native": "BRASIL"
  },
  {
    "id": 10769,
    "name": "BRASILEIRA",
    "state": "PIAUÍ",
    "state_iso2": "PI",
    "country": "BRAZIL",
    "country_iso2": "BR",
    "country_iso3": "BRA",
    "country_native": "BRASIL"
  },
  {
    "id": 10796,
    "name": "BREJO DO PIAUÍ",
    "state": "PIAUÍ",
    "state_iso2": "PI",
    "country": "BRAZIL",
    "country_iso2": "BR",
    "country_iso3": "BRA",
    "country_native": "BRASIL"
  },
  {
    "id": 10828,
    "name": "BURITI DOS LOPES",
    "state": "PIAUÍ",
    "state_iso2": "PI",
    "country": "BRAZIL",
    "country_iso2": "BR",
    "country_iso3": "BRA",
    "country_native": "BRASIL"
  },
  {
    "id": 10829,
    "name": "BURITI DOS MONTES",
    "state": "PIAUÍ",
    "state_iso2": "PI",
    "country": "BRAZIL",
    "country_iso2": "BR",
    "country_iso3": "BRA",
    "country_native": "BRASIL"
  },
  {
    "id": 10849,
    "name": "CABECEIRAS DO PIAUÍ",
    "state": "PIAUÍ",
    "state_iso2": "PI",
    "country": "BRAZIL",
    "country_iso2": "BR",
    "country_iso3": "BRA",
    "country_native": "BRASIL"
  },
  {
    "id": 10916,
    "name": "CAJAZEIRAS DO PIAUÍ",
    "state": "PIAUÍ",
    "state_iso2": "PI",
    "country": "BRAZIL",
    "country_iso2": "BR",
    "country_iso3": "BRA",
    "country_native": "BRASIL"
  },
  {
    "id": 10920,
    "name": "CAJUEIRO DA PRAIA",
    "state": "PIAUÍ",
    "state_iso2": "PI",
    "country": "BRAZIL",
    "country_iso2": "BR",
    "country_iso3": "BRA",
    "country_native": "BRASIL"
  },
  {
    "id": 10928,
    "name": "CALDEIRÃO GRANDE DO PIAUÍ",
    "state": "PIAUÍ",
    "state_iso2": "PI",
    "country": "BRAZIL",
    "country_iso2": "BR",
    "country_iso3": "BRA",
    "country_native": "BRASIL"
  },
  {
    "id": 10971,
    "name": "CAMPINAS DO PIAUÍ",
    "state": "PIAUÍ",
    "state_iso2": "PI",
    "country": "BRAZIL",
    "country_iso2": "BR",
    "country_iso3": "BRA",
    "country_native": "BRASIL"
  },
  {
    "id": 10980,
    "name": "CAMPO ALEGRE DO FIDALGO",
    "state": "PIAUÍ",
    "state_iso2": "PI",
    "country": "BRAZIL",
    "country_iso2": "BR",
    "country_iso3": "BRA",
    "country_native": "BRASIL"
  },
  {
    "id": 10991,
    "name": "CAMPO GRANDE DO PIAUÍ",
    "state": "PIAUÍ",
    "state_iso2": "PI",
    "country": "BRAZIL",
    "country_iso2": "BR",
    "country_iso3": "BRA",
    "country_native": "BRASIL"
  },
  {
    "id": 10993,
    "name": "CAMPO LARGO DO PIAUÍ",
    "state": "PIAUÍ",
    "state_iso2": "PI",
    "country": "BRAZIL",
    "country_iso2": "BR",
    "country_iso3": "BRA",
    "country_native": "BRASIL"
  },
  {
    "id": 10997,
    "name": "CAMPO MAIOR",
    "state": "PIAUÍ",
    "state_iso2": "PI",
    "country": "BRAZIL",
    "country_iso2": "BR",
    "country_iso3": "BRA",
    "country_native": "BRASIL"
  },
  {
    "id": 11028,
    "name": "CANAVIEIRA",
    "state": "PIAUÍ",
    "state_iso2": "PI",
    "country": "BRAZIL",
    "country_iso2": "BR",
    "country_iso3": "BRA",
    "country_native": "BRASIL"
  },
  {
    "id": 11056,
    "name": "CANTO DO BURITI",
    "state": "PIAUÍ",
    "state_iso2": "PI",
    "country": "BRAZIL",
    "country_iso2": "BR",
    "country_iso3": "BRA",
    "country_native": "BRASIL"
  },
  {
    "id": 11086,
    "name": "CAPITÃO DE CAMPOS",
    "state": "PIAUÍ",
    "state_iso2": "PI",
    "country": "BRAZIL",
    "country_iso2": "BR",
    "country_iso3": "BRA",
    "country_native": "BRASIL"
  },
  {
    "id": 11083,
    "name": "CAPITÃO GERVÁSIO OLIVEIRA",
    "state": "PIAUÍ",
    "state_iso2": "PI",
    "country": "BRAZIL",
    "country_iso2": "BR",
    "country_iso3": "BRA",
    "country_native": "BRASIL"
  },
  {
    "id": 11101,
    "name": "CARACOL",
    "state": "PIAUÍ",
    "state_iso2": "PI",
    "country": "BRAZIL",
    "country_iso2": "BR",
    "country_iso3": "BRA",
    "country_native": "BRASIL"
  },
  {
    "id": 11119,
    "name": "CARAÚBAS DO PIAUÍ",
    "state": "PIAUÍ",
    "state_iso2": "PI",
    "country": "BRAZIL",
    "country_iso2": "BR",
    "country_iso3": "BRA",
    "country_native": "BRASIL"
  },
  {
    "id": 11130,
    "name": "CARIDADE DO PIAUÍ",
    "state": "PIAUÍ",
    "state_iso2": "PI",
    "country": "BRAZIL",
    "country_iso2": "BR",
    "country_iso3": "BRA",
    "country_native": "BRASIL"
  },
  {
    "id": 11188,
    "name": "CASTELO DO PIAUÍ",
    "state": "PIAUÍ",
    "state_iso2": "PI",
    "country": "BRAZIL",
    "country_iso2": "BR",
    "country_iso3": "BRA",
    "country_native": "BRASIL"
  },
  {
    "id": 11220,
    "name": "CAXINGÓ",
    "state": "PIAUÍ",
    "state_iso2": "PI",
    "country": "BRAZIL",
    "country_iso2": "BR",
    "country_iso3": "BRA",
    "country_native": "BRASIL"
  },
  {
    "id": 11306,
    "name": "COCAL",
    "state": "PIAUÍ",
    "state_iso2": "PI",
    "country": "BRAZIL",
    "country_iso2": "BR",
    "country_iso3": "BRA",
    "country_native": "BRASIL"
  },
  {
    "id": 11307,
    "name": "COCAL DE TELHA",
    "state": "PIAUÍ",
    "state_iso2": "PI",
    "country": "BRAZIL",
    "country_iso2": "BR",
    "country_iso3": "BRA",
    "country_native": "BRASIL"
  },
  {
    "id": 11309,
    "name": "COCAL DOS ALVES",
    "state": "PIAUÍ",
    "state_iso2": "PI",
    "country": "BRAZIL",
    "country_iso2": "BR",
    "country_iso3": "BRA",
    "country_native": "BRASIL"
  },
  {
    "id": 11318,
    "name": "COIVARAS",
    "state": "PIAUÍ",
    "state_iso2": "PI",
    "country": "BRAZIL",
    "country_iso2": "BR",
    "country_iso3": "BRA",
    "country_native": "BRASIL"
  },
  {
    "id": 11337,
    "name": "COLÔNIA DO GURGUÉIA",
    "state": "PIAUÍ",
    "state_iso2": "PI",
    "country": "BRAZIL",
    "country_iso2": "BR",
    "country_iso3": "BRA",
    "country_native": "BRASIL"
  },
  {
    "id": 11338,
    "name": "COLÔNIA DO PIAUÍ",
    "state": "PIAUÍ",
    "state_iso2": "PI",
    "country": "BRAZIL",
    "country_iso2": "BR",
    "country_iso3": "BRA",
    "country_native": "BRASIL"
  },
  {
    "id": 11355,
    "name": "CONCEIÇÃO DO CANINDÉ",
    "state": "PIAUÍ",
    "state_iso2": "PI",
    "country": "BRAZIL",
    "country_iso2": "BR",
    "country_iso3": "BRA",
    "country_native": "BRASIL"
  },
  {
    "id": 11421,
    "name": "CORONEL JOSÉ DIAS",
    "state": "PIAUÍ",
    "state_iso2": "PI",
    "country": "BRAZIL",
    "country_iso2": "BR",
    "country_iso3": "BRA",
    "country_native": "BRASIL"
  },
  {
    "id": 11434,
    "name": "CORRENTE",
    "state": "PIAUÍ",
    "state_iso2": "PI",
    "country": "BRAZIL",
    "country_iso2": "BR",
    "country_iso3": "BRA",
    "country_native": "BRASIL"
  },
  {
    "id": 11473,
    "name": "CRISTALÂNDIA DO PIAUÍ",
    "state": "PIAUÍ",
    "state_iso2": "PI",
    "country": "BRAZIL",
    "country_iso2": "BR",
    "country_iso3": "BRA",
    "country_native": "BRASIL"
  },
  {
    "id": 11477,
    "name": "CRISTINO CASTRO",
    "state": "PIAUÍ",
    "state_iso2": "PI",
    "country": "BRAZIL",
    "country_iso2": "BR",
    "country_iso3": "BRA",
    "country_native": "BRASIL"
  },
  {
    "id": 11522,
    "name": "CURIMATÁ",
    "state": "PIAUÍ",
    "state_iso2": "PI",
    "country": "BRAZIL",
    "country_iso2": "BR",
    "country_iso3": "BRA",
    "country_native": "BRASIL"
  },
  {
    "id": 11527,
    "name": "CURRAIS",
    "state": "PIAUÍ",
    "state_iso2": "PI",
    "country": "BRAZIL",
    "country_iso2": "BR",
    "country_iso3": "BRA",
    "country_native": "BRASIL"
  },
  {
    "id": 11529,
    "name": "CURRAL NOVO DO PIAUÍ",
    "state": "PIAUÍ",
    "state_iso2": "PI",
    "country": "BRAZIL",
    "country_iso2": "BR",
    "country_iso3": "BRA",
    "country_native": "BRASIL"
  },
  {
    "id": 11534,
    "name": "CURRALINHOS",
    "state": "PIAUÍ",
    "state_iso2": "PI",
    "country": "BRAZIL",
    "country_iso2": "BR",
    "country_iso3": "BRA",
    "country_native": "BRASIL"
  },
  {
    "id": 11571,
    "name": "DEMERVAL LOBÃO",
    "state": "PIAUÍ",
    "state_iso2": "PI",
    "country": "BRAZIL",
    "country_iso2": "BR",
    "country_iso3": "BRA",
    "country_native": "BRASIL"
  },
  {
    "id": 11598,
    "name": "DIRCEU ARCOVERDE",
    "state": "PIAUÍ",
    "state_iso2": "PI",
    "country": "BRAZIL",
    "country_iso2": "BR",
    "country_iso3": "BRA",
    "country_native": "BRASIL"
  },
  {
    "id": 11627,
    "name": "DOM EXPEDITO LOPES",
    "state": "PIAUÍ",
    "state_iso2": "PI",
    "country": "BRAZIL",
    "country_iso2": "BR",
    "country_iso3": "BRA",
    "country_native": "BRASIL"
  },
  {
    "id": 11629,
    "name": "DOM INOCÊNCIO",
    "state": "PIAUÍ",
    "state_iso2": "PI",
    "country": "BRAZIL",
    "country_iso2": "BR",
    "country_iso3": "BRA",
    "country_native": "BRASIL"
  },
  {
    "id": 11638,
    "name": "DOMINGOS MOURÃO",
    "state": "PIAUÍ",
    "state_iso2": "PI",
    "country": "BRAZIL",
    "country_iso2": "BR",
    "country_iso3": "BRA",
    "country_native": "BRASIL"
  },
  {
    "id": 11681,
    "name": "ELESBÃO VELOSO",
    "state": "PIAUÍ",
    "state_iso2": "PI",
    "country": "BRAZIL",
    "country_iso2": "BR",
    "country_iso3": "BRA",
    "country_native": "BRASIL"
  },
  {
    "id": 11683,
    "name": "ELISEU MARTINS",
    "state": "PIAUÍ",
    "state_iso2": "PI",
    "country": "BRAZIL",
    "country_iso2": "BR",
    "country_iso3": "BRA",
    "country_native": "BRASIL"
  },
  {
    "id": 11729,
    "name": "ESPERANTINA",
    "state": "PIAUÍ",
    "state_iso2": "PI",
    "country": "BRAZIL",
    "country_iso2": "BR",
    "country_iso3": "BRA",
    "country_native": "BRASIL"
  },
  {
    "id": 11780,
    "name": "FARTURA DO PIAUÍ",
    "state": "PIAUÍ",
    "state_iso2": "PI",
    "country": "BRAZIL",
    "country_iso2": "BR",
    "country_iso3": "BRA",
    "country_native": "BRASIL"
  },
  {
    "id": 11833,
    "name": "FLORES DO PIAUÍ",
    "state": "PIAUÍ",
    "state_iso2": "PI",
    "country": "BRAZIL",
    "country_iso2": "BR",
    "country_iso3": "BRA",
    "country_native": "BRASIL"
  },
  {
    "id": 11838,
    "name": "FLORESTA DO PIAUÍ",
    "state": "PIAUÍ",
    "state_iso2": "PI",
    "country": "BRAZIL",
    "country_iso2": "BR",
    "country_iso3": "BRA",
    "country_native": "BRASIL"
  },
  {
    "id": 11841,
    "name": "FLORIANO",
    "state": "PIAUÍ",
    "state_iso2": "PI",
    "country": "BRAZIL",
    "country_iso2": "BR",
    "country_iso3": "BRA",
    "country_native": "BRASIL"
  },
  {
    "id": 11875,
    "name": "FRANCINÓPOLIS",
    "state": "PIAUÍ",
    "state_iso2": "PI",
    "country": "BRAZIL",
    "country_iso2": "BR",
    "country_iso3": "BRA",
    "country_native": "BRASIL"
  },
  {
    "id": 11877,
    "name": "FRANCISCO AYRES",
    "state": "PIAUÍ",
    "state_iso2": "PI",
    "country": "BRAZIL",
    "country_iso2": "BR",
    "country_iso3": "BRA",
    "country_native": "BRASIL"
  },
  {
    "id": 11882,
    "name": "FRANCISCO MACEDO",
    "state": "PIAUÍ",
    "state_iso2": "PI",
    "country": "BRAZIL",
    "country_iso2": "BR",
    "country_iso3": "BRA",
    "country_native": "BRASIL"
  },
  {
    "id": 11884,
    "name": "FRANCISCO SANTOS",
    "state": "PIAUÍ",
    "state_iso2": "PI",
    "country": "BRAZIL",
    "country_iso2": "BR",
    "country_iso3": "BRA",
    "country_native": "BRASIL"
  },
  {
    "id": 11900,
    "name": "FRONTEIRAS",
    "state": "PIAUÍ",
    "state_iso2": "PI",
    "country": "BRAZIL",
    "country_iso2": "BR",
    "country_iso3": "BRA",
    "country_native": "BRASIL"
  },
  {
    "id": 11933,
    "name": "GEMINIANO",
    "state": "PIAUÍ",
    "state_iso2": "PI",
    "country": "BRAZIL",
    "country_iso2": "BR",
    "country_iso3": "BRA",
    "country_native": "BRASIL"
  },
  {
    "id": 11944,
    "name": "GILBUÉS",
    "state": "PIAUÍ",
    "state_iso2": "PI",
    "country": "BRAZIL",
    "country_iso2": "BR",
    "country_iso3": "BRA",
    "country_native": "BRASIL"
  },
  {
    "id": 12013,
    "name": "GUADALUPE",
    "state": "PIAUÍ",
    "state_iso2": "PI",
    "country": "BRAZIL",
    "country_iso2": "BR",
    "country_iso3": "BRA",
    "country_native": "BRASIL"
  },
  {
    "id": 12066,
    "name": "GUARIBAS",
    "state": "PIAUÍ",
    "state_iso2": "PI",
    "country": "BRAZIL",
    "country_iso2": "BR",
    "country_iso3": "BRA",
    "country_native": "BRASIL"
  },
  {
    "id": 12108,
    "name": "HUGO NAPOLEÃO",
    "state": "PIAUÍ",
    "state_iso2": "PI",
    "country": "BRAZIL",
    "country_iso2": "BR",
    "country_iso3": "BRA",
    "country_native": "BRASIL"
  },
  {
    "id": 12208,
    "name": "ILHA GRANDE",
    "state": "PIAUÍ",
    "state_iso2": "PI",
    "country": "BRAZIL",
    "country_iso2": "BR",
    "country_iso3": "BRA",
    "country_native": "BRASIL"
  },
  {
    "id": 12252,
    "name": "INHUMA",
    "state": "PIAUÍ",
    "state_iso2": "PI",
    "country": "BRAZIL",
    "country_iso2": "BR",
    "country_iso3": "BRA",
    "country_native": "BRASIL"
  },
  {
    "id": 12278,
    "name": "IPIRANGA DO PIAUÍ",
    "state": "PIAUÍ",
    "state_iso2": "PI",
    "country": "BRAZIL",
    "country_iso2": "BR",
    "country_iso3": "BRA",
    "country_native": "BRASIL"
  },
  {
    "id": 12292,
    "name": "IPUEIRAS",
    "state": "PIAUÍ",
    "state_iso2": "PI",
    "country": "BRAZIL",
    "country_iso2": "BR",
    "country_iso3": "BRA",
    "country_native": "BRASIL"
  },
  {
    "id": 12322,
    "name": "ISAÍAS COELHO",
    "state": "PIAUÍ",
    "state_iso2": "PI",
    "country": "BRAZIL",
    "country_iso2": "BR",
    "country_iso3": "BRA",
    "country_native": "BRASIL"
  },
  {
    "id": 12358,
    "name": "ITAINÓPOLIS",
    "state": "PIAUÍ",
    "state_iso2": "PI",
    "country": "BRAZIL",
    "country_iso2": "BR",
    "country_iso3": "BRA",
    "country_native": "BRASIL"
  },
  {
    "id": 12463,
    "name": "ITAUEIRA",
    "state": "PIAUÍ",
    "state_iso2": "PI",
    "country": "BRAZIL",
    "country_iso2": "BR",
    "country_iso3": "BRA",
    "country_native": "BRASIL"
  },
  {
    "id": 12528,
    "name": "JACOBINA DO PIAUÍ",
    "state": "PIAUÍ",
    "state_iso2": "PI",
    "country": "BRAZIL",
    "country_iso2": "BR",
    "country_iso3": "BRA",
    "country_native": "BRASIL"
  },
  {
    "id": 12551,
    "name": "JAICÓS",
    "state": "PIAUÍ",
    "state_iso2": "PI",
    "country": "BRAZIL",
    "country_iso2": "BR",
    "country_iso3": "BRA",
    "country_native": "BRASIL"
  },
  {
    "id": 12590,
    "name": "JARDIM DO MULATO",
    "state": "PIAUÍ",
    "state_iso2": "PI",
    "country": "BRAZIL",
    "country_iso2": "BR",
    "country_iso3": "BRA",
    "country_native": "BRASIL"
  },
  {
    "id": 12604,
    "name": "JATOBÁ DO PIAUÍ",
    "state": "PIAUÍ",
    "state_iso2": "PI",
    "country": "BRAZIL",
    "country_iso2": "BR",
    "country_iso3": "BRA",
    "country_native": "BRASIL"
  },
  {
    "id": 12623,
    "name": "JERUMENHA",
    "state": "PIAUÍ",
    "state_iso2": "PI",
    "country": "BRAZIL",
    "country_iso2": "BR",
    "country_iso3": "BRA",
    "country_native": "BRASIL"
  },
  {
    "id": 12639,
    "name": "JOAQUIM PIRES",
    "state": "PIAUÍ",
    "state_iso2": "PI",
    "country": "BRAZIL",
    "country_iso2": "BR",
    "country_iso3": "BRA",
    "country_native": "BRASIL"
  },
  {
    "id": 12644,
    "name": "JOCA MARQUES",
    "state": "PIAUÍ",
    "state_iso2": "PI",
    "country": "BRAZIL",
    "country_iso2": "BR",
    "country_iso3": "BRA",
    "country_native": "BRASIL"
  },
  {
    "id": 12655,
    "name": "JOSÉ DE FREITAS",
    "state": "PIAUÍ",
    "state_iso2": "PI",
    "country": "BRAZIL",
    "country_iso2": "BR",
    "country_iso3": "BRA",
    "country_native": "BRASIL"
  },
  {
    "id": 12658,
    "name": "JOÃO COSTA",
    "state": "PIAUÍ",
    "state_iso2": "PI",
    "country": "BRAZIL",
    "country_iso2": "BR",
    "country_iso3": "BRA",
    "country_native": "BRASIL"
  },
  {
    "id": 12675,
    "name": "JUAZEIRO DO PIAUÍ",
    "state": "PIAUÍ",
    "state_iso2": "PI",
    "country": "BRAZIL",
    "country_iso2": "BR",
    "country_iso3": "BRA",
    "country_native": "BRASIL"
  },
  {
    "id": 12696,
    "name": "JUREMA",
    "state": "PIAUÍ",
    "state_iso2": "PI",
    "country": "BRAZIL",
    "country_iso2": "BR",
    "country_iso3": "BRA",
    "country_native": "BRASIL"
  },
  {
    "id": 12717,
    "name": "JÚLIO BORGES",
    "state": "PIAUÍ",
    "state_iso2": "PI",
    "country": "BRAZIL",
    "country_iso2": "BR",
    "country_iso3": "BRA",
    "country_native": "BRASIL"
  },
  {
    "id": 12734,
    "name": "LAGOA ALEGRE",
    "state": "PIAUÍ",
    "state_iso2": "PI",
    "country": "BRAZIL",
    "country_iso2": "BR",
    "country_iso3": "BRA",
    "country_native": "BRASIL"
  },
  {
    "id": 12755,
    "name": "LAGOA DE SÃO FRANCISCO",
    "state": "PIAUÍ",
    "state_iso2": "PI",
    "country": "BRAZIL",
    "country_iso2": "BR",
    "country_iso3": "BRA",
    "country_native": "BRASIL"
  },
  {
    "id": 12757,
    "name": "LAGOA DO BARRO DO PIAUÍ",
    "state": "PIAUÍ",
    "state_iso2": "PI",
    "country": "BRAZIL",
    "country_iso2": "BR",
    "country_iso3": "BRA",
    "country_native": "BRASIL"
  },
  {
    "id": 12762,
    "name": "LAGOA DO PIAUÍ",
    "state": "PIAUÍ",
    "state_iso2": "PI",
    "country": "BRAZIL",
    "country_iso2": "BR",
    "country_iso3": "BRA",
    "country_native": "BRASIL"
  },
  {
    "id": 12763,
    "name": "LAGOA DO SÍTIO",
    "state": "PIAUÍ",
    "state_iso2": "PI",
    "country": "BRAZIL",
    "country_iso2": "BR",
    "country_iso3": "BRA",
    "country_native": "BRASIL"
  },
  {
    "id": 12769,
    "name": "LAGOINHA DO PIAUÍ",
    "state": "PIAUÍ",
    "state_iso2": "PI",
    "country": "BRAZIL",
    "country_iso2": "BR",
    "country_iso3": "BRA",
    "country_native": "BRASIL"
  },
  {
    "id": 12791,
    "name": "LANDRI SALES",
    "state": "PIAUÍ",
    "state_iso2": "PI",
    "country": "BRAZIL",
    "country_iso2": "BR",
    "country_iso3": "BRA",
    "country_native": "BRASIL"
  },
  {
    "id": 12875,
    "name": "LUZILÂNDIA",
    "state": "PIAUÍ",
    "state_iso2": "PI",
    "country": "BRAZIL",
    "country_iso2": "BR",
    "country_iso3": "BRA",
    "country_native": "BRASIL"
  },
  {
    "id": 12879,
    "name": "LUÍS CORREIA",
    "state": "PIAUÍ",
    "state_iso2": "PI",
    "country": "BRAZIL",
    "country_iso2": "BR",
    "country_iso3": "BRA",
    "country_native": "BRASIL"
  },
  {
    "id": 12906,
    "name": "MADEIRO",
    "state": "PIAUÍ",
    "state_iso2": "PI",
    "country": "BRAZIL",
    "country_iso2": "BR",
    "country_iso3": "BRA",
    "country_native": "BRASIL"
  },
  {
    "id": 12952,
    "name": "MANOEL EMÍDIO",
    "state": "PIAUÍ",
    "state_iso2": "PI",
    "country": "BRAZIL",
    "country_iso2": "BR",
    "country_iso3": "BRA",
    "country_native": "BRASIL"
  },
  {
    "id": 12996,
    "name": "MARCOLÂNDIA",
    "state": "PIAUÍ",
    "state_iso2": "PI",
    "country": "BRAZIL",
    "country_iso2": "BR",
    "country_iso3": "BRA",
    "country_native": "BRASIL"
  },
  {
    "id": 12997,
    "name": "MARCOS PARENTE",
    "state": "PIAUÍ",
    "state_iso2": "PI",
    "country": "BRAZIL",
    "country_iso2": "BR",
    "country_iso3": "BRA",
    "country_native": "BRASIL"
  },
  {
    "id": 13042,
    "name": "MASSAPÊ DO PIAUÍ",
    "state": "PIAUÍ",
    "state_iso2": "PI",
    "country": "BRAZIL",
    "country_iso2": "BR",
    "country_iso3": "BRA",
    "country_native": "BRASIL"
  },
  {
    "id": 13058,
    "name": "MATIAS OLÍMPIO",
    "state": "PIAUÍ",
    "state_iso2": "PI",
    "country": "BRAZIL",
    "country_iso2": "BR",
    "country_iso3": "BRA",
    "country_native": "BRASIL"
  },
  {
    "id": 13109,
    "name": "MIGUEL ALVES",
    "state": "PIAUÍ",
    "state_iso2": "PI",
    "country": "BRAZIL",
    "country_iso2": "BR",
    "country_iso3": "BRA",
    "country_native": "BRASIL"
  },
  {
    "id": 13111,
    "name": "MIGUEL LEÃO",
    "state": "PIAUÍ",
    "state_iso2": "PI",
    "country": "BRAZIL",
    "country_iso2": "BR",
    "country_iso3": "BRA",
    "country_native": "BRASIL"
  },
  {
    "id": 13118,
    "name": "MILTON BRANDÃO",
    "state": "PIAUÍ",
    "state_iso2": "PI",
    "country": "BRAZIL",
    "country_iso2": "BR",
    "country_iso3": "BRA",
    "country_native": "BRASIL"
  },
  {
    "id": 13177,
    "name": "MONSENHOR GIL",
    "state": "PIAUÍ",
    "state_iso2": "PI",
    "country": "BRAZIL",
    "country_iso2": "BR",
    "country_iso3": "BRA",
    "country_native": "BRASIL"
  },
  {
    "id": 13178,
    "name": "MONSENHOR HIPÓLITO",
    "state": "PIAUÍ",
    "state_iso2": "PI",
    "country": "BRAZIL",
    "country_iso2": "BR",
    "country_iso3": "BRA",
    "country_native": "BRASIL"
  },
  {
    "id": 13191,
    "name": "MONTE ALEGRE DO PIAUÍ",
    "state": "PIAUÍ",
    "state_iso2": "PI",
    "country": "BRAZIL",
    "country_iso2": "BR",
    "country_iso3": "BRA",
    "country_native": "BRASIL"
  },
  {
    "id": 13241,
    "name": "MORRO CABEÇA NO TEMPO",
    "state": "PIAUÍ",
    "state_iso2": "PI",
    "country": "BRAZIL",
    "country_iso2": "BR",
    "country_iso3": "BRA",
    "country_native": "BRASIL"
  },
  {
    "id": 13249,
    "name": "MORRO DO CHAPÉU DO PIAUÍ",
    "state": "PIAUÍ",
    "state_iso2": "PI",
    "country": "BRAZIL",
    "country_iso2": "BR",
    "country_iso3": "BRA",
    "country_native": "BRASIL"
  },
  {
    "id": 13281,
    "name": "MURICI DOS PORTELAS",
    "state": "PIAUÍ",
    "state_iso2": "PI",
    "country": "BRAZIL",
    "country_iso2": "BR",
    "country_iso3": "BRA",
    "country_native": "BRASIL"
  },
  {
    "id": 13314,
    "name": "NAZARÉ DO PIAUÍ",
    "state": "PIAUÍ",
    "state_iso2": "PI",
    "country": "BRAZIL",
    "country_iso2": "BR",
    "country_iso3": "BRA",
    "country_native": "BRASIL"
  },
  {
    "id": 13315,
    "name": "NAZÁRIA",
    "state": "PIAUÍ",
    "state_iso2": "PI",
    "country": "BRAZIL",
    "country_iso2": "BR",
    "country_iso3": "BRA",
    "country_native": "BRASIL"
  },
  {
    "id": 13341,
    "name": "NOSSA SENHORA DE NAZARÉ",
    "state": "PIAUÍ",
    "state_iso2": "PI",
    "country": "BRAZIL",
    "country_iso2": "BR",
    "country_iso3": "BRA",
    "country_native": "BRASIL"
  },
  {
    "id": 13344,
    "name": "NOSSA SENHORA DOS REMÉDIOS",
    "state": "PIAUÍ",
    "state_iso2": "PI",
    "country": "BRAZIL",
    "country_iso2": "BR",
    "country_iso3": "BRA",
    "country_native": "BRASIL"
  },
  {
    "id": 13433,
    "name": "NOVA SANTA RITA",
    "state": "PIAUÍ",
    "state_iso2": "PI",
    "country": "BRAZIL",
    "country_iso2": "BR",
    "country_iso3": "BRA",
    "country_native": "BRASIL"
  },
  {
    "id": 13473,
    "name": "NOVO ORIENTE DO PIAUÍ",
    "state": "PIAUÍ",
    "state_iso2": "PI",
    "country": "BRAZIL",
    "country_iso2": "BR",
    "country_iso3": "BRA",
    "country_native": "BRASIL"
  },
  {
    "id": 13477,
    "name": "NOVO SANTO ANTÔNIO",
    "state": "PIAUÍ",
    "state_iso2": "PI",
    "country": "BRAZIL",
    "country_iso2": "BR",
    "country_iso3": "BRA",
    "country_native": "BRASIL"
  },
  {
    "id": 13490,
    "name": "OEIRAS",
    "state": "PIAUÍ",
    "state_iso2": "PI",
    "country": "BRAZIL",
    "country_iso2": "BR",
    "country_iso3": "BRA",
    "country_native": "BRASIL"
  },
  {
    "id": 13499,
    "name": "OLHO D'ÁGUA DO PIAUÍ",
    "state": "PIAUÍ",
    "state_iso2": "PI",
    "country": "BRAZIL",
    "country_iso2": "BR",
    "country_iso3": "BRA",
    "country_native": "BRASIL"
  },
  {
    "id": 13563,
    "name": "PADRE MARCOS",
    "state": "PIAUÍ",
    "state_iso2": "PI",
    "country": "BRAZIL",
    "country_iso2": "BR",
    "country_iso3": "BRA",
    "country_native": "BRASIL"
  },
  {
    "id": 13565,
    "name": "PAES LANDIM",
    "state": "PIAUÍ",
    "state_iso2": "PI",
    "country": "BRAZIL",
    "country_iso2": "BR",
    "country_iso3": "BRA",
    "country_native": "BRASIL"
  },
  {
    "id": 13574,
    "name": "PAJEÚ DO PIAUÍ",
    "state": "PIAUÍ",
    "state_iso2": "PI",
    "country": "BRAZIL",
    "country_iso2": "BR",
    "country_iso3": "BRA",
    "country_native": "BRASIL"
  },
  {
    "id": 13593,
    "name": "PALMEIRA DO PIAUÍ",
    "state": "PIAUÍ",
    "state_iso2": "PI",
    "country": "BRAZIL",
    "country_iso2": "BR",
    "country_iso3": "BRA",
    "country_native": "BRASIL"
  },
  {
    "id": 13595,
    "name": "PALMEIRAIS",
    "state": "PIAUÍ",
    "state_iso2": "PI",
    "country": "BRAZIL",
    "country_iso2": "BR",
    "country_iso3": "BRA",
    "country_native": "BRASIL"
  },
  {
    "id": 13622,
    "name": "PAQUETÁ",
    "state": "PIAUÍ",
    "state_iso2": "PI",
    "country": "BRAZIL",
    "country_iso2": "BR",
    "country_iso3": "BRA",
    "country_native": "BRASIL"
  },
  {
    "id": 13678,
    "name": "PARNAGUÁ",
    "state": "PIAUÍ",
    "state_iso2": "PI",
    "country": "BRAZIL",
    "country_iso2": "BR",
    "country_iso3": "BRA",
    "country_native": "BRASIL"
  },
  {
    "id": 13682,
    "name": "PARNAÍBA",
    "state": "PIAUÍ",
    "state_iso2": "PI",
    "country": "BRAZIL",
    "country_iso2": "BR",
    "country_iso3": "BRA",
    "country_native": "BRASIL"
  },
  {
    "id": 13694,
    "name": "PASSAGEM FRANCA DO PIAUÍ",
    "state": "PIAUÍ",
    "state_iso2": "PI",
    "country": "BRAZIL",
    "country_iso2": "BR",
    "country_iso3": "BRA",
    "country_native": "BRASIL"
  },
  {
    "id": 13708,
    "name": "PATOS DO PIAUÍ",
    "state": "PIAUÍ",
    "state_iso2": "PI",
    "country": "BRAZIL",
    "country_iso2": "BR",
    "country_iso3": "BRA",
    "country_native": "BRASIL"
  },
  {
    "id": 13715,
    "name": "PAU D'ARCO DO PIAUÍ",
    "state": "PIAUÍ",
    "state_iso2": "PI",
    "country": "BRAZIL",
    "country_iso2": "BR",
    "country_iso3": "BRA",
    "country_native": "BRASIL"
  },
  {
    "id": 13728,
    "name": "PAULISTANA",
    "state": "PIAUÍ",
    "state_iso2": "PI",
    "country": "BRAZIL",
    "country_iso2": "BR",
    "country_iso3": "BRA",
    "country_native": "BRASIL"
  },
  {
    "id": 13740,
    "name": "PAVUSSU",
    "state": "PIAUÍ",
    "state_iso2": "PI",
    "country": "BRAZIL",
    "country_iso2": "BR",
    "country_iso3": "BRA",
    "country_native": "BRASIL"
  },
  {
    "id": 13777,
    "name": "PEDRO II",
    "state": "PIAUÍ",
    "state_iso2": "PI",
    "country": "BRAZIL",
    "country_iso2": "BR",
    "country_iso3": "BRA",
    "country_native": "BRASIL"
  },
  {
    "id": 13778,
    "name": "PEDRO LAURENTINO",
    "state": "PIAUÍ",
    "state_iso2": "PI",
    "country": "BRAZIL",
    "country_iso2": "BR",
    "country_iso3": "BRA",
    "country_native": "BRASIL"
  },
  {
    "id": 13829,
    "name": "PICOS",
    "state": "PIAUÍ",
    "state_iso2": "PI",
    "country": "BRAZIL",
    "country_iso2": "BR",
    "country_iso3": "BRA",
    "country_native": "BRASIL"
  },
  {
    "id": 13846,
    "name": "PIMENTEIRAS",
    "state": "PIAUÍ",
    "state_iso2": "PI",
    "country": "BRAZIL",
    "country_iso2": "BR",
    "country_iso3": "BRA",
    "country_native": "BRASIL"
  },
  {
    "id": 13878,
    "name": "PIO IX",
    "state": "PIAUÍ",
    "state_iso2": "PI",
    "country": "BRAZIL",
    "country_iso2": "BR",
    "country_iso3": "BRA",
    "country_native": "BRASIL"
  },
  {
    "id": 13887,
    "name": "PIRACURUCA",
    "state": "PIAUÍ",
    "state_iso2": "PI",
    "country": "BRAZIL",
    "country_iso2": "BR",
    "country_iso3": "BRA",
    "country_native": "BRASIL"
  },
  {
    "id": 13917,
    "name": "PIRIPIRI",
    "state": "PIAUÍ",
    "state_iso2": "PI",
    "country": "BRAZIL",
    "country_iso2": "BR",
    "country_iso3": "BRA",
    "country_native": "BRASIL"
  },
  {
    "id": 13992,
    "name": "PORTO",
    "state": "PIAUÍ",
    "state_iso2": "PI",
    "country": "BRAZIL",
    "country_iso2": "BR",
    "country_iso3": "BRA",
    "country_native": "BRASIL"
  },
  {
    "id": 13996,
    "name": "PORTO ALEGRE DO PIAUÍ",
    "state": "PIAUÍ",
    "state_iso2": "PI",
    "country": "BRAZIL",
    "country_iso2": "BR",
    "country_iso3": "BRA",
    "country_native": "BRASIL"
  },
  {
    "id": 14070,
    "name": "PRATA DO PIAUÍ",
    "state": "PIAUÍ",
    "state_iso2": "PI",
    "country": "BRAZIL",
    "country_iso2": "BR",
    "country_iso3": "BRA",
    "country_native": "BRASIL"
  },
  {
    "id": 14138,
    "name": "QUEIMADA NOVA",
    "state": "PIAUÍ",
    "state_iso2": "PI",
    "country": "BRAZIL",
    "country_iso2": "BR",
    "country_iso3": "BRA",
    "country_native": "BRASIL"
  },
  {
    "id": 14186,
    "name": "REDENÇÃO DO GURGUÉIA",
    "state": "PIAUÍ",
    "state_iso2": "PI",
    "country": "BRAZIL",
    "country_iso2": "BR",
    "country_iso3": "BRA",
    "country_native": "BRASIL"
  },
  {
    "id": 14188,
    "name": "REGENERAÇÃO",
    "state": "PIAUÍ",
    "state_iso2": "PI",
    "country": "BRAZIL",
    "country_iso2": "BR",
    "country_iso3": "BRA",
    "country_native": "BRASIL"
  },
  {
    "id": 14210,
    "name": "RIACHO FRIO",
    "state": "PIAUÍ",
    "state_iso2": "PI",
    "country": "BRAZIL",
    "country_iso2": "BR",
    "country_iso3": "BRA",
    "country_native": "BRASIL"
  },
  {
    "id": 14233,
    "name": "RIBEIRA DO PIAUÍ",
    "state": "PIAUÍ",
    "state_iso2": "PI",
    "country": "BRAZIL",
    "country_iso2": "BR",
    "country_iso3": "BRA",
    "country_native": "BRASIL"
  },
  {
    "id": 14235,
    "name": "RIBEIRO GONÇALVES",
    "state": "PIAUÍ",
    "state_iso2": "PI",
    "country": "BRAZIL",
    "country_iso2": "BR",
    "country_iso3": "BRA",
    "country_native": "BRASIL"
  },
  {
    "id": 14278,
    "name": "RIO GRANDE DO PIAUÍ",
    "state": "PIAUÍ",
    "state_iso2": "PI",
    "country": "BRAZIL",
    "country_iso2": "BR",
    "country_iso3": "BRA",
    "country_native": "BRASIL"
  },
  {
    "id": 14454,
    "name": "SANTA CRUZ DO PIAUÍ",
    "state": "PIAUÍ",
    "state_iso2": "PI",
    "country": "BRAZIL",
    "country_iso2": "BR",
    "country_iso3": "BRA",
    "country_native": "BRASIL"
  },
  {
    "id": 14458,
    "name": "SANTA CRUZ DOS MILAGRES",
    "state": "PIAUÍ",
    "state_iso2": "PI",
    "country": "BRAZIL",
    "country_iso2": "BR",
    "country_iso3": "BRA",
    "country_native": "BRASIL"
  },
  {
    "id": 14461,
    "name": "SANTA FILOMENA",
    "state": "PIAUÍ",
    "state_iso2": "PI",
    "country": "BRAZIL",
    "country_iso2": "BR",
    "country_iso3": "BRA",
    "country_native": "BRASIL"
  },
  {
    "id": 14488,
    "name": "SANTA LUZ",
    "state": "PIAUÍ",
    "state_iso2": "PI",
    "country": "BRAZIL",
    "country_iso2": "BR",
    "country_iso3": "BRA",
    "country_native": "BRASIL"
  },
  {
    "id": 14546,
    "name": "SANTA ROSA DO PIAUÍ",
    "state": "PIAUÍ",
    "state_iso2": "PI",
    "country": "BRAZIL",
    "country_iso2": "BR",
    "country_iso3": "BRA",
    "country_native": "BRASIL"
  },
  {
    "id": 14591,
    "name": "SANTANA DO PIAUÍ",
    "state": "PIAUÍ",
    "state_iso2": "PI",
    "country": "BRAZIL",
    "country_iso2": "BR",
    "country_iso3": "BRA",
    "country_native": "BRASIL"
  },
  {
    "id": 14618,
    "name": "SANTO ANTÔNIO DE LISBOA",
    "state": "PIAUÍ",
    "state_iso2": "PI",
    "country": "BRAZIL",
    "country_iso2": "BR",
    "country_iso3": "BRA",
    "country_native": "BRASIL"
  },
  {
    "id": 14643,
    "name": "SANTO ANTÔNIO DOS MILAGRES",
    "state": "PIAUÍ",
    "state_iso2": "PI",
    "country": "BRAZIL",
    "country_iso2": "BR",
    "country_iso3": "BRA",
    "country_native": "BRASIL"
  },
  {
    "id": 14651,
    "name": "SANTO INÁCIO DO PIAUÍ",
    "state": "PIAUÍ",
    "state_iso2": "PI",
    "country": "BRAZIL",
    "country_iso2": "BR",
    "country_iso3": "BRA",
    "country_native": "BRASIL"
  },
  {
    "id": 14683,
    "name": "SEBASTIÃO BARROS",
    "state": "PIAUÍ",
    "state_iso2": "PI",
    "country": "BRAZIL",
    "country_iso2": "BR",
    "country_iso3": "BRA",
    "country_native": "BRASIL"
  },
  {
    "id": 14685,
    "name": "SEBASTIÃO LEAL",
    "state": "PIAUÍ",
    "state_iso2": "PI",
    "country": "BRAZIL",
    "country_iso2": "BR",
    "country_iso3": "BRA",
    "country_native": "BRASIL"
  },
  {
    "id": 14774,
    "name": "SIGEFREDO PACHECO",
    "state": "PIAUÍ",
    "state_iso2": "PI",
    "country": "BRAZIL",
    "country_iso2": "BR",
    "country_iso3": "BRA",
    "country_native": "BRASIL"
  },
  {
    "id": 14785,
    "name": "SIMPLÍCIO MENDES",
    "state": "PIAUÍ",
    "state_iso2": "PI",
    "country": "BRAZIL",
    "country_iso2": "BR",
    "country_iso3": "BRA",
    "country_native": "BRASIL"
  },
  {
    "id": 14788,
    "name": "SIMÕES",
    "state": "PIAUÍ",
    "state_iso2": "PI",
    "country": "BRAZIL",
    "country_iso2": "BR",
    "country_iso3": "BRA",
    "country_native": "BRASIL"
  },
  {
    "id": 14801,
    "name": "SOCORRO DO PIAUÍ",
    "state": "PIAUÍ",
    "state_iso2": "PI",
    "country": "BRAZIL",
    "country_iso2": "BR",
    "country_iso3": "BRA",
    "country_native": "BRASIL"
  },
  {
    "id": 14827,
    "name": "SUSSUAPARA",
    "state": "PIAUÍ",
    "state_iso2": "PI",
    "country": "BRAZIL",
    "country_iso2": "BR",
    "country_iso3": "BRA",
    "country_native": "BRASIL"
  },
  {
    "id": 14849,
    "name": "SÃO BRAZ DO PIAUÍ",
    "state": "PIAUÍ",
    "state_iso2": "PI",
    "country": "BRAZIL",
    "country_iso2": "BR",
    "country_iso3": "BRA",
    "country_native": "BRASIL"
  },
  {
    "id": 14884,
    "name": "SÃO FRANCISCO DE ASSIS DO PIAUÍ",
    "state": "PIAUÍ",
    "state_iso2": "PI",
    "country": "BRAZIL",
    "country_iso2": "BR",
    "country_iso3": "BRA",
    "country_native": "BRASIL"
  },
  {
    "id": 14897,
    "name": "SÃO FRANCISCO DO PIAUÍ",
    "state": "PIAUÍ",
    "state_iso2": "PI",
    "country": "BRAZIL",
    "country_iso2": "BR",
    "country_iso3": "BRA",
    "country_native": "BRASIL"
  },
  {
    "id": 14904,
    "name": "SÃO FÉLIX DO PIAUÍ",
    "state": "PIAUÍ",
    "state_iso2": "PI",
    "country": "BRAZIL",
    "country_iso2": "BR",
    "country_iso3": "BRA",
    "country_native": "BRASIL"
  },
  {
    "id": 14920,
    "name": "SÃO GONÇALO DO GURGUÉIA",
    "state": "PIAUÍ",
    "state_iso2": "PI",
    "country": "BRAZIL",
    "country_iso2": "BR",
    "country_iso3": "BRA",
    "country_native": "BRASIL"
  },
  {
    "id": 14922,
    "name": "SÃO GONÇALO DO PIAUÍ",
    "state": "PIAUÍ",
    "state_iso2": "PI",
    "country": "BRAZIL",
    "country_iso2": "BR",
    "country_iso3": "BRA",
    "country_native": "BRASIL"
  },
  {
    "id": 14968,
    "name": "SÃO JOSÉ DO DIVINO",
    "state": "PIAUÍ",
    "state_iso2": "PI",
    "country": "BRAZIL",
    "country_iso2": "BR",
    "country_iso3": "BRA",
    "country_native": "BRASIL"
  },
  {
    "id": 14980,
    "name": "SÃO JOSÉ DO PEIXE",
    "state": "PIAUÍ",
    "state_iso2": "PI",
    "country": "BRAZIL",
    "country_iso2": "BR",
    "country_iso3": "BRA",
    "country_native": "BRASIL"
  },
  {
    "id": 14981,
    "name": "SÃO JOSÉ DO PIAUÍ",
    "state": "PIAUÍ",
    "state_iso2": "PI",
    "country": "BRAZIL",
    "country_iso2": "BR",
    "country_iso3": "BRA",
    "country_native": "BRASIL"
  },
  {
    "id": 15008,
    "name": "SÃO JOÃO DA CANABRAVA",
    "state": "PIAUÍ",
    "state_iso2": "PI",
    "country": "BRAZIL",
    "country_iso2": "BR",
    "country_iso3": "BRA",
    "country_native": "BRASIL"
  },
  {
    "id": 15009,
    "name": "SÃO JOÃO DA FRONTEIRA",
    "state": "PIAUÍ",
    "state_iso2": "PI",
    "country": "BRAZIL",
    "country_iso2": "BR",
    "country_iso3": "BRA",
    "country_native": "BRASIL"
  },
  {
    "id": 15015,
    "name": "SÃO JOÃO DA SERRA",
    "state": "PIAUÍ",
    "state_iso2": "PI",
    "country": "BRAZIL",
    "country_iso2": "BR",
    "country_iso3": "BRA",
    "country_native": "BRASIL"
  },
  {
    "id": 15017,
    "name": "SÃO JOÃO DA VARJOTA",
    "state": "PIAUÍ",
    "state_iso2": "PI",
    "country": "BRAZIL",
    "country_iso2": "BR",
    "country_iso3": "BRA",
    "country_native": "BRASIL"
  },
  {
    "id": 15025,
    "name": "SÃO JOÃO DO ARRAIAL",
    "state": "PIAUÍ",
    "state_iso2": "PI",
    "country": "BRAZIL",
    "country_iso2": "BR",
    "country_iso3": "BRA",
    "country_native": "BRASIL"
  },
  {
    "id": 15040,
    "name": "SÃO JOÃO DO PIAUÍ",
    "state": "PIAUÍ",
    "state_iso2": "PI",
    "country": "BRAZIL",
    "country_iso2": "BR",
    "country_iso3": "BRA",
    "country_native": "BRASIL"
  },
  {
    "id": 15050,
    "name": "SÃO JULIÃO",
    "state": "PIAUÍ",
    "state_iso2": "PI",
    "country": "BRAZIL",
    "country_iso2": "BR",
    "country_iso3": "BRA",
    "country_native": "BRASIL"
  },
  {
    "id": 15056,
    "name": "SÃO LOURENÇO DO PIAUÍ",
    "state": "PIAUÍ",
    "state_iso2": "PI",
    "country": "BRAZIL",
    "country_iso2": "BR",
    "country_iso3": "BRA",
    "country_native": "BRASIL"
  },
  {
    "id": 15059,
    "name": "SÃO LUIS DO PIAUÍ",
    "state": "PIAUÍ",
    "state_iso2": "PI",
    "country": "BRAZIL",
    "country_iso2": "BR",
    "country_iso3": "BRA",
    "country_native": "BRASIL"
  },
  {
    "id": 15080,
    "name": "SÃO MIGUEL DA BAIXA GRANDE",
    "state": "PIAUÍ",
    "state_iso2": "PI",
    "country": "BRAZIL",
    "country_iso2": "BR",
    "country_iso3": "BRA",
    "country_native": "BRASIL"
  },
  {
    "id": 15088,
    "name": "SÃO MIGUEL DO FIDALGO",
    "state": "PIAUÍ",
    "state_iso2": "PI",
    "country": "BRAZIL",
    "country_iso2": "BR",
    "country_iso3": "BRA",
    "country_native": "BRASIL"
  },
  {
    "id": 15095,
    "name": "SÃO MIGUEL DO TAPUIO",
    "state": "PIAUÍ",
    "state_iso2": "PI",
    "country": "BRAZIL",
    "country_iso2": "BR",
    "country_iso3": "BRA",
    "country_native": "BRASIL"
  },
  {
    "id": 15119,
    "name": "SÃO PEDRO DO PIAUÍ",
    "state": "PIAUÍ",
    "state_iso2": "PI",
    "country": "BRAZIL",
    "country_iso2": "BR",
    "country_iso3": "BRA",
    "country_native": "BRASIL"
  },
  {
    "id": 15126,
    "name": "SÃO RAIMUNDO NONATO",
    "state": "PIAUÍ",
    "state_iso2": "PI",
    "country": "BRAZIL",
    "country_iso2": "BR",
    "country_iso3": "BRA",
    "country_native": "BRASIL"
  },
  {
    "id": 15213,
    "name": "TAMBORIL DO PIAUÍ",
    "state": "PIAUÍ",
    "state_iso2": "PI",
    "country": "BRAZIL",
    "country_iso2": "BR",
    "country_iso3": "BRA",
    "country_native": "BRASIL"
  },
  {
    "id": 15222,
    "name": "TANQUE DO PIAUÍ",
    "state": "PIAUÍ",
    "state_iso2": "PI",
    "country": "BRAZIL",
    "country_iso2": "BR",
    "country_iso3": "BRA",
    "country_native": "BRASIL"
  },
  {
    "id": 15284,
    "name": "TERESINA",
    "state": "PIAUÍ",
    "state_iso2": "PI",
    "country": "BRAZIL",
    "country_iso2": "BR",
    "country_iso3": "BRA",
    "country_native": "BRASIL"
  },
  {
    "id": 15456,
    "name": "UNIÃO",
    "state": "PIAUÍ",
    "state_iso2": "PI",
    "country": "BRAZIL",
    "country_iso2": "BR",
    "country_iso3": "BRA",
    "country_native": "BRASIL"
  },
  {
    "id": 15487,
    "name": "URUÇUÍ",
    "state": "PIAUÍ",
    "state_iso2": "PI",
    "country": "BRAZIL",
    "country_iso2": "BR",
    "country_iso3": "BRA",
    "country_native": "BRASIL"
  },
  {
    "id": 15501,
    "name": "VALENÇA DO PIAUÍ",
    "state": "PIAUÍ",
    "state_iso2": "PI",
    "country": "BRAZIL",
    "country_iso2": "BR",
    "country_iso3": "BRA",
    "country_native": "BRASIL"
  },
  {
    "id": 15537,
    "name": "VERA MENDES",
    "state": "PIAUÍ",
    "state_iso2": "PI",
    "country": "BRAZIL",
    "country_iso2": "BR",
    "country_iso3": "BRA",
    "country_native": "BRASIL"
  },
  {
    "id": 15571,
    "name": "VILA NOVA DO PIAUÍ",
    "state": "PIAUÍ",
    "state_iso2": "PI",
    "country": "BRAZIL",
    "country_iso2": "BR",
    "country_iso3": "BRA",
    "country_native": "BRASIL"
  },
  {
    "id": 15616,
    "name": "VÁRZEA BRANCA",
    "state": "PIAUÍ",
    "state_iso2": "PI",
    "country": "BRAZIL",
    "country_iso2": "BR",
    "country_iso3": "BRA",
    "country_native": "BRASIL"
  },
  {
    "id": 15617,
    "name": "VÁRZEA GRANDE",
    "state": "PIAUÍ",
    "state_iso2": "PI",
    "country": "BRAZIL",
    "country_iso2": "BR",
    "country_iso3": "BRA",
    "country_native": "BRASIL"
  },
  {
    "id": 15625,
    "name": "WALL FERRAZ",
    "state": "PIAUÍ",
    "state_iso2": "PI",
    "country": "BRAZIL",
    "country_iso2": "BR",
    "country_iso3": "BRA",
    "country_native": "BRASIL"
  },
  {
    "id": 15651,
    "name": "ÁGUA BRANCA",
    "state": "PIAUÍ",
    "state_iso2": "PI",
    "country": "BRAZIL",
    "country_iso2": "BR",
    "country_iso3": "BRA",
    "country_native": "BRASIL"
  }
]