[
  {
    "id": 20490,
    "name": "ACHÍ",
    "state": "BOLÍVAR",
    "state_iso2": "BOL",
    "country": "COLOMBIA",
    "country_iso2": "CO",
    "country_iso3": "COL",
    "country_native": "COLOMBIA"
  },
  {
    "id": 20510,
    "name": "ALTOS DEL ROSARIO",
    "state": "BOLÍVAR",
    "state_iso2": "BOL",
    "country": "COLOMBIA",
    "country_iso2": "CO",
    "country_iso3": "COL",
    "country_native": "COLOMBIA"
  },
  {
    "id": 20543,
    "name": "ARENAL",
    "state": "BOLÍVAR",
    "state_iso2": "BOL",
    "country": "COLOMBIA",
    "country_iso2": "CO",
    "country_iso3": "COL",
    "country_native": "COLOMBIA"
  },
  {
    "id": 20549,
    "name": "ARJONA",
    "state": "BOLÍVAR",
    "state_iso2": "BOL",
    "country": "COLOMBIA",
    "country_iso2": "CO",
    "country_iso3": "COL",
    "country_native": "COLOMBIA"
  },
  {
    "id": 20554,
    "name": "ARROYOHONDO",
    "state": "BOLÍVAR",
    "state_iso2": "BOL",
    "country": "COLOMBIA",
    "country_iso2": "CO",
    "country_iso3": "COL",
    "country_native": "COLOMBIA"
  },
  {
    "id": 20573,
    "name": "BARRANCO DE LOBA",
    "state": "BOLÍVAR",
    "state_iso2": "BOL",
    "country": "COLOMBIA",
    "country_iso2": "CO",
    "country_iso3": "COL",
    "country_native": "COLOMBIA"
  },
  {
    "id": 20628,
    "name": "CALAMAR",
    "state": "BOLÍVAR",
    "state_iso2": "BOL",
    "country": "COLOMBIA",
    "country_iso2": "CO",
    "country_iso3": "COL",
    "country_native": "COLOMBIA"
  },
  {
    "id": 20645,
    "name": "CANTAGALLO",
    "state": "BOLÍVAR",
    "state_iso2": "BOL",
    "country": "COLOMBIA",
    "country_iso2": "CO",
    "country_iso3": "COL",
    "country_native": "COLOMBIA"
  },
  {
    "id": 20659,
    "name": "CARTAGENA DE INDIAS",
    "state": "BOLÍVAR",
    "state_iso2": "BOL",
    "country": "COLOMBIA",
    "country_iso2": "CO",
    "country_iso3": "COL",
    "country_native": "COLOMBIA"
  },
  {
    "id": 20707,
    "name": "CICUCO",
    "state": "BOLÍVAR",
    "state_iso2": "BOL",
    "country": "COLOMBIA",
    "country_iso2": "CO",
    "country_iso3": "COL",
    "country_native": "COLOMBIA"
  },
  {
    "id": 130067,
    "name": "CIUDAD BOLÍVAR",
    "state": "BOLÍVAR",
    "state_iso2": "F",
    "country": "VENEZUELA",
    "country_iso2": "VE",
    "country_iso3": "VEN",
    "country_native": "VENEZUELA"
  },
  {
    "id": 130068,
    "name": "CIUDAD GUAYANA",
    "state": "BOLÍVAR",
    "state_iso2": "F",
    "country": "VENEZUELA",
    "country_iso2": "VE",
    "country_iso3": "VEN",
    "country_native": "VENEZUELA"
  },
  {
    "id": 20715,
    "name": "CLEMENCIA",
    "state": "BOLÍVAR",
    "state_iso2": "BOL",
    "country": "COLOMBIA",
    "country_iso2": "CO",
    "country_iso3": "COL",
    "country_native": "COLOMBIA"
  },
  {
    "id": 20770,
    "name": "CÓRDOBA",
    "state": "BOLÍVAR",
    "state_iso2": "BOL",
    "country": "COLOMBIA",
    "country_iso2": "CO",
    "country_iso3": "COL",
    "country_native": "COLOMBIA"
  },
  {
    "id": 20796,
    "name": "EL CARMEN DE BOLÍVAR",
    "state": "BOLÍVAR",
    "state_iso2": "BOL",
    "country": "COLOMBIA",
    "country_iso2": "CO",
    "country_iso3": "COL",
    "country_native": "COLOMBIA"
  },
  {
    "id": 20810,
    "name": "EL GUAMO",
    "state": "BOLÍVAR",
    "state_iso2": "BOL",
    "country": "COLOMBIA",
    "country_iso2": "CO",
    "country_iso3": "COL",
    "country_native": "COLOMBIA"
  },
  {
    "id": 20818,
    "name": "EL PEÑÓN",
    "state": "BOLÍVAR",
    "state_iso2": "BOL",
    "country": "COLOMBIA",
    "country_iso2": "CO",
    "country_iso3": "COL",
    "country_native": "COLOMBIA"
  },
  {
    "id": 31510,
    "name": "GUARANDA",
    "state": "BOLÍVAR",
    "state_iso2": "B",
    "country": "ECUADOR",
    "country_iso2": "EC",
    "country_iso3": "ECU",
    "country_native": "ECUADOR"
  },
  {
    "id": 20935,
    "name": "HATILLO DE LOBA",
    "state": "BOLÍVAR",
    "state_iso2": "BOL",
    "country": "COLOMBIA",
    "country_iso2": "CO",
    "country_iso3": "COL",
    "country_native": "COLOMBIA"
  },
  {
    "id": 21048,
    "name": "MAGANGUÉ",
    "state": "BOLÍVAR",
    "state_iso2": "BOL",
    "country": "COLOMBIA",
    "country_iso2": "CO",
    "country_iso3": "COL",
    "country_native": "COLOMBIA"
  },
  {
    "id": 21050,
    "name": "MAHATES",
    "state": "BOLÍVAR",
    "state_iso2": "BOL",
    "country": "COLOMBIA",
    "country_iso2": "CO",
    "country_iso3": "COL",
    "country_native": "COLOMBIA"
  },
  {
    "id": 21065,
    "name": "MARGARITA",
    "state": "BOLÍVAR",
    "state_iso2": "BOL",
    "country": "COLOMBIA",
    "country_iso2": "CO",
    "country_iso3": "COL",
    "country_native": "COLOMBIA"
  },
  {
    "id": 21072,
    "name": "MARÍA LA BAJA",
    "state": "BOLÍVAR",
    "state_iso2": "BOL",
    "country": "COLOMBIA",
    "country_iso2": "CO",
    "country_iso3": "COL",
    "country_native": "COLOMBIA"
  },
  {
    "id": 21093,
    "name": "MOMPÓS",
    "state": "BOLÍVAR",
    "state_iso2": "BOL",
    "country": "COLOMBIA",
    "country_iso2": "CO",
    "country_iso3": "COL",
    "country_native": "COLOMBIA"
  },
  {
    "id": 21098,
    "name": "MONTECRISTO",
    "state": "BOLÍVAR",
    "state_iso2": "BOL",
    "country": "COLOMBIA",
    "country_iso2": "CO",
    "country_iso3": "COL",
    "country_native": "COLOMBIA"
  },
  {
    "id": 21104,
    "name": "MORALES",
    "state": "BOLÍVAR",
    "state_iso2": "BOL",
    "country": "COLOMBIA",
    "country_iso2": "CO",
    "country_iso3": "COL",
    "country_native": "COLOMBIA"
  },
  {
    "id": 130119,
    "name": "MUNICIPIO PADRE PEDRO CHIEN",
    "state": "BOLÍVAR",
    "state_iso2": "F",
    "country": "VENEZUELA",
    "country_iso2": "VE",
    "country_iso3": "VEN",
    "country_native": "VENEZUELA"
  },
  {
    "id": 21138,
    "name": "NOROSÍ",
    "state": "BOLÍVAR",
    "state_iso2": "BOL",
    "country": "COLOMBIA",
    "country_iso2": "CO",
    "country_iso3": "COL",
    "country_native": "COLOMBIA"
  },
  {
    "id": 21207,
    "name": "PINILLOS",
    "state": "BOLÍVAR",
    "state_iso2": "BOL",
    "country": "COLOMBIA",
    "country_iso2": "CO",
    "country_iso3": "COL",
    "country_native": "COLOMBIA"
  },
  {
    "id": 21280,
    "name": "REGIDOR",
    "state": "BOLÍVAR",
    "state_iso2": "BOL",
    "country": "COLOMBIA",
    "country_iso2": "CO",
    "country_iso3": "COL",
    "country_native": "COLOMBIA"
  },
  {
    "id": 21306,
    "name": "RÍO VIEJO",
    "state": "BOLÍVAR",
    "state_iso2": "BOL",
    "country": "COLOMBIA",
    "country_iso2": "CO",
    "country_iso3": "COL",
    "country_native": "COLOMBIA"
  },
  {
    "id": 21350,
    "name": "SAN CRISTÓBAL",
    "state": "BOLÍVAR",
    "state_iso2": "BOL",
    "country": "COLOMBIA",
    "country_iso2": "CO",
    "country_iso3": "COL",
    "country_native": "COLOMBIA"
  },
  {
    "id": 21353,
    "name": "SAN ESTANISLAO",
    "state": "BOLÍVAR",
    "state_iso2": "BOL",
    "country": "COLOMBIA",
    "country_iso2": "CO",
    "country_iso3": "COL",
    "country_native": "COLOMBIA"
  },
  {
    "id": 21355,
    "name": "SAN FERNANDO",
    "state": "BOLÍVAR",
    "state_iso2": "BOL",
    "country": "COLOMBIA",
    "country_iso2": "CO",
    "country_iso3": "COL",
    "country_native": "COLOMBIA"
  },
  {
    "id": 21360,
    "name": "SAN JACINTO",
    "state": "BOLÍVAR",
    "state_iso2": "BOL",
    "country": "COLOMBIA",
    "country_iso2": "CO",
    "country_iso3": "COL",
    "country_native": "COLOMBIA"
  },
  {
    "id": 21361,
    "name": "SAN JACINTO DEL CAUCA",
    "state": "BOLÍVAR",
    "state_iso2": "BOL",
    "country": "COLOMBIA",
    "country_iso2": "CO",
    "country_iso3": "COL",
    "country_native": "COLOMBIA"
  },
  {
    "id": 21372,
    "name": "SAN JUAN NEPOMUCENO",
    "state": "BOLÍVAR",
    "state_iso2": "BOL",
    "country": "COLOMBIA",
    "country_iso2": "CO",
    "country_iso3": "COL",
    "country_native": "COLOMBIA"
  },
  {
    "id": 21386,
    "name": "SAN MARTÍN DE LOBA",
    "state": "BOLÍVAR",
    "state_iso2": "BOL",
    "country": "COLOMBIA",
    "country_iso2": "CO",
    "country_iso3": "COL",
    "country_native": "COLOMBIA"
  },
  {
    "id": 31569,
    "name": "SAN MIGUEL",
    "state": "BOLÍVAR",
    "state_iso2": "B",
    "country": "ECUADOR",
    "country_iso2": "EC",
    "country_iso3": "ECU",
    "country_native": "ECUADOR"
  },
  {
    "id": 21393,
    "name": "SAN PABLO",
    "state": "BOLÍVAR",
    "state_iso2": "BOL",
    "country": "COLOMBIA",
    "country_iso2": "CO",
    "country_iso3": "COL",
    "country_native": "COLOMBIA"
  },
  {
    "id": 21416,
    "name": "SANTA CATALINA",
    "state": "BOLÍVAR",
    "state_iso2": "BOL",
    "country": "COLOMBIA",
    "country_iso2": "CO",
    "country_iso3": "COL",
    "country_native": "COLOMBIA"
  },
  {
    "id": 130152,
    "name": "SANTA ELENA DE UAIRÉN",
    "state": "BOLÍVAR",
    "state_iso2": "F",
    "country": "VENEZUELA",
    "country_iso2": "VE",
    "country_iso3": "VEN",
    "country_native": "VENEZUELA"
  },
  {
    "id": 21423,
    "name": "SANTA ROSA",
    "state": "BOLÍVAR",
    "state_iso2": "BOL",
    "country": "COLOMBIA",
    "country_iso2": "CO",
    "country_iso3": "COL",
    "country_native": "COLOMBIA"
  },
  {
    "id": 21427,
    "name": "SANTA ROSA DEL SUR",
    "state": "BOLÍVAR",
    "state_iso2": "BOL",
    "country": "COLOMBIA",
    "country_iso2": "CO",
    "country_iso3": "COL",
    "country_native": "COLOMBIA"
  },
  {
    "id": 21460,
    "name": "SIMITÍ",
    "state": "BOLÍVAR",
    "state_iso2": "BOL",
    "country": "COLOMBIA",
    "country_iso2": "CO",
    "country_iso3": "COL",
    "country_native": "COLOMBIA"
  },
  {
    "id": 21477,
    "name": "SOPLAVIENTO",
    "state": "BOLÍVAR",
    "state_iso2": "BOL",
    "country": "COLOMBIA",
    "country_iso2": "CO",
    "country_iso3": "COL",
    "country_native": "COLOMBIA"
  },
  {
    "id": 21505,
    "name": "TALAIGUA NUEVO",
    "state": "BOLÍVAR",
    "state_iso2": "BOL",
    "country": "COLOMBIA",
    "country_iso2": "CO",
    "country_iso3": "COL",
    "country_native": "COLOMBIA"
  },
  {
    "id": 21531,
    "name": "TIQUISIO",
    "state": "BOLÍVAR",
    "state_iso2": "BOL",
    "country": "COLOMBIA",
    "country_iso2": "CO",
    "country_iso3": "COL",
    "country_native": "COLOMBIA"
  },
  {
    "id": 21555,
    "name": "TURBACO",
    "state": "BOLÍVAR",
    "state_iso2": "BOL",
    "country": "COLOMBIA",
    "country_iso2": "CO",
    "country_iso3": "COL",
    "country_native": "COLOMBIA"
  },
  {
    "id": 21556,
    "name": "TURBANÁ",
    "state": "BOLÍVAR",
    "state_iso2": "BOL",
    "country": "COLOMBIA",
    "country_iso2": "CO",
    "country_iso3": "COL",
    "country_native": "COLOMBIA"
  },
  {
    "id": 130164,
    "name": "UPATA",
    "state": "BOLÍVAR",
    "state_iso2": "F",
    "country": "VENEZUELA",
    "country_iso2": "VE",
    "country_iso3": "VEN",
    "country_native": "VENEZUELA"
  },
  {
    "id": 21609,
    "name": "VILLANUEVA",
    "state": "BOLÍVAR",
    "state_iso2": "BOL",
    "country": "COLOMBIA",
    "country_iso2": "CO",
    "country_iso3": "COL",
    "country_native": "COLOMBIA"
  },
  {
    "id": 21629,
    "name": "ZAMBRANO",
    "state": "BOLÍVAR",
    "state_iso2": "BOL",
    "country": "COLOMBIA",
    "country_iso2": "CO",
    "country_iso3": "COL",
    "country_native": "COLOMBIA"
  }
]