[
  {
    "id": 68106,
    "name": "AGUA BUENA",
    "state": "SAN LUIS POTOSÍ",
    "state_iso2": "SLP",
    "country": "MEXICO",
    "country_iso2": "MX",
    "country_iso3": "MEX",
    "country_native": "MÉXICO"
  },
  {
    "id": 68116,
    "name": "AGUA SEÑORA",
    "state": "SAN LUIS POTOSÍ",
    "state_iso2": "SLP",
    "country": "MEXICO",
    "country_iso2": "MX",
    "country_iso3": "MEX",
    "country_native": "MÉXICO"
  },
  {
    "id": 68142,
    "name": "AHUALULCO DEL SONIDO TRECE",
    "state": "SAN LUIS POTOSÍ",
    "state_iso2": "SLP",
    "country": "MEXICO",
    "country_iso2": "MX",
    "country_iso3": "MEX",
    "country_native": "MÉXICO"
  },
  {
    "id": 68157,
    "name": "AHUEHUEYO PRIMERO CENTRO",
    "state": "SAN LUIS POTOSÍ",
    "state_iso2": "SLP",
    "country": "MEXICO",
    "country_iso2": "MX",
    "country_iso3": "MEX",
    "country_native": "MÉXICO"
  },
  {
    "id": 68172,
    "name": "ALAQUINES",
    "state": "SAN LUIS POTOSÍ",
    "state_iso2": "SLP",
    "country": "MEXICO",
    "country_iso2": "MX",
    "country_iso3": "MEX",
    "country_native": "MÉXICO"
  },
  {
    "id": 68174,
    "name": "ALBERTO CARRERA TORRES",
    "state": "SAN LUIS POTOSÍ",
    "state_iso2": "SLP",
    "country": "MEXICO",
    "country_iso2": "MX",
    "country_iso3": "MEX",
    "country_native": "MÉXICO"
  },
  {
    "id": 68262,
    "name": "AMPLIACIÓN LA HINCADA",
    "state": "SAN LUIS POTOSÍ",
    "state_iso2": "SLP",
    "country": "MEXICO",
    "country_iso2": "MX",
    "country_iso3": "MEX",
    "country_native": "MÉXICO"
  },
  {
    "id": 68326,
    "name": "AQUISMÓN",
    "state": "SAN LUIS POTOSÍ",
    "state_iso2": "SLP",
    "country": "MEXICO",
    "country_iso2": "MX",
    "country_iso3": "MEX",
    "country_native": "MÉXICO"
  },
  {
    "id": 68372,
    "name": "ARROYOS",
    "state": "SAN LUIS POTOSÍ",
    "state_iso2": "SLP",
    "country": "MEXICO",
    "country_iso2": "MX",
    "country_iso3": "MEX",
    "country_native": "MÉXICO"
  },
  {
    "id": 68444,
    "name": "AURELIO MANRIQUE",
    "state": "SAN LUIS POTOSÍ",
    "state_iso2": "SLP",
    "country": "MEXICO",
    "country_iso2": "MX",
    "country_iso3": "MEX",
    "country_native": "MÉXICO"
  },
  {
    "id": 68454,
    "name": "AXTLA DE TERRAZAS",
    "state": "SAN LUIS POTOSÍ",
    "state_iso2": "SLP",
    "country": "MEXICO",
    "country_iso2": "MX",
    "country_iso3": "MEX",
    "country_native": "MÉXICO"
  },
  {
    "id": 68619,
    "name": "BLEDOS",
    "state": "SAN LUIS POTOSÍ",
    "state_iso2": "SLP",
    "country": "MEXICO",
    "country_iso2": "MX",
    "country_iso3": "MEX",
    "country_native": "MÉXICO"
  },
  {
    "id": 68624,
    "name": "BOCAS",
    "state": "SAN LUIS POTOSÍ",
    "state_iso2": "SLP",
    "country": "MEXICO",
    "country_iso2": "MX",
    "country_iso3": "MEX",
    "country_native": "MÉXICO"
  },
  {
    "id": 68833,
    "name": "CARRANCO",
    "state": "SAN LUIS POTOSÍ",
    "state_iso2": "SLP",
    "country": "MEXICO",
    "country_iso2": "MX",
    "country_iso3": "MEX",
    "country_native": "MÉXICO"
  },
  {
    "id": 68911,
    "name": "CERRITO DE JARAL",
    "state": "SAN LUIS POTOSÍ",
    "state_iso2": "SLP",
    "country": "MEXICO",
    "country_iso2": "MX",
    "country_iso3": "MEX",
    "country_native": "MÉXICO"
  },
  {
    "id": 68912,
    "name": "CERRITO DE ZAVALA",
    "state": "SAN LUIS POTOSÍ",
    "state_iso2": "SLP",
    "country": "MEXICO",
    "country_iso2": "MX",
    "country_iso3": "MEX",
    "country_native": "MÉXICO"
  },
  {
    "id": 68916,
    "name": "CERRITOS",
    "state": "SAN LUIS POTOSÍ",
    "state_iso2": "SLP",
    "country": "MEXICO",
    "country_iso2": "MX",
    "country_iso3": "MEX",
    "country_native": "MÉXICO"
  },
  {
    "id": 68936,
    "name": "CERRO DE SAN PEDRO",
    "state": "SAN LUIS POTOSÍ",
    "state_iso2": "SLP",
    "country": "MEXICO",
    "country_iso2": "MX",
    "country_iso3": "MEX",
    "country_native": "MÉXICO"
  },
  {
    "id": 68927,
    "name": "CERRO GORDO",
    "state": "SAN LUIS POTOSÍ",
    "state_iso2": "SLP",
    "country": "MEXICO",
    "country_iso2": "MX",
    "country_iso3": "MEX",
    "country_native": "MÉXICO"
  },
  {
    "id": 68961,
    "name": "CHALCHOCOYO",
    "state": "SAN LUIS POTOSÍ",
    "state_iso2": "SLP",
    "country": "MEXICO",
    "country_iso2": "MX",
    "country_iso3": "MEX",
    "country_native": "MÉXICO"
  },
  {
    "id": 68994,
    "name": "CHARCAS",
    "state": "SAN LUIS POTOSÍ",
    "state_iso2": "SLP",
    "country": "MEXICO",
    "country_iso2": "MX",
    "country_iso3": "MEX",
    "country_native": "MÉXICO"
  },
  {
    "id": 69038,
    "name": "CHICONAMEL",
    "state": "SAN LUIS POTOSÍ",
    "state_iso2": "SLP",
    "country": "MEXICO",
    "country_iso2": "MX",
    "country_iso3": "MEX",
    "country_native": "MÉXICO"
  },
  {
    "id": 69196,
    "name": "CIUDAD DEL MAÍZ",
    "state": "SAN LUIS POTOSÍ",
    "state_iso2": "SLP",
    "country": "MEXICO",
    "country_iso2": "MX",
    "country_iso3": "MEX",
    "country_native": "MÉXICO"
  },
  {
    "id": 69155,
    "name": "CIUDAD FERNÁNDEZ",
    "state": "SAN LUIS POTOSÍ",
    "state_iso2": "SLP",
    "country": "MEXICO",
    "country_iso2": "MX",
    "country_iso3": "MEX",
    "country_native": "MÉXICO"
  },
  {
    "id": 69179,
    "name": "CIUDAD SATÉLITE",
    "state": "SAN LUIS POTOSÍ",
    "state_iso2": "SLP",
    "country": "MEXICO",
    "country_iso2": "MX",
    "country_iso3": "MEX",
    "country_native": "MÉXICO"
  },
  {
    "id": 69183,
    "name": "CIUDAD VALLES",
    "state": "SAN LUIS POTOSÍ",
    "state_iso2": "SLP",
    "country": "MEXICO",
    "country_iso2": "MX",
    "country_iso3": "MEX",
    "country_native": "MÉXICO"
  },
  {
    "id": 69374,
    "name": "COLONIA VEINTE DE NOVIEMBRE",
    "state": "SAN LUIS POTOSÍ",
    "state_iso2": "SLP",
    "country": "MEXICO",
    "country_iso2": "MX",
    "country_iso3": "MEX",
    "country_native": "MÉXICO"
  },
  {
    "id": 69404,
    "name": "COLONIA ÁLVARO OBREGÓN",
    "state": "SAN LUIS POTOSÍ",
    "state_iso2": "SLP",
    "country": "MEXICO",
    "country_iso2": "MX",
    "country_iso3": "MEX",
    "country_native": "MÉXICO"
  },
  {
    "id": 69478,
    "name": "CORCOVADO",
    "state": "SAN LUIS POTOSÍ",
    "state_iso2": "SLP",
    "country": "MEXICO",
    "country_iso2": "MX",
    "country_iso3": "MEX",
    "country_native": "MÉXICO"
  },
  {
    "id": 69658,
    "name": "CÁRDENAS",
    "state": "SAN LUIS POTOSÍ",
    "state_iso2": "SLP",
    "country": "MEXICO",
    "country_iso2": "MX",
    "country_iso3": "MEX",
    "country_native": "MÉXICO"
  },
  {
    "id": 69666,
    "name": "DAMIAN CARMONA",
    "state": "SAN LUIS POTOSÍ",
    "state_iso2": "SLP",
    "country": "MEXICO",
    "country_iso2": "MX",
    "country_iso3": "MEX",
    "country_native": "MÉXICO"
  },
  {
    "id": 69681,
    "name": "DERRAMADEROS",
    "state": "SAN LUIS POTOSÍ",
    "state_iso2": "SLP",
    "country": "MEXICO",
    "country_iso2": "MX",
    "country_iso3": "MEX",
    "country_native": "MÉXICO"
  },
  {
    "id": 69731,
    "name": "DULCE GRANDE",
    "state": "SAN LUIS POTOSÍ",
    "state_iso2": "SLP",
    "country": "MEXICO",
    "country_iso2": "MX",
    "country_iso3": "MEX",
    "country_native": "MÉXICO"
  },
  {
    "id": 69812,
    "name": "EJIDO EL SAUCILLO",
    "state": "SAN LUIS POTOSÍ",
    "state_iso2": "SLP",
    "country": "MEXICO",
    "country_iso2": "MX",
    "country_iso3": "MEX",
    "country_native": "MÉXICO"
  },
  {
    "id": 69766,
    "name": "EJIDO GOGORRÓN (EX-HACIENDA DE GOGORRÓN)",
    "state": "SAN LUIS POTOSÍ",
    "state_iso2": "SLP",
    "country": "MEXICO",
    "country_iso2": "MX",
    "country_iso3": "MEX",
    "country_native": "MÉXICO"
  },
  {
    "id": 69815,
    "name": "EJIDO LA PITAHAYA (SANTO DOMINGO)",
    "state": "SAN LUIS POTOSÍ",
    "state_iso2": "SLP",
    "country": "MEXICO",
    "country_iso2": "MX",
    "country_iso3": "MEX",
    "country_native": "MÉXICO"
  },
  {
    "id": 69818,
    "name": "EJIDO LOS HUASTECOS",
    "state": "SAN LUIS POTOSÍ",
    "state_iso2": "SLP",
    "country": "MEXICO",
    "country_iso2": "MX",
    "country_iso3": "MEX",
    "country_native": "MÉXICO"
  },
  {
    "id": 69790,
    "name": "EJIDO SAN JOSÉ XILATZÉN",
    "state": "SAN LUIS POTOSÍ",
    "state_iso2": "SLP",
    "country": "MEXICO",
    "country_iso2": "MX",
    "country_iso3": "MEX",
    "country_native": "MÉXICO"
  },
  {
    "id": 69841,
    "name": "EL BARRIL",
    "state": "SAN LUIS POTOSÍ",
    "state_iso2": "SLP",
    "country": "MEXICO",
    "country_iso2": "MX",
    "country_iso3": "MEX",
    "country_native": "MÉXICO"
  },
  {
    "id": 69864,
    "name": "EL CAPULÍN",
    "state": "SAN LUIS POTOSÍ",
    "state_iso2": "SLP",
    "country": "MEXICO",
    "country_iso2": "MX",
    "country_iso3": "MEX",
    "country_native": "MÉXICO"
  },
  {
    "id": 69882,
    "name": "EL CARRIZAL",
    "state": "SAN LUIS POTOSÍ",
    "state_iso2": "SLP",
    "country": "MEXICO",
    "country_iso2": "MX",
    "country_iso3": "MEX",
    "country_native": "MÉXICO"
  },
  {
    "id": 69972,
    "name": "EL FUERTE",
    "state": "SAN LUIS POTOSÍ",
    "state_iso2": "SLP",
    "country": "MEXICO",
    "country_iso2": "MX",
    "country_iso3": "MEX",
    "country_native": "MÉXICO"
  },
  {
    "id": 69988,
    "name": "EL HUEXCO",
    "state": "SAN LUIS POTOSÍ",
    "state_iso2": "SLP",
    "country": "MEXICO",
    "country_iso2": "MX",
    "country_iso3": "MEX",
    "country_native": "MÉXICO"
  },
  {
    "id": 69995,
    "name": "EL JABALÍ",
    "state": "SAN LUIS POTOSÍ",
    "state_iso2": "SLP",
    "country": "MEXICO",
    "country_iso2": "MX",
    "country_iso3": "MEX",
    "country_native": "MÉXICO"
  },
  {
    "id": 70000,
    "name": "EL JARALITO",
    "state": "SAN LUIS POTOSÍ",
    "state_iso2": "SLP",
    "country": "MEXICO",
    "country_iso2": "MX",
    "country_iso3": "MEX",
    "country_native": "MÉXICO"
  },
  {
    "id": 70057,
    "name": "EL NARANJO",
    "state": "SAN LUIS POTOSÍ",
    "state_iso2": "SLP",
    "country": "MEXICO",
    "country_iso2": "MX",
    "country_iso3": "MEX",
    "country_native": "MÉXICO"
  },
  {
    "id": 70101,
    "name": "EL PEÑASCO",
    "state": "SAN LUIS POTOSÍ",
    "state_iso2": "SLP",
    "country": "MEXICO",
    "country_iso2": "MX",
    "country_iso3": "MEX",
    "country_native": "MÉXICO"
  },
  {
    "id": 70174,
    "name": "EL ROSARIO",
    "state": "SAN LUIS POTOSÍ",
    "state_iso2": "SLP",
    "country": "MEXICO",
    "country_iso2": "MX",
    "country_iso3": "MEX",
    "country_native": "MÉXICO"
  },
  {
    "id": 70218,
    "name": "EL TEPETATE",
    "state": "SAN LUIS POTOSÍ",
    "state_iso2": "SLP",
    "country": "MEXICO",
    "country_iso2": "MX",
    "country_iso3": "MEX",
    "country_native": "MÉXICO"
  },
  {
    "id": 70281,
    "name": "EMILIANO ZAPATA",
    "state": "SAN LUIS POTOSÍ",
    "state_iso2": "SLP",
    "country": "MEXICO",
    "country_iso2": "MX",
    "country_iso3": "MEX",
    "country_native": "MÉXICO"
  },
  {
    "id": 70303,
    "name": "ENRAMADAS",
    "state": "SAN LUIS POTOSÍ",
    "state_iso2": "SLP",
    "country": "MEXICO",
    "country_iso2": "MX",
    "country_iso3": "MEX",
    "country_native": "MÉXICO"
  },
  {
    "id": 70304,
    "name": "ENRIQUE ESTRADA",
    "state": "SAN LUIS POTOSÍ",
    "state_iso2": "SLP",
    "country": "MEXICO",
    "country_iso2": "MX",
    "country_iso3": "MEX",
    "country_native": "MÉXICO"
  },
  {
    "id": 70309,
    "name": "ENTRONQUE DE MATEHUALA (EL HUIZACHE)",
    "state": "SAN LUIS POTOSÍ",
    "state_iso2": "SLP",
    "country": "MEXICO",
    "country_iso2": "MX",
    "country_iso3": "MEX",
    "country_native": "MÉXICO"
  },
  {
    "id": 70317,
    "name": "ESCALERILLAS",
    "state": "SAN LUIS POTOSÍ",
    "state_iso2": "SLP",
    "country": "MEXICO",
    "country_iso2": "MX",
    "country_iso3": "MEX",
    "country_native": "MÉXICO"
  },
  {
    "id": 70356,
    "name": "ESTACIÓN TAMUÍN",
    "state": "SAN LUIS POTOSÍ",
    "state_iso2": "SLP",
    "country": "MEXICO",
    "country_iso2": "MX",
    "country_iso3": "MEX",
    "country_native": "MÉXICO"
  },
  {
    "id": 70366,
    "name": "ESTANZUELA",
    "state": "SAN LUIS POTOSÍ",
    "state_iso2": "SLP",
    "country": "MEXICO",
    "country_iso2": "MX",
    "country_iso3": "MEX",
    "country_native": "MÉXICO"
  },
  {
    "id": 70461,
    "name": "FRACCIÓN MILPILLAS",
    "state": "SAN LUIS POTOSÍ",
    "state_iso2": "SLP",
    "country": "MEXICO",
    "country_iso2": "MX",
    "country_iso3": "MEX",
    "country_native": "MÉXICO"
  },
  {
    "id": 70565,
    "name": "GRANJENAL",
    "state": "SAN LUIS POTOSÍ",
    "state_iso2": "SLP",
    "country": "MEXICO",
    "country_iso2": "MX",
    "country_iso3": "MEX",
    "country_native": "MÉXICO"
  },
  {
    "id": 70569,
    "name": "GUADALCÁZAR",
    "state": "SAN LUIS POTOSÍ",
    "state_iso2": "SLP",
    "country": "MEXICO",
    "country_iso2": "MX",
    "country_iso3": "MEX",
    "country_native": "MÉXICO"
  },
  {
    "id": 70606,
    "name": "GUADALUPE VICTORIA",
    "state": "SAN LUIS POTOSÍ",
    "state_iso2": "SLP",
    "country": "MEXICO",
    "country_iso2": "MX",
    "country_iso3": "MEX",
    "country_native": "MÉXICO"
  },
  {
    "id": 70674,
    "name": "HERNÁNDEZ",
    "state": "SAN LUIS POTOSÍ",
    "state_iso2": "SLP",
    "country": "MEXICO",
    "country_iso2": "MX",
    "country_iso3": "MEX",
    "country_native": "MÉXICO"
  },
  {
    "id": 70691,
    "name": "HIGINIO OLIVO",
    "state": "SAN LUIS POTOSÍ",
    "state_iso2": "SLP",
    "country": "MEXICO",
    "country_iso2": "MX",
    "country_iso3": "MEX",
    "country_native": "MÉXICO"
  },
  {
    "id": 70789,
    "name": "HUICHIHUAYAN",
    "state": "SAN LUIS POTOSÍ",
    "state_iso2": "SLP",
    "country": "MEXICO",
    "country_iso2": "MX",
    "country_iso3": "MEX",
    "country_native": "MÉXICO"
  },
  {
    "id": 70866,
    "name": "ILLESCAS",
    "state": "SAN LUIS POTOSÍ",
    "state_iso2": "SLP",
    "country": "MEXICO",
    "country_iso2": "MX",
    "country_iso3": "MEX",
    "country_native": "MÉXICO"
  },
  {
    "id": 70951,
    "name": "IZTACAPA",
    "state": "SAN LUIS POTOSÍ",
    "state_iso2": "SLP",
    "country": "MEXICO",
    "country_iso2": "MX",
    "country_iso3": "MEX",
    "country_native": "MÉXICO"
  },
  {
    "id": 70981,
    "name": "JALPILLA",
    "state": "SAN LUIS POTOSÍ",
    "state_iso2": "SLP",
    "country": "MEXICO",
    "country_iso2": "MX",
    "country_iso3": "MEX",
    "country_native": "MÉXICO"
  },
  {
    "id": 71028,
    "name": "JESÚS MARÍA",
    "state": "SAN LUIS POTOSÍ",
    "state_iso2": "SLP",
    "country": "MEXICO",
    "country_iso2": "MX",
    "country_iso3": "MEX",
    "country_native": "MÉXICO"
  },
  {
    "id": 71272,
    "name": "LA ESPERANZA",
    "state": "SAN LUIS POTOSÍ",
    "state_iso2": "SLP",
    "country": "MEXICO",
    "country_iso2": "MX",
    "country_iso3": "MEX",
    "country_native": "MÉXICO"
  },
  {
    "id": 71314,
    "name": "LA HERRADURA",
    "state": "SAN LUIS POTOSÍ",
    "state_iso2": "SLP",
    "country": "MEXICO",
    "country_iso2": "MX",
    "country_iso3": "MEX",
    "country_native": "MÉXICO"
  },
  {
    "id": 71359,
    "name": "LA LIMA",
    "state": "SAN LUIS POTOSÍ",
    "state_iso2": "SLP",
    "country": "MEXICO",
    "country_iso2": "MX",
    "country_iso3": "MEX",
    "country_native": "MÉXICO"
  },
  {
    "id": 71393,
    "name": "LA MESA DE LOS CONEJOS",
    "state": "SAN LUIS POTOSÍ",
    "state_iso2": "SLP",
    "country": "MEXICO",
    "country_iso2": "MX",
    "country_iso3": "MEX",
    "country_native": "MÉXICO"
  },
  {
    "id": 71447,
    "name": "LA PILA",
    "state": "SAN LUIS POTOSÍ",
    "state_iso2": "SLP",
    "country": "MEXICO",
    "country_iso2": "MX",
    "country_iso3": "MEX",
    "country_native": "MÉXICO"
  },
  {
    "id": 71474,
    "name": "LA REFORMA",
    "state": "SAN LUIS POTOSÍ",
    "state_iso2": "SLP",
    "country": "MEXICO",
    "country_iso2": "MX",
    "country_iso3": "MEX",
    "country_native": "MÉXICO"
  },
  {
    "id": 71498,
    "name": "LA SUBIDA",
    "state": "SAN LUIS POTOSÍ",
    "state_iso2": "SLP",
    "country": "MEXICO",
    "country_iso2": "MX",
    "country_iso3": "MEX",
    "country_native": "MÉXICO"
  },
  {
    "id": 71528,
    "name": "LA VENTILLA",
    "state": "SAN LUIS POTOSÍ",
    "state_iso2": "SLP",
    "country": "MEXICO",
    "country_iso2": "MX",
    "country_iso3": "MEX",
    "country_native": "MÉXICO"
  },
  {
    "id": 71553,
    "name": "LAGUNA DE SAN VICENTE",
    "state": "SAN LUIS POTOSÍ",
    "state_iso2": "SLP",
    "country": "MEXICO",
    "country_iso2": "MX",
    "country_iso3": "MEX",
    "country_native": "MÉXICO"
  },
  {
    "id": 71554,
    "name": "LAGUNA DE SANTA RITA",
    "state": "SAN LUIS POTOSÍ",
    "state_iso2": "SLP",
    "country": "MEXICO",
    "country_iso2": "MX",
    "country_iso3": "MEX",
    "country_native": "MÉXICO"
  },
  {
    "id": 71558,
    "name": "LAGUNA DEL MANTE",
    "state": "SAN LUIS POTOSÍ",
    "state_iso2": "SLP",
    "country": "MEXICO",
    "country_iso2": "MX",
    "country_iso3": "MEX",
    "country_native": "MÉXICO"
  },
  {
    "id": 71576,
    "name": "LAS ARMAS",
    "state": "SAN LUIS POTOSÍ",
    "state_iso2": "SLP",
    "country": "MEXICO",
    "country_iso2": "MX",
    "country_iso3": "MEX",
    "country_native": "MÉXICO"
  },
  {
    "id": 71629,
    "name": "LAS PALMAS",
    "state": "SAN LUIS POTOSÍ",
    "state_iso2": "SLP",
    "country": "MEXICO",
    "country_iso2": "MX",
    "country_iso3": "MEX",
    "country_native": "MÉXICO"
  },
  {
    "id": 71868,
    "name": "LOS ZACATONES",
    "state": "SAN LUIS POTOSÍ",
    "state_iso2": "SLP",
    "country": "MEXICO",
    "country_iso2": "MX",
    "country_iso3": "MEX",
    "country_native": "MÉXICO"
  },
  {
    "id": 71941,
    "name": "MAITINEZ",
    "state": "SAN LUIS POTOSÍ",
    "state_iso2": "SLP",
    "country": "MEXICO",
    "country_iso2": "MX",
    "country_iso3": "MEX",
    "country_native": "MÉXICO"
  },
  {
    "id": 71985,
    "name": "MARAVILLAS",
    "state": "SAN LUIS POTOSÍ",
    "state_iso2": "SLP",
    "country": "MEXICO",
    "country_iso2": "MX",
    "country_iso3": "MEX",
    "country_native": "MÉXICO"
  },
  {
    "id": 72002,
    "name": "MARTINEZ",
    "state": "SAN LUIS POTOSÍ",
    "state_iso2": "SLP",
    "country": "MEXICO",
    "country_iso2": "MX",
    "country_iso3": "MEX",
    "country_native": "MÉXICO"
  },
  {
    "id": 72020,
    "name": "MATEHUALA",
    "state": "SAN LUIS POTOSÍ",
    "state_iso2": "SLP",
    "country": "MEXICO",
    "country_iso2": "MX",
    "country_iso3": "MEX",
    "country_native": "MÉXICO"
  },
  {
    "id": 72177,
    "name": "MOCTEZUMA",
    "state": "SAN LUIS POTOSÍ",
    "state_iso2": "SLP",
    "country": "MEXICO",
    "country_iso2": "MX",
    "country_iso3": "MEX",
    "country_native": "MÉXICO"
  },
  {
    "id": 72204,
    "name": "MONTE OBSCURO",
    "state": "SAN LUIS POTOSÍ",
    "state_iso2": "SLP",
    "country": "MEXICO",
    "country_iso2": "MX",
    "country_iso3": "MEX",
    "country_native": "MÉXICO"
  },
  {
    "id": 72307,
    "name": "NEGRITAS",
    "state": "SAN LUIS POTOSÍ",
    "state_iso2": "SLP",
    "country": "MEXICO",
    "country_iso2": "MX",
    "country_iso3": "MEX",
    "country_native": "MÉXICO"
  },
  {
    "id": 72355,
    "name": "NORIAS DEL REFUGIO",
    "state": "SAN LUIS POTOSÍ",
    "state_iso2": "SLP",
    "country": "MEXICO",
    "country_iso2": "MX",
    "country_iso3": "MEX",
    "country_native": "MÉXICO"
  },
  {
    "id": 72372,
    "name": "NUEVA PRIMAVERA",
    "state": "SAN LUIS POTOSÍ",
    "state_iso2": "SLP",
    "country": "MEXICO",
    "country_iso2": "MX",
    "country_iso3": "MEX",
    "country_native": "MÉXICO"
  },
  {
    "id": 72384,
    "name": "NUEVO CRUCITAS",
    "state": "SAN LUIS POTOSÍ",
    "state_iso2": "SLP",
    "country": "MEXICO",
    "country_iso2": "MX",
    "country_iso3": "MEX",
    "country_native": "MÉXICO"
  },
  {
    "id": 72414,
    "name": "NUEVO TAMPAÓN",
    "state": "SAN LUIS POTOSÍ",
    "state_iso2": "SLP",
    "country": "MEXICO",
    "country_iso2": "MX",
    "country_iso3": "MEX",
    "country_native": "MÉXICO"
  },
  {
    "id": 72472,
    "name": "OCUILTZAPOYO",
    "state": "SAN LUIS POTOSÍ",
    "state_iso2": "SLP",
    "country": "MEXICO",
    "country_iso2": "MX",
    "country_iso3": "MEX",
    "country_native": "MÉXICO"
  },
  {
    "id": 72482,
    "name": "OJO CALIENTE",
    "state": "SAN LUIS POTOSÍ",
    "state_iso2": "SLP",
    "country": "MEXICO",
    "country_iso2": "MX",
    "country_iso3": "MEX",
    "country_native": "MÉXICO"
  },
  {
    "id": 72486,
    "name": "OJO DE AGUA",
    "state": "SAN LUIS POTOSÍ",
    "state_iso2": "SLP",
    "country": "MEXICO",
    "country_iso2": "MX",
    "country_iso3": "MEX",
    "country_native": "MÉXICO"
  },
  {
    "id": 72494,
    "name": "OJO DE AGUA DE SOLANO",
    "state": "SAN LUIS POTOSÍ",
    "state_iso2": "SLP",
    "country": "MEXICO",
    "country_iso2": "MX",
    "country_iso3": "MEX",
    "country_native": "MÉXICO"
  },
  {
    "id": 72578,
    "name": "PAISANOS",
    "state": "SAN LUIS POTOSÍ",
    "state_iso2": "SLP",
    "country": "MEXICO",
    "country_iso2": "MX",
    "country_iso3": "MEX",
    "country_native": "MÉXICO"
  },
  {
    "id": 72586,
    "name": "PALMA PEGADA",
    "state": "SAN LUIS POTOSÍ",
    "state_iso2": "SLP",
    "country": "MEXICO",
    "country_iso2": "MX",
    "country_iso3": "MEX",
    "country_native": "MÉXICO"
  },
  {
    "id": 72590,
    "name": "PALMAR PRIMERO",
    "state": "SAN LUIS POTOSÍ",
    "state_iso2": "SLP",
    "country": "MEXICO",
    "country_iso2": "MX",
    "country_iso3": "MEX",
    "country_native": "MÉXICO"
  },
  {
    "id": 72611,
    "name": "PALO SECO (EL GATO)",
    "state": "SAN LUIS POTOSÍ",
    "state_iso2": "SLP",
    "country": "MEXICO",
    "country_iso2": "MX",
    "country_iso3": "MEX",
    "country_native": "MÉXICO"
  },
  {
    "id": 72613,
    "name": "PALOMAS",
    "state": "SAN LUIS POTOSÍ",
    "state_iso2": "SLP",
    "country": "MEXICO",
    "country_iso2": "MX",
    "country_iso3": "MEX",
    "country_native": "MÉXICO"
  },
  {
    "id": 72651,
    "name": "PARDO",
    "state": "SAN LUIS POTOSÍ",
    "state_iso2": "SLP",
    "country": "MEXICO",
    "country_iso2": "MX",
    "country_iso3": "MEX",
    "country_native": "MÉXICO"
  },
  {
    "id": 72676,
    "name": "PASO BLANCO",
    "state": "SAN LUIS POTOSÍ",
    "state_iso2": "SLP",
    "country": "MEXICO",
    "country_iso2": "MX",
    "country_iso3": "MEX",
    "country_native": "MÉXICO"
  },
  {
    "id": 72677,
    "name": "PASO BONITO",
    "state": "SAN LUIS POTOSÍ",
    "state_iso2": "SLP",
    "country": "MEXICO",
    "country_iso2": "MX",
    "country_iso3": "MEX",
    "country_native": "MÉXICO"
  },
  {
    "id": 72702,
    "name": "PASTORA",
    "state": "SAN LUIS POTOSÍ",
    "state_iso2": "SLP",
    "country": "MEXICO",
    "country_iso2": "MX",
    "country_iso3": "MEX",
    "country_native": "MÉXICO"
  },
  {
    "id": 72727,
    "name": "PEMUCHO",
    "state": "SAN LUIS POTOSÍ",
    "state_iso2": "SLP",
    "country": "MEXICO",
    "country_iso2": "MX",
    "country_iso3": "MEX",
    "country_native": "MÉXICO"
  },
  {
    "id": 72730,
    "name": "PEOTILLOS",
    "state": "SAN LUIS POTOSÍ",
    "state_iso2": "SLP",
    "country": "MEXICO",
    "country_iso2": "MX",
    "country_iso3": "MEX",
    "country_native": "MÉXICO"
  },
  {
    "id": 72760,
    "name": "PICHOLCO",
    "state": "SAN LUIS POTOSÍ",
    "state_iso2": "SLP",
    "country": "MEXICO",
    "country_iso2": "MX",
    "country_iso3": "MEX",
    "country_native": "MÉXICO"
  },
  {
    "id": 72848,
    "name": "PONCIANO ARRIAGA",
    "state": "SAN LUIS POTOSÍ",
    "state_iso2": "SLP",
    "country": "MEXICO",
    "country_iso2": "MX",
    "country_iso3": "MEX",
    "country_native": "MÉXICO"
  },
  {
    "id": 72856,
    "name": "PORTEZUELO",
    "state": "SAN LUIS POTOSÍ",
    "state_iso2": "SLP",
    "country": "MEXICO",
    "country_iso2": "MX",
    "country_iso3": "MEX",
    "country_native": "MÉXICO"
  },
  {
    "id": 72877,
    "name": "POZUELOS",
    "state": "SAN LUIS POTOSÍ",
    "state_iso2": "SLP",
    "country": "MEXICO",
    "country_iso2": "MX",
    "country_iso3": "MEX",
    "country_native": "MÉXICO"
  },
  {
    "id": 72913,
    "name": "PROGRESO",
    "state": "SAN LUIS POTOSÍ",
    "state_iso2": "SLP",
    "country": "MEXICO",
    "country_iso2": "MX",
    "country_iso3": "MEX",
    "country_native": "MÉXICO"
  },
  {
    "id": 72980,
    "name": "PUERTO DE PROVIDENCIA",
    "state": "SAN LUIS POTOSÍ",
    "state_iso2": "SLP",
    "country": "MEXICO",
    "country_iso2": "MX",
    "country_iso3": "MEX",
    "country_native": "MÉXICO"
  },
  {
    "id": 72984,
    "name": "PUJAL-COY",
    "state": "SAN LUIS POTOSÍ",
    "state_iso2": "SLP",
    "country": "MEXICO",
    "country_iso2": "MX",
    "country_iso3": "MEX",
    "country_native": "MÉXICO"
  },
  {
    "id": 73064,
    "name": "RANCHO NUEVO",
    "state": "SAN LUIS POTOSÍ",
    "state_iso2": "SLP",
    "country": "MEXICO",
    "country_iso2": "MX",
    "country_iso3": "MEX",
    "country_native": "MÉXICO"
  },
  {
    "id": 73081,
    "name": "RASCÓN",
    "state": "SAN LUIS POTOSÍ",
    "state_iso2": "SLP",
    "country": "MEXICO",
    "country_iso2": "MX",
    "country_iso3": "MEX",
    "country_native": "MÉXICO"
  },
  {
    "id": 73086,
    "name": "RAYÓN",
    "state": "SAN LUIS POTOSÍ",
    "state_iso2": "SLP",
    "country": "MEXICO",
    "country_iso2": "MX",
    "country_iso3": "MEX",
    "country_native": "MÉXICO"
  },
  {
    "id": 73090,
    "name": "REAL DE CATORCE",
    "state": "SAN LUIS POTOSÍ",
    "state_iso2": "SLP",
    "country": "MEXICO",
    "country_iso2": "MX",
    "country_iso3": "MEX",
    "country_native": "MÉXICO"
  },
  {
    "id": 73112,
    "name": "RINCONADA",
    "state": "SAN LUIS POTOSÍ",
    "state_iso2": "SLP",
    "country": "MEXICO",
    "country_iso2": "MX",
    "country_iso3": "MEX",
    "country_native": "MÉXICO"
  },
  {
    "id": 73138,
    "name": "RINCÓN DEL PORVENIR",
    "state": "SAN LUIS POTOSÍ",
    "state_iso2": "SLP",
    "country": "MEXICO",
    "country_iso2": "MX",
    "country_iso3": "MEX",
    "country_native": "MÉXICO"
  },
  {
    "id": 73141,
    "name": "RIOVERDE",
    "state": "SAN LUIS POTOSÍ",
    "state_iso2": "SLP",
    "country": "MEXICO",
    "country_iso2": "MX",
    "country_iso3": "MEX",
    "country_native": "MÉXICO"
  },
  {
    "id": 73148,
    "name": "RODRIGO",
    "state": "SAN LUIS POTOSÍ",
    "state_iso2": "SLP",
    "country": "MEXICO",
    "country_iso2": "MX",
    "country_iso3": "MEX",
    "country_native": "MÉXICO"
  },
  {
    "id": 73216,
    "name": "SALINAS DE HIDALGO",
    "state": "SAN LUIS POTOSÍ",
    "state_iso2": "SLP",
    "country": "MEXICO",
    "country_iso2": "MX",
    "country_iso3": "MEX",
    "country_native": "MÉXICO"
  },
  {
    "id": 73217,
    "name": "SALITRAL DE CARRERA",
    "state": "SAN LUIS POTOSÍ",
    "state_iso2": "SLP",
    "country": "MEXICO",
    "country_iso2": "MX",
    "country_iso3": "MEX",
    "country_native": "MÉXICO"
  },
  {
    "id": 73467,
    "name": "SAN CIRO DE ACOSTA",
    "state": "SAN LUIS POTOSÍ",
    "state_iso2": "SLP",
    "country": "MEXICO",
    "country_iso2": "MX",
    "country_iso3": "MEX",
    "country_native": "MÉXICO"
  },
  {
    "id": 73486,
    "name": "SAN DIEGO",
    "state": "SAN LUIS POTOSÍ",
    "state_iso2": "SLP",
    "country": "MEXICO",
    "country_iso2": "MX",
    "country_iso3": "MEX",
    "country_native": "MÉXICO"
  },
  {
    "id": 73537,
    "name": "SAN FRANCISCO",
    "state": "SAN LUIS POTOSÍ",
    "state_iso2": "SLP",
    "country": "MEXICO",
    "country_iso2": "MX",
    "country_iso3": "MEX",
    "country_native": "MÉXICO"
  },
  {
    "id": 73562,
    "name": "SAN FRANCISCO CUAYALAB",
    "state": "SAN LUIS POTOSÍ",
    "state_iso2": "SLP",
    "country": "MEXICO",
    "country_iso2": "MX",
    "country_iso3": "MEX",
    "country_native": "MÉXICO"
  },
  {
    "id": 73666,
    "name": "SAN ISIDRO",
    "state": "SAN LUIS POTOSÍ",
    "state_iso2": "SLP",
    "country": "MEXICO",
    "country_iso2": "MX",
    "country_iso3": "MEX",
    "country_native": "MÉXICO"
  },
  {
    "id": 73844,
    "name": "SAN JOSÉ DEL TAPANCO",
    "state": "SAN LUIS POTOSÍ",
    "state_iso2": "SLP",
    "country": "MEXICO",
    "country_iso2": "MX",
    "country_iso3": "MEX",
    "country_native": "MÉXICO"
  },
  {
    "id": 74051,
    "name": "SAN LUIS POTOSÍ",
    "state": "SAN LUIS POTOSÍ",
    "state_iso2": "SLP",
    "country": "MEXICO",
    "country_iso2": "MX",
    "country_iso3": "MEX",
    "country_native": "MÉXICO"
  },
  {
    "id": 74092,
    "name": "SAN MARTÍN CHALCHICUAUTLA",
    "state": "SAN LUIS POTOSÍ",
    "state_iso2": "SLP",
    "country": "MEXICO",
    "country_iso2": "MX",
    "country_iso3": "MEX",
    "country_native": "MÉXICO"
  },
  {
    "id": 74250,
    "name": "SAN NICOLÁS",
    "state": "SAN LUIS POTOSÍ",
    "state_iso2": "SLP",
    "country": "MEXICO",
    "country_iso2": "MX",
    "country_iso3": "MEX",
    "country_native": "MÉXICO"
  },
  {
    "id": 74265,
    "name": "SAN NICOLÁS TOLENTINO",
    "state": "SAN LUIS POTOSÍ",
    "state_iso2": "SLP",
    "country": "MEXICO",
    "country_iso2": "MX",
    "country_iso3": "MEX",
    "country_native": "MÉXICO"
  },
  {
    "id": 74505,
    "name": "SAN VICENTE TANCUAYALAB",
    "state": "SAN LUIS POTOSÍ",
    "state_iso2": "SLP",
    "country": "MEXICO",
    "country_iso2": "MX",
    "country_iso3": "MEX",
    "country_native": "MÉXICO"
  },
  {
    "id": 74573,
    "name": "SANTA CATARINA",
    "state": "SAN LUIS POTOSÍ",
    "state_iso2": "SLP",
    "country": "MEXICO",
    "country_iso2": "MX",
    "country_iso3": "MEX",
    "country_native": "MÉXICO"
  },
  {
    "id": 74697,
    "name": "SANTA MARTHA",
    "state": "SAN LUIS POTOSÍ",
    "state_iso2": "SLP",
    "country": "MEXICO",
    "country_iso2": "MX",
    "country_iso3": "MEX",
    "country_native": "MÉXICO"
  },
  {
    "id": 74818,
    "name": "SANTA MARÍA DEL RÍO",
    "state": "SAN LUIS POTOSÍ",
    "state_iso2": "SLP",
    "country": "MEXICO",
    "country_iso2": "MX",
    "country_iso3": "MEX",
    "country_native": "MÉXICO"
  },
  {
    "id": 74828,
    "name": "SANTA RITA",
    "state": "SAN LUIS POTOSÍ",
    "state_iso2": "SLP",
    "country": "MEXICO",
    "country_iso2": "MX",
    "country_iso3": "MEX",
    "country_native": "MÉXICO"
  },
  {
    "id": 74887,
    "name": "SANTIAGO CENTRO",
    "state": "SAN LUIS POTOSÍ",
    "state_iso2": "SLP",
    "country": "MEXICO",
    "country_iso2": "MX",
    "country_iso3": "MEX",
    "country_native": "MÉXICO"
  },
  {
    "id": 74995,
    "name": "SANTO DOMINGO",
    "state": "SAN LUIS POTOSÍ",
    "state_iso2": "SLP",
    "country": "MEXICO",
    "country_iso2": "MX",
    "country_iso3": "MEX",
    "country_native": "MÉXICO"
  },
  {
    "id": 75046,
    "name": "SAUZ DE CALERA",
    "state": "SAN LUIS POTOSÍ",
    "state_iso2": "SLP",
    "country": "MEXICO",
    "country_iso2": "MX",
    "country_iso3": "MEX",
    "country_native": "MÉXICO"
  },
  {
    "id": 75105,
    "name": "SOCAVÓN (EL CARMEN)",
    "state": "SAN LUIS POTOSÍ",
    "state_iso2": "SLP",
    "country": "MEXICO",
    "country_iso2": "MX",
    "country_iso3": "MEX",
    "country_native": "MÉXICO"
  },
  {
    "id": 75117,
    "name": "SOLEDAD DE GRACIANO SÁNCHEZ",
    "state": "SAN LUIS POTOSÍ",
    "state_iso2": "SLP",
    "country": "MEXICO",
    "country_iso2": "MX",
    "country_iso3": "MEX",
    "country_native": "MÉXICO"
  },
  {
    "id": 75150,
    "name": "SUSPIRO PICACHO",
    "state": "SAN LUIS POTOSÍ",
    "state_iso2": "SLP",
    "country": "MEXICO",
    "country_iso2": "MX",
    "country_iso3": "MEX",
    "country_native": "MÉXICO"
  },
  {
    "id": 75153,
    "name": "SÁNCHEZ",
    "state": "SAN LUIS POTOSÍ",
    "state_iso2": "SLP",
    "country": "MEXICO",
    "country_iso2": "MX",
    "country_iso3": "MEX",
    "country_native": "MÉXICO"
  },
  {
    "id": 75175,
    "name": "TAMASOPO",
    "state": "SAN LUIS POTOSÍ",
    "state_iso2": "SLP",
    "country": "MEXICO",
    "country_iso2": "MX",
    "country_iso3": "MEX",
    "country_native": "MÉXICO"
  },
  {
    "id": 75184,
    "name": "TAMAZUNCHALE",
    "state": "SAN LUIS POTOSÍ",
    "state_iso2": "SLP",
    "country": "MEXICO",
    "country_iso2": "MX",
    "country_iso3": "MEX",
    "country_native": "MÉXICO"
  },
  {
    "id": 75185,
    "name": "TAMBACA",
    "state": "SAN LUIS POTOSÍ",
    "state_iso2": "SLP",
    "country": "MEXICO",
    "country_iso2": "MX",
    "country_iso3": "MEX",
    "country_native": "MÉXICO"
  },
  {
    "id": 75186,
    "name": "TAMCUIME",
    "state": "SAN LUIS POTOSÍ",
    "state_iso2": "SLP",
    "country": "MEXICO",
    "country_iso2": "MX",
    "country_iso3": "MEX",
    "country_native": "MÉXICO"
  },
  {
    "id": 75188,
    "name": "TAMPACÁN",
    "state": "SAN LUIS POTOSÍ",
    "state_iso2": "SLP",
    "country": "MEXICO",
    "country_iso2": "MX",
    "country_iso3": "MEX",
    "country_native": "MÉXICO"
  },
  {
    "id": 75189,
    "name": "TAMPATE",
    "state": "SAN LUIS POTOSÍ",
    "state_iso2": "SLP",
    "country": "MEXICO",
    "country_iso2": "MX",
    "country_iso3": "MEX",
    "country_native": "MÉXICO"
  },
  {
    "id": 75190,
    "name": "TAMPEMOCHE",
    "state": "SAN LUIS POTOSÍ",
    "state_iso2": "SLP",
    "country": "MEXICO",
    "country_iso2": "MX",
    "country_iso3": "MEX",
    "country_native": "MÉXICO"
  },
  {
    "id": 75195,
    "name": "TAMUÍN",
    "state": "SAN LUIS POTOSÍ",
    "state_iso2": "SLP",
    "country": "MEXICO",
    "country_iso2": "MX",
    "country_iso3": "MEX",
    "country_native": "MÉXICO"
  },
  {
    "id": 75196,
    "name": "TAMÁN",
    "state": "SAN LUIS POTOSÍ",
    "state_iso2": "SLP",
    "country": "MEXICO",
    "country_iso2": "MX",
    "country_iso3": "MEX",
    "country_native": "MÉXICO"
  },
  {
    "id": 75198,
    "name": "TAMÁPATZ",
    "state": "SAN LUIS POTOSÍ",
    "state_iso2": "SLP",
    "country": "MEXICO",
    "country_iso2": "MX",
    "country_iso3": "MEX",
    "country_native": "MÉXICO"
  },
  {
    "id": 75202,
    "name": "TANCANHUITZ",
    "state": "SAN LUIS POTOSÍ",
    "state_iso2": "SLP",
    "country": "MEXICO",
    "country_iso2": "MX",
    "country_iso3": "MEX",
    "country_native": "MÉXICO"
  },
  {
    "id": 75206,
    "name": "TANDZUMADZ",
    "state": "SAN LUIS POTOSÍ",
    "state_iso2": "SLP",
    "country": "MEXICO",
    "country_iso2": "MX",
    "country_iso3": "MEX",
    "country_native": "MÉXICO"
  },
  {
    "id": 75217,
    "name": "TANQUIÁN DE ESCOBEDO",
    "state": "SAN LUIS POTOSÍ",
    "state_iso2": "SLP",
    "country": "MEXICO",
    "country_iso2": "MX",
    "country_iso3": "MEX",
    "country_native": "MÉXICO"
  },
  {
    "id": 75220,
    "name": "TANUTE",
    "state": "SAN LUIS POTOSÍ",
    "state_iso2": "SLP",
    "country": "MEXICO",
    "country_iso2": "MX",
    "country_iso3": "MEX",
    "country_native": "MÉXICO"
  },
  {
    "id": 75251,
    "name": "TAZAQUIL",
    "state": "SAN LUIS POTOSÍ",
    "state_iso2": "SLP",
    "country": "MEXICO",
    "country_iso2": "MX",
    "country_iso3": "MEX",
    "country_native": "MÉXICO"
  },
  {
    "id": 75324,
    "name": "TEMALACACO",
    "state": "SAN LUIS POTOSÍ",
    "state_iso2": "SLP",
    "country": "MEXICO",
    "country_iso2": "MX",
    "country_iso3": "MEX",
    "country_native": "MÉXICO"
  },
  {
    "id": 75363,
    "name": "TENEXIO",
    "state": "SAN LUIS POTOSÍ",
    "state_iso2": "SLP",
    "country": "MEXICO",
    "country_iso2": "MX",
    "country_iso3": "MEX",
    "country_native": "MÉXICO"
  },
  {
    "id": 75555,
    "name": "TIERRA NUEVA",
    "state": "SAN LUIS POTOSÍ",
    "state_iso2": "SLP",
    "country": "MEXICO",
    "country_iso2": "MX",
    "country_iso3": "MEX",
    "country_native": "MÉXICO"
  },
  {
    "id": 75623,
    "name": "TLACUILOLA",
    "state": "SAN LUIS POTOSÍ",
    "state_iso2": "SLP",
    "country": "MEXICO",
    "country_iso2": "MX",
    "country_iso3": "MEX",
    "country_native": "MÉXICO"
  },
  {
    "id": 75647,
    "name": "TLALNEPANTLA",
    "state": "SAN LUIS POTOSÍ",
    "state_iso2": "SLP",
    "country": "MEXICO",
    "country_iso2": "MX",
    "country_iso3": "MEX",
    "country_native": "MÉXICO"
  },
  {
    "id": 75716,
    "name": "TOCOY",
    "state": "SAN LUIS POTOSÍ",
    "state_iso2": "SLP",
    "country": "MEXICO",
    "country_iso2": "MX",
    "country_iso3": "MEX",
    "country_native": "MÉXICO"
  },
  {
    "id": 75936,
    "name": "VANEGAS",
    "state": "SAN LUIS POTOSÍ",
    "state_iso2": "SLP",
    "country": "MEXICO",
    "country_iso2": "MX",
    "country_iso3": "MEX",
    "country_native": "MÉXICO"
  },
  {
    "id": 76066,
    "name": "VILLA DE RAMOS",
    "state": "SAN LUIS POTOSÍ",
    "state_iso2": "SLP",
    "country": "MEXICO",
    "country_iso2": "MX",
    "country_iso3": "MEX",
    "country_native": "MÉXICO"
  },
  {
    "id": 76067,
    "name": "VILLA DE REYES",
    "state": "SAN LUIS POTOSÍ",
    "state_iso2": "SLP",
    "country": "MEXICO",
    "country_iso2": "MX",
    "country_iso3": "MEX",
    "country_native": "MÉXICO"
  },
  {
    "id": 76011,
    "name": "VILLA HIDALGO",
    "state": "SAN LUIS POTOSÍ",
    "state_iso2": "SLP",
    "country": "MEXICO",
    "country_iso2": "MX",
    "country_iso3": "MEX",
    "country_native": "MÉXICO"
  },
  {
    "id": 76058,
    "name": "VILLA ZARAGOZA",
    "state": "SAN LUIS POTOSÍ",
    "state_iso2": "SLP",
    "country": "MEXICO",
    "country_iso2": "MX",
    "country_iso3": "MEX",
    "country_native": "MÉXICO"
  },
  {
    "id": 76144,
    "name": "XILITLA",
    "state": "SAN LUIS POTOSÍ",
    "state_iso2": "SLP",
    "country": "MEXICO",
    "country_iso2": "MX",
    "country_iso3": "MEX",
    "country_native": "MÉXICO"
  },
  {
    "id": 76232,
    "name": "YERBABUENA",
    "state": "SAN LUIS POTOSÍ",
    "state_iso2": "SLP",
    "country": "MEXICO",
    "country_iso2": "MX",
    "country_iso3": "MEX",
    "country_native": "MÉXICO"
  },
  {
    "id": 76292,
    "name": "ZAMACHIHUE",
    "state": "SAN LUIS POTOSÍ",
    "state_iso2": "SLP",
    "country": "MEXICO",
    "country_iso2": "MX",
    "country_iso3": "MEX",
    "country_native": "MÉXICO"
  },
  {
    "id": 76314,
    "name": "ZAPUYO",
    "state": "SAN LUIS POTOSÍ",
    "state_iso2": "SLP",
    "country": "MEXICO",
    "country_iso2": "MX",
    "country_iso3": "MEX",
    "country_native": "MÉXICO"
  },
  {
    "id": 76407,
    "name": "ÉBANO",
    "state": "SAN LUIS POTOSÍ",
    "state_iso2": "SLP",
    "country": "MEXICO",
    "country_iso2": "MX",
    "country_iso3": "MEX",
    "country_native": "MÉXICO"
  }
]