[
  {
    "id": 10056,
    "name": "ABAETETUBA",
    "state": "PARÁ",
    "state_iso2": "PA",
    "country": "BRAZIL",
    "country_iso2": "BR",
    "country_iso3": "BRA",
    "country_native": "BRASIL"
  },
  {
    "id": 10063,
    "name": "ABEL FIGUEIREDO",
    "state": "PARÁ",
    "state_iso2": "PA",
    "country": "BRAZIL",
    "country_iso2": "BR",
    "country_iso3": "BRA",
    "country_native": "BRASIL"
  },
  {
    "id": 10073,
    "name": "ACARÁ",
    "state": "PARÁ",
    "state_iso2": "PA",
    "country": "BRAZIL",
    "country_iso2": "BR",
    "country_iso3": "BRA",
    "country_native": "BRASIL"
  },
  {
    "id": 10090,
    "name": "AFUÁ",
    "state": "PARÁ",
    "state_iso2": "PA",
    "country": "BRAZIL",
    "country_iso2": "BR",
    "country_iso3": "BRA",
    "country_native": "BRASIL"
  },
  {
    "id": 10127,
    "name": "ALENQUER",
    "state": "PARÁ",
    "state_iso2": "PA",
    "country": "BRAZIL",
    "country_iso2": "BR",
    "country_iso3": "BRA",
    "country_native": "BRASIL"
  },
  {
    "id": 10141,
    "name": "ALMEIRIM",
    "state": "PARÁ",
    "state_iso2": "PA",
    "country": "BRAZIL",
    "country_iso2": "BR",
    "country_iso3": "BRA",
    "country_native": "BRASIL"
  },
  {
    "id": 10153,
    "name": "ALTAMIRA",
    "state": "PARÁ",
    "state_iso2": "PA",
    "country": "BRAZIL",
    "country_iso2": "BR",
    "country_iso3": "BRA",
    "country_native": "BRASIL"
  },
  {
    "id": 10231,
    "name": "ANAJÁS",
    "state": "PARÁ",
    "state_iso2": "PA",
    "country": "BRAZIL",
    "country_iso2": "BR",
    "country_iso3": "BRA",
    "country_native": "BRASIL"
  },
  {
    "id": 10234,
    "name": "ANANINDEUA",
    "state": "PARÁ",
    "state_iso2": "PA",
    "country": "BRAZIL",
    "country_iso2": "BR",
    "country_iso3": "BRA",
    "country_native": "BRASIL"
  },
  {
    "id": 10236,
    "name": "ANAPU",
    "state": "PARÁ",
    "state_iso2": "PA",
    "country": "BRAZIL",
    "country_iso2": "BR",
    "country_iso3": "BRA",
    "country_native": "BRASIL"
  },
  {
    "id": 10443,
    "name": "AUGUSTO CORRÊA",
    "state": "PARÁ",
    "state_iso2": "PA",
    "country": "BRAZIL",
    "country_iso2": "BR",
    "country_iso3": "BRA",
    "country_native": "BRASIL"
  },
  {
    "id": 10452,
    "name": "AURORA DO PARÁ",
    "state": "PARÁ",
    "state_iso2": "PA",
    "country": "BRAZIL",
    "country_iso2": "BR",
    "country_iso3": "BRA",
    "country_native": "BRASIL"
  },
  {
    "id": 10458,
    "name": "AVEIRO",
    "state": "PARÁ",
    "state_iso2": "PA",
    "country": "BRAZIL",
    "country_iso2": "BR",
    "country_iso3": "BRA",
    "country_native": "BRASIL"
  },
  {
    "id": 10473,
    "name": "BAGRE",
    "state": "PARÁ",
    "state_iso2": "PA",
    "country": "BRAZIL",
    "country_iso2": "BR",
    "country_iso3": "BRA",
    "country_native": "BRASIL"
  },
  {
    "id": 10480,
    "name": "BAIÃO",
    "state": "PARÁ",
    "state_iso2": "PA",
    "country": "BRAZIL",
    "country_iso2": "BR",
    "country_iso3": "BRA",
    "country_native": "BRASIL"
  },
  {
    "id": 10503,
    "name": "BANNACH",
    "state": "PARÁ",
    "state_iso2": "PA",
    "country": "BRAZIL",
    "country_iso2": "BR",
    "country_iso3": "BRA",
    "country_native": "BRASIL"
  },
  {
    "id": 10511,
    "name": "BARCARENA",
    "state": "PARÁ",
    "state_iso2": "PA",
    "country": "BRAZIL",
    "country_iso2": "BR",
    "country_iso3": "BRA",
    "country_native": "BRASIL"
  },
  {
    "id": 10612,
    "name": "BELTERRA",
    "state": "PARÁ",
    "state_iso2": "PA",
    "country": "BRAZIL",
    "country_iso2": "BR",
    "country_iso3": "BRA",
    "country_native": "BRASIL"
  },
  {
    "id": 10615,
    "name": "BELÉM",
    "state": "PARÁ",
    "state_iso2": "PA",
    "country": "BRAZIL",
    "country_iso2": "BR",
    "country_iso3": "BRA",
    "country_native": "BRASIL"
  },
  {
    "id": 10625,
    "name": "BENEVIDES",
    "state": "PARÁ",
    "state_iso2": "PA",
    "country": "BRAZIL",
    "country_iso2": "BR",
    "country_iso3": "BRA",
    "country_native": "BRASIL"
  },
  {
    "id": 10716,
    "name": "BOM JESUS DO TOCANTINS",
    "state": "PARÁ",
    "state_iso2": "PA",
    "country": "BRAZIL",
    "country_iso2": "BR",
    "country_iso3": "BRA",
    "country_native": "BRASIL"
  },
  {
    "id": 10738,
    "name": "BONITO",
    "state": "PARÁ",
    "state_iso2": "PA",
    "country": "BRAZIL",
    "country_iso2": "BR",
    "country_iso3": "BRA",
    "country_native": "BRASIL"
  },
  {
    "id": 10765,
    "name": "BRAGANÇA",
    "state": "PARÁ",
    "state_iso2": "PA",
    "country": "BRAZIL",
    "country_iso2": "BR",
    "country_iso3": "BRA",
    "country_native": "BRASIL"
  },
  {
    "id": 10768,
    "name": "BRASIL NOVO",
    "state": "PARÁ",
    "state_iso2": "PA",
    "country": "BRAZIL",
    "country_iso2": "BR",
    "country_iso3": "BRA",
    "country_native": "BRASIL"
  },
  {
    "id": 10791,
    "name": "BREJO GRANDE DO ARAGUAIA",
    "state": "PARÁ",
    "state_iso2": "PA",
    "country": "BRAZIL",
    "country_iso2": "BR",
    "country_iso3": "BRA",
    "country_native": "BRASIL"
  },
  {
    "id": 10801,
    "name": "BREU BRANCO",
    "state": "PARÁ",
    "state_iso2": "PA",
    "country": "BRAZIL",
    "country_iso2": "BR",
    "country_iso3": "BRA",
    "country_native": "BRASIL"
  },
  {
    "id": 10802,
    "name": "BREVES",
    "state": "PARÁ",
    "state_iso2": "PA",
    "country": "BRAZIL",
    "country_iso2": "BR",
    "country_iso3": "BRA",
    "country_native": "BRASIL"
  },
  {
    "id": 10820,
    "name": "BUJARU",
    "state": "PARÁ",
    "state_iso2": "PA",
    "country": "BRAZIL",
    "country_iso2": "BR",
    "country_iso3": "BRA",
    "country_native": "BRASIL"
  },
  {
    "id": 10871,
    "name": "CACHOEIRA DO ARARI",
    "state": "PARÁ",
    "state_iso2": "PA",
    "country": "BRAZIL",
    "country_iso2": "BR",
    "country_iso3": "BRA",
    "country_native": "BRASIL"
  },
  {
    "id": 10872,
    "name": "CACHOEIRA DO PIRIÁ",
    "state": "PARÁ",
    "state_iso2": "PA",
    "country": "BRAZIL",
    "country_iso2": "BR",
    "country_iso3": "BRA",
    "country_native": "BRASIL"
  },
  {
    "id": 10952,
    "name": "CAMETÁ",
    "state": "PARÁ",
    "state_iso2": "PA",
    "country": "BRAZIL",
    "country_iso2": "BR",
    "country_iso3": "BRA",
    "country_native": "BRASIL"
  },
  {
    "id": 11031,
    "name": "CANAÃ DOS CARAJÁS",
    "state": "PARÁ",
    "state_iso2": "PA",
    "country": "BRAZIL",
    "country_iso2": "BR",
    "country_iso3": "BRA",
    "country_native": "BRASIL"
  },
  {
    "id": 11062,
    "name": "CAPANEMA",
    "state": "PARÁ",
    "state_iso2": "PA",
    "country": "BRAZIL",
    "country_iso2": "BR",
    "country_iso3": "BRA",
    "country_native": "BRASIL"
  },
  {
    "id": 11085,
    "name": "CAPITÃO POÇO",
    "state": "PARÁ",
    "state_iso2": "PA",
    "country": "BRAZIL",
    "country_iso2": "BR",
    "country_iso3": "BRA",
    "country_native": "BRASIL"
  },
  {
    "id": 11184,
    "name": "CASTANHAL",
    "state": "PARÁ",
    "state_iso2": "PA",
    "country": "BRAZIL",
    "country_iso2": "BR",
    "country_iso3": "BRA",
    "country_native": "BRASIL"
  },
  {
    "id": 11275,
    "name": "CHAVES",
    "state": "PARÁ",
    "state_iso2": "PA",
    "country": "BRAZIL",
    "country_iso2": "BR",
    "country_iso3": "BRA",
    "country_native": "BRASIL"
  },
  {
    "id": 11319,
    "name": "COLARES",
    "state": "PARÁ",
    "state_iso2": "PA",
    "country": "BRAZIL",
    "country_iso2": "BR",
    "country_iso3": "BRA",
    "country_native": "BRASIL"
  },
  {
    "id": 11354,
    "name": "CONCEIÇÃO DO ARAGUAIA",
    "state": "PARÁ",
    "state_iso2": "PA",
    "country": "BRAZIL",
    "country_iso2": "BR",
    "country_iso3": "BRA",
    "country_native": "BRASIL"
  },
  {
    "id": 11368,
    "name": "CONCÓRDIA DO PARÁ",
    "state": "PARÁ",
    "state_iso2": "PA",
    "country": "BRAZIL",
    "country_iso2": "BR",
    "country_iso3": "BRA",
    "country_native": "BRASIL"
  },
  {
    "id": 11514,
    "name": "CUMARU DO NORTE",
    "state": "PARÁ",
    "state_iso2": "PA",
    "country": "BRAZIL",
    "country_iso2": "BR",
    "country_iso3": "BRA",
    "country_native": "BRASIL"
  },
  {
    "id": 11523,
    "name": "CURIONÓPOLIS",
    "state": "PARÁ",
    "state_iso2": "PA",
    "country": "BRAZIL",
    "country_iso2": "BR",
    "country_iso3": "BRA",
    "country_native": "BRASIL"
  },
  {
    "id": 11533,
    "name": "CURRALINHO",
    "state": "PARÁ",
    "state_iso2": "PA",
    "country": "BRAZIL",
    "country_iso2": "BR",
    "country_iso3": "BRA",
    "country_native": "BRASIL"
  },
  {
    "id": 11536,
    "name": "CURUÁ",
    "state": "PARÁ",
    "state_iso2": "PA",
    "country": "BRAZIL",
    "country_iso2": "BR",
    "country_iso3": "BRA",
    "country_native": "BRASIL"
  },
  {
    "id": 11537,
    "name": "CURUÇÁ",
    "state": "PARÁ",
    "state_iso2": "PA",
    "country": "BRAZIL",
    "country_iso2": "BR",
    "country_iso3": "BRA",
    "country_native": "BRASIL"
  },
  {
    "id": 11626,
    "name": "DOM ELISEU",
    "state": "PARÁ",
    "state_iso2": "PA",
    "country": "BRAZIL",
    "country_iso2": "BR",
    "country_iso3": "BRA",
    "country_native": "BRASIL"
  },
  {
    "id": 11679,
    "name": "ELDORADO DO CARAJÁS",
    "state": "PARÁ",
    "state_iso2": "PA",
    "country": "BRAZIL",
    "country_iso2": "BR",
    "country_iso3": "BRA",
    "country_native": "BRASIL"
  },
  {
    "id": 11776,
    "name": "FARO",
    "state": "PARÁ",
    "state_iso2": "PA",
    "country": "BRAZIL",
    "country_iso2": "BR",
    "country_iso3": "BRA",
    "country_native": "BRASIL"
  },
  {
    "id": 11837,
    "name": "FLORESTA DO ARAGUAIA",
    "state": "PARÁ",
    "state_iso2": "PA",
    "country": "BRAZIL",
    "country_iso2": "BR",
    "country_iso3": "BRA",
    "country_native": "BRASIL"
  },
  {
    "id": 11923,
    "name": "GARRAFÃO DO NORTE",
    "state": "PARÁ",
    "state_iso2": "PA",
    "country": "BRAZIL",
    "country_iso2": "BR",
    "country_iso3": "BRA",
    "country_native": "BRASIL"
  },
  {
    "id": 11965,
    "name": "GOIANÉSIA DO PARÁ",
    "state": "PARÁ",
    "state_iso2": "PA",
    "country": "BRAZIL",
    "country_iso2": "BR",
    "country_iso3": "BRA",
    "country_native": "BRASIL"
  },
  {
    "id": 12089,
    "name": "GURUPÁ",
    "state": "PARÁ",
    "state_iso2": "PA",
    "country": "BRAZIL",
    "country_iso2": "BR",
    "country_iso3": "BRA",
    "country_native": "BRASIL"
  },
  {
    "id": 12182,
    "name": "IGARAPÉ AÇU",
    "state": "PARÁ",
    "state_iso2": "PA",
    "country": "BRAZIL",
    "country_iso2": "BR",
    "country_iso3": "BRA",
    "country_native": "BRASIL"
  },
  {
    "id": 12184,
    "name": "IGARAPÉ MIRI",
    "state": "PARÁ",
    "state_iso2": "PA",
    "country": "BRAZIL",
    "country_iso2": "BR",
    "country_iso3": "BRA",
    "country_native": "BRASIL"
  },
  {
    "id": 12248,
    "name": "INHANGAPI",
    "state": "PARÁ",
    "state_iso2": "PA",
    "country": "BRAZIL",
    "country_iso2": "BR",
    "country_iso3": "BRA",
    "country_native": "BRASIL"
  },
  {
    "id": 12282,
    "name": "IPIXUNA DO PARÁ",
    "state": "PARÁ",
    "state_iso2": "PA",
    "country": "BRAZIL",
    "country_iso2": "BR",
    "country_iso3": "BRA",
    "country_native": "BRASIL"
  },
  {
    "id": 12320,
    "name": "IRITUIA",
    "state": "PARÁ",
    "state_iso2": "PA",
    "country": "BRAZIL",
    "country_iso2": "BR",
    "country_iso3": "BRA",
    "country_native": "BRASIL"
  },
  {
    "id": 12363,
    "name": "ITAITUBA",
    "state": "PARÁ",
    "state_iso2": "PA",
    "country": "BRAZIL",
    "country_iso2": "BR",
    "country_iso3": "BRA",
    "country_native": "BRASIL"
  },
  {
    "id": 12490,
    "name": "ITUPIRANGA",
    "state": "PARÁ",
    "state_iso2": "PA",
    "country": "BRAZIL",
    "country_iso2": "BR",
    "country_iso3": "BRA",
    "country_native": "BRASIL"
  },
  {
    "id": 12519,
    "name": "JACAREACANGA",
    "state": "PARÁ",
    "state_iso2": "PA",
    "country": "BRAZIL",
    "country_iso2": "BR",
    "country_iso3": "BRA",
    "country_native": "BRASIL"
  },
  {
    "id": 12530,
    "name": "JACUNDÁ",
    "state": "PARÁ",
    "state_iso2": "PA",
    "country": "BRAZIL",
    "country_iso2": "BR",
    "country_iso3": "BRA",
    "country_native": "BRASIL"
  },
  {
    "id": 12702,
    "name": "JURUTI",
    "state": "PARÁ",
    "state_iso2": "PA",
    "country": "BRAZIL",
    "country_iso2": "BR",
    "country_iso3": "BRA",
    "country_native": "BRASIL"
  },
  {
    "id": 12833,
    "name": "LIMOEIRO DO AJURU",
    "state": "PARÁ",
    "state_iso2": "PA",
    "country": "BRAZIL",
    "country_iso2": "BR",
    "country_iso3": "BRA",
    "country_native": "BRASIL"
  },
  {
    "id": 12911,
    "name": "MAGALHÃES BARATA",
    "state": "PARÁ",
    "state_iso2": "PA",
    "country": "BRAZIL",
    "country_iso2": "BR",
    "country_iso3": "BRA",
    "country_native": "BRASIL"
  },
  {
    "id": 12964,
    "name": "MARABÁ",
    "state": "PARÁ",
    "state_iso2": "PA",
    "country": "BRAZIL",
    "country_iso2": "BR",
    "country_iso3": "BRA",
    "country_native": "BRASIL"
  },
  {
    "id": 12969,
    "name": "MARACANÃ",
    "state": "PARÁ",
    "state_iso2": "PA",
    "country": "BRAZIL",
    "country_iso2": "BR",
    "country_iso3": "BRA",
    "country_native": "BRASIL"
  },
  {
    "id": 12979,
    "name": "MARAPANIM",
    "state": "PARÁ",
    "state_iso2": "PA",
    "country": "BRAZIL",
    "country_iso2": "BR",
    "country_iso3": "BRA",
    "country_native": "BRASIL"
  },
  {
    "id": 13022,
    "name": "MARITUBA",
    "state": "PARÁ",
    "state_iso2": "PA",
    "country": "BRAZIL",
    "country_iso2": "BR",
    "country_iso3": "BRA",
    "country_native": "BRASIL"
  },
  {
    "id": 13093,
    "name": "MEDICILÂNDIA",
    "state": "PARÁ",
    "state_iso2": "PA",
    "country": "BRAZIL",
    "country_iso2": "BR",
    "country_iso3": "BRA",
    "country_native": "BRASIL"
  },
  {
    "id": 13096,
    "name": "MELGAÇO",
    "state": "PARÁ",
    "state_iso2": "PA",
    "country": "BRAZIL",
    "country_iso2": "BR",
    "country_iso3": "BRA",
    "country_native": "BRASIL"
  },
  {
    "id": 13159,
    "name": "MOCAJUBA",
    "state": "PARÁ",
    "state_iso2": "PA",
    "country": "BRAZIL",
    "country_iso2": "BR",
    "country_iso3": "BRA",
    "country_native": "BRASIL"
  },
  {
    "id": 13170,
    "name": "MOJU",
    "state": "PARÁ",
    "state_iso2": "PA",
    "country": "BRAZIL",
    "country_iso2": "BR",
    "country_iso3": "BRA",
    "country_native": "BRASIL"
  },
  {
    "id": 13171,
    "name": "MOJUÍ DOS CAMPOS",
    "state": "PARÁ",
    "state_iso2": "PA",
    "country": "BRAZIL",
    "country_iso2": "BR",
    "country_iso3": "BRA",
    "country_native": "BRASIL"
  },
  {
    "id": 13187,
    "name": "MONTE ALEGRE",
    "state": "PARÁ",
    "state_iso2": "PA",
    "country": "BRAZIL",
    "country_iso2": "BR",
    "country_iso3": "BRA",
    "country_native": "BRASIL"
  },
  {
    "id": 13259,
    "name": "MUANÁ",
    "state": "PARÁ",
    "state_iso2": "PA",
    "country": "BRAZIL",
    "country_iso2": "BR",
    "country_iso3": "BRA",
    "country_native": "BRASIL"
  },
  {
    "id": 13293,
    "name": "MÃE DO RIO",
    "state": "PARÁ",
    "state_iso2": "PA",
    "country": "BRAZIL",
    "country_iso2": "BR",
    "country_iso3": "BRA",
    "country_native": "BRASIL"
  },
  {
    "id": 13375,
    "name": "NOVA ESPERANÇA DO PIRIÁ",
    "state": "PARÁ",
    "state_iso2": "PA",
    "country": "BRAZIL",
    "country_iso2": "BR",
    "country_iso3": "BRA",
    "country_native": "BRASIL"
  },
  {
    "id": 13393,
    "name": "NOVA IPIXUNA",
    "state": "PARÁ",
    "state_iso2": "PA",
    "country": "BRAZIL",
    "country_iso2": "BR",
    "country_iso3": "BRA",
    "country_native": "BRASIL"
  },
  {
    "id": 13439,
    "name": "NOVA TIMBOTEUA",
    "state": "PARÁ",
    "state_iso2": "PA",
    "country": "BRAZIL",
    "country_iso2": "BR",
    "country_iso3": "BRA",
    "country_native": "BRASIL"
  },
  {
    "id": 13475,
    "name": "NOVO PROGRESSO",
    "state": "PARÁ",
    "state_iso2": "PA",
    "country": "BRAZIL",
    "country_iso2": "BR",
    "country_iso3": "BRA",
    "country_native": "BRASIL"
  },
  {
    "id": 13476,
    "name": "NOVO REPARTIMENTO",
    "state": "PARÁ",
    "state_iso2": "PA",
    "country": "BRAZIL",
    "country_iso2": "BR",
    "country_iso3": "BRA",
    "country_native": "BRASIL"
  },
  {
    "id": 13491,
    "name": "OEIRAS DO PARÁ",
    "state": "PARÁ",
    "state_iso2": "PA",
    "country": "BRAZIL",
    "country_iso2": "BR",
    "country_iso3": "BRA",
    "country_native": "BRASIL"
  },
  {
    "id": 13518,
    "name": "ORIXIMINÁ",
    "state": "PARÁ",
    "state_iso2": "PA",
    "country": "BRAZIL",
    "country_iso2": "BR",
    "country_iso3": "BRA",
    "country_native": "BRASIL"
  },
  {
    "id": 13533,
    "name": "OURILÂNDIA DO NORTE",
    "state": "PARÁ",
    "state_iso2": "PA",
    "country": "BRAZIL",
    "country_iso2": "BR",
    "country_iso3": "BRA",
    "country_native": "BRASIL"
  },
  {
    "id": 13552,
    "name": "OURÉM",
    "state": "PARÁ",
    "state_iso2": "PA",
    "country": "BRAZIL",
    "country_iso2": "BR",
    "country_iso3": "BRA",
    "country_native": "BRASIL"
  },
  {
    "id": 13556,
    "name": "PACAJÁ",
    "state": "PARÁ",
    "state_iso2": "PA",
    "country": "BRAZIL",
    "country_iso2": "BR",
    "country_iso3": "BRA",
    "country_native": "BRASIL"
  },
  {
    "id": 13578,
    "name": "PALESTINA DO PARÁ",
    "state": "PARÁ",
    "state_iso2": "PA",
    "country": "BRAZIL",
    "country_iso2": "BR",
    "country_iso3": "BRA",
    "country_native": "BRASIL"
  },
  {
    "id": 13626,
    "name": "PARAGOMINAS",
    "state": "PARÁ",
    "state_iso2": "PA",
    "country": "BRAZIL",
    "country_iso2": "BR",
    "country_iso3": "BRA",
    "country_native": "BRASIL"
  },
  {
    "id": 13655,
    "name": "PARAUAPEBAS",
    "state": "PARÁ",
    "state_iso2": "PA",
    "country": "BRAZIL",
    "country_iso2": "BR",
    "country_iso3": "BRA",
    "country_native": "BRASIL"
  },
  {
    "id": 13717,
    "name": "PAU D'ARCO",
    "state": "PARÁ",
    "state_iso2": "PA",
    "country": "BRAZIL",
    "country_iso2": "BR",
    "country_iso3": "BRA",
    "country_native": "BRASIL"
  },
  {
    "id": 13788,
    "name": "PEIXE-BOI",
    "state": "PARÁ",
    "state_iso2": "PA",
    "country": "BRAZIL",
    "country_iso2": "BR",
    "country_iso3": "BRA",
    "country_native": "BRASIL"
  },
  {
    "id": 13929,
    "name": "PIÇARRA",
    "state": "PARÁ",
    "state_iso2": "PA",
    "country": "BRAZIL",
    "country_iso2": "BR",
    "country_iso3": "BRA",
    "country_native": "BRASIL"
  },
  {
    "id": 13932,
    "name": "PLACAS",
    "state": "PARÁ",
    "state_iso2": "PA",
    "country": "BRAZIL",
    "country_iso2": "BR",
    "country_iso3": "BRA",
    "country_native": "BRASIL"
  },
  {
    "id": 13959,
    "name": "PONTA DE PEDRAS",
    "state": "PARÁ",
    "state_iso2": "PA",
    "country": "BRAZIL",
    "country_iso2": "BR",
    "country_iso3": "BRA",
    "country_native": "BRASIL"
  },
  {
    "id": 13990,
    "name": "PORTEL",
    "state": "PARÁ",
    "state_iso2": "PA",
    "country": "BRAZIL",
    "country_iso2": "BR",
    "country_iso3": "BRA",
    "country_native": "BRASIL"
  },
  {
    "id": 14025,
    "name": "PORTO DE MOZ",
    "state": "PARÁ",
    "state_iso2": "PA",
    "country": "BRAZIL",
    "country_iso2": "BR",
    "country_iso3": "BRA",
    "country_native": "BRASIL"
  },
  {
    "id": 14066,
    "name": "PRAINHA",
    "state": "PARÁ",
    "state_iso2": "PA",
    "country": "BRAZIL",
    "country_iso2": "BR",
    "country_iso3": "BRA",
    "country_native": "BRASIL"
  },
  {
    "id": 14100,
    "name": "PRIMAVERA",
    "state": "PARÁ",
    "state_iso2": "PA",
    "country": "BRAZIL",
    "country_iso2": "BR",
    "country_iso3": "BRA",
    "country_native": "BRASIL"
  },
  {
    "id": 14130,
    "name": "QUATIPURU",
    "state": "PARÁ",
    "state_iso2": "PA",
    "country": "BRAZIL",
    "country_iso2": "BR",
    "country_iso3": "BRA",
    "country_native": "BRASIL"
  },
  {
    "id": 14184,
    "name": "REDENÇÃO",
    "state": "PARÁ",
    "state_iso2": "PA",
    "country": "BRAZIL",
    "country_iso2": "BR",
    "country_iso3": "BRA",
    "country_native": "BRASIL"
  },
  {
    "id": 14281,
    "name": "RIO MARIA",
    "state": "PARÁ",
    "state_iso2": "PA",
    "country": "BRAZIL",
    "country_iso2": "BR",
    "country_iso3": "BRA",
    "country_native": "BRASIL"
  },
  {
    "id": 14345,
    "name": "RONDON DO PARÁ",
    "state": "PARÁ",
    "state_iso2": "PA",
    "country": "BRAZIL",
    "country_iso2": "BR",
    "country_iso3": "BRA",
    "country_native": "BRASIL"
  },
  {
    "id": 14362,
    "name": "RURÓPOLIS",
    "state": "PARÁ",
    "state_iso2": "PA",
    "country": "BRAZIL",
    "country_iso2": "BR",
    "country_iso3": "BRA",
    "country_native": "BRASIL"
  },
  {
    "id": 14389,
    "name": "SALINÓPOLIS",
    "state": "PARÁ",
    "state_iso2": "PA",
    "country": "BRAZIL",
    "country_iso2": "BR",
    "country_iso3": "BRA",
    "country_native": "BRASIL"
  },
  {
    "id": 14407,
    "name": "SALVATERRA",
    "state": "PARÁ",
    "state_iso2": "PA",
    "country": "BRAZIL",
    "country_iso2": "BR",
    "country_iso3": "BRA",
    "country_native": "BRASIL"
  },
  {
    "id": 14428,
    "name": "SANTA BÁRBARA DO PARÁ",
    "state": "PARÁ",
    "state_iso2": "PA",
    "country": "BRAZIL",
    "country_iso2": "BR",
    "country_iso3": "BRA",
    "country_native": "BRASIL"
  },
  {
    "id": 14451,
    "name": "SANTA CRUZ DO ARARI",
    "state": "PARÁ",
    "state_iso2": "PA",
    "country": "BRAZIL",
    "country_iso2": "BR",
    "country_iso3": "BRA",
    "country_native": "BRASIL"
  },
  {
    "id": 14485,
    "name": "SANTA ISABEL DO PARÁ",
    "state": "PARÁ",
    "state_iso2": "PA",
    "country": "BRAZIL",
    "country_iso2": "BR",
    "country_iso3": "BRA",
    "country_native": "BRASIL"
  },
  {
    "id": 14497,
    "name": "SANTA LUZIA DO PARÁ",
    "state": "PARÁ",
    "state_iso2": "PA",
    "country": "BRAZIL",
    "country_iso2": "BR",
    "country_iso3": "BRA",
    "country_native": "BRASIL"
  },
  {
    "id": 14508,
    "name": "SANTA MARIA DAS BARREIRAS",
    "state": "PARÁ",
    "state_iso2": "PA",
    "country": "BRAZIL",
    "country_iso2": "BR",
    "country_iso3": "BRA",
    "country_native": "BRASIL"
  },
  {
    "id": 14514,
    "name": "SANTA MARIA DO PARÁ",
    "state": "PARÁ",
    "state_iso2": "PA",
    "country": "BRAZIL",
    "country_iso2": "BR",
    "country_iso3": "BRA",
    "country_native": "BRASIL"
  },
  {
    "id": 14578,
    "name": "SANTANA DO ARAGUAIA",
    "state": "PARÁ",
    "state_iso2": "PA",
    "country": "BRAZIL",
    "country_iso2": "BR",
    "country_iso3": "BRA",
    "country_native": "BRASIL"
  },
  {
    "id": 14598,
    "name": "SANTARÉM",
    "state": "PARÁ",
    "state_iso2": "PA",
    "country": "BRAZIL",
    "country_iso2": "BR",
    "country_iso3": "BRA",
    "country_native": "BRASIL"
  },
  {
    "id": 14599,
    "name": "SANTARÉM NOVO",
    "state": "PARÁ",
    "state_iso2": "PA",
    "country": "BRAZIL",
    "country_iso2": "BR",
    "country_iso3": "BRA",
    "country_native": "BRASIL"
  },
  {
    "id": 14641,
    "name": "SANTO ANTÔNIO DO TAUÁ",
    "state": "PARÁ",
    "state_iso2": "PA",
    "country": "BRAZIL",
    "country_iso2": "BR",
    "country_iso3": "BRA",
    "country_native": "BRASIL"
  },
  {
    "id": 14661,
    "name": "SAPUCAIA",
    "state": "PARÁ",
    "state_iso2": "PA",
    "country": "BRAZIL",
    "country_iso2": "BR",
    "country_iso3": "BRA",
    "country_native": "BRASIL"
  },
  {
    "id": 14702,
    "name": "SENADOR JOSÉ PORFÍRIO",
    "state": "PARÁ",
    "state_iso2": "PA",
    "country": "BRAZIL",
    "country_iso2": "BR",
    "country_iso3": "BRA",
    "country_native": "BRASIL"
  },
  {
    "id": 14814,
    "name": "SOURE",
    "state": "PARÁ",
    "state_iso2": "PA",
    "country": "BRAZIL",
    "country_iso2": "BR",
    "country_iso3": "BRA",
    "country_native": "BRASIL"
  },
  {
    "id": 14852,
    "name": "SÃO CAETANO DE ODIVELAS",
    "state": "PARÁ",
    "state_iso2": "PA",
    "country": "BRAZIL",
    "country_iso2": "BR",
    "country_iso3": "BRA",
    "country_native": "BRASIL"
  },
  {
    "id": 14867,
    "name": "SÃO DOMINGOS DO ARAGUAIA",
    "state": "PARÁ",
    "state_iso2": "PA",
    "country": "BRAZIL",
    "country_iso2": "BR",
    "country_iso3": "BRA",
    "country_native": "BRASIL"
  },
  {
    "id": 14869,
    "name": "SÃO DOMINGOS DO CAPIM",
    "state": "PARÁ",
    "state_iso2": "PA",
    "country": "BRAZIL",
    "country_iso2": "BR",
    "country_iso3": "BRA",
    "country_native": "BRASIL"
  },
  {
    "id": 14896,
    "name": "SÃO FRANCISCO DO PARÁ",
    "state": "PARÁ",
    "state_iso2": "PA",
    "country": "BRAZIL",
    "country_iso2": "BR",
    "country_iso3": "BRA",
    "country_native": "BRASIL"
  },
  {
    "id": 14906,
    "name": "SÃO FÉLIX DO XINGU",
    "state": "PARÁ",
    "state_iso2": "PA",
    "country": "BRAZIL",
    "country_iso2": "BR",
    "country_iso3": "BRA",
    "country_native": "BRASIL"
  },
  {
    "id": 14914,
    "name": "SÃO GERALDO DO ARAGUAIA",
    "state": "PARÁ",
    "state_iso2": "PA",
    "country": "BRAZIL",
    "country_iso2": "BR",
    "country_iso3": "BRA",
    "country_native": "BRASIL"
  },
  {
    "id": 15013,
    "name": "SÃO JOÃO DA PONTA",
    "state": "PARÁ",
    "state_iso2": "PA",
    "country": "BRAZIL",
    "country_iso2": "BR",
    "country_iso3": "BRA",
    "country_native": "BRASIL"
  },
  {
    "id": 15022,
    "name": "SÃO JOÃO DE PIRABAS",
    "state": "PARÁ",
    "state_iso2": "PA",
    "country": "BRAZIL",
    "country_iso2": "BR",
    "country_iso3": "BRA",
    "country_native": "BRASIL"
  },
  {
    "id": 15024,
    "name": "SÃO JOÃO DO ARAGUAIA",
    "state": "PARÁ",
    "state_iso2": "PA",
    "country": "BRAZIL",
    "country_iso2": "BR",
    "country_iso3": "BRA",
    "country_native": "BRASIL"
  },
  {
    "id": 15090,
    "name": "SÃO MIGUEL DO GUAMÁ",
    "state": "PARÁ",
    "state_iso2": "PA",
    "country": "BRAZIL",
    "country_iso2": "BR",
    "country_iso3": "BRA",
    "country_native": "BRASIL"
  },
  {
    "id": 15139,
    "name": "SÃO SEBASTIÃO DA BOA VISTA",
    "state": "PARÁ",
    "state_iso2": "PA",
    "country": "BRAZIL",
    "country_iso2": "BR",
    "country_iso3": "BRA",
    "country_native": "BRASIL"
  },
  {
    "id": 15201,
    "name": "TAILÂNDIA",
    "state": "PARÁ",
    "state_iso2": "PA",
    "country": "BRAZIL",
    "country_iso2": "BR",
    "country_iso3": "BRA",
    "country_native": "BRASIL"
  },
  {
    "id": 15289,
    "name": "TERRA ALTA",
    "state": "PARÁ",
    "state_iso2": "PA",
    "country": "BRAZIL",
    "country_iso2": "BR",
    "country_iso3": "BRA",
    "country_native": "BRASIL"
  },
  {
    "id": 15297,
    "name": "TERRA SANTA",
    "state": "PARÁ",
    "state_iso2": "PA",
    "country": "BRAZIL",
    "country_iso2": "BR",
    "country_iso3": "BRA",
    "country_native": "BRASIL"
  },
  {
    "id": 15334,
    "name": "TOMÉ AÇU",
    "state": "PARÁ",
    "state_iso2": "PA",
    "country": "BRAZIL",
    "country_iso2": "BR",
    "country_iso3": "BRA",
    "country_native": "BRASIL"
  },
  {
    "id": 15345,
    "name": "TRACUATEUA",
    "state": "PARÁ",
    "state_iso2": "PA",
    "country": "BRAZIL",
    "country_iso2": "BR",
    "country_iso3": "BRA",
    "country_native": "BRASIL"
  },
  {
    "id": 15349,
    "name": "TRAIRÃO",
    "state": "PARÁ",
    "state_iso2": "PA",
    "country": "BRAZIL",
    "country_iso2": "BR",
    "country_iso3": "BRA",
    "country_native": "BRASIL"
  },
  {
    "id": 15387,
    "name": "TUCUMÃ",
    "state": "PARÁ",
    "state_iso2": "PA",
    "country": "BRAZIL",
    "country_iso2": "BR",
    "country_iso3": "BRA",
    "country_native": "BRASIL"
  },
  {
    "id": 15389,
    "name": "TUCURUÍ",
    "state": "PARÁ",
    "state_iso2": "PA",
    "country": "BRAZIL",
    "country_iso2": "BR",
    "country_iso3": "BRA",
    "country_native": "BRASIL"
  },
  {
    "id": 15443,
    "name": "ULIANÓPOLIS",
    "state": "PARÁ",
    "state_iso2": "PA",
    "country": "BRAZIL",
    "country_iso2": "BR",
    "country_iso3": "BRA",
    "country_native": "BRASIL"
  },
  {
    "id": 15471,
    "name": "URUARÁ",
    "state": "PARÁ",
    "state_iso2": "PA",
    "country": "BRAZIL",
    "country_iso2": "BR",
    "country_iso3": "BRA",
    "country_native": "BRASIL"
  },
  {
    "id": 15564,
    "name": "VIGIA",
    "state": "PARÁ",
    "state_iso2": "PA",
    "country": "BRAZIL",
    "country_iso2": "BR",
    "country_iso3": "BRA",
    "country_native": "BRASIL"
  },
  {
    "id": 15588,
    "name": "VISEU",
    "state": "PARÁ",
    "state_iso2": "PA",
    "country": "BRAZIL",
    "country_iso2": "BR",
    "country_iso3": "BRA",
    "country_native": "BRASIL"
  },
  {
    "id": 15604,
    "name": "VITÓRIA DO XINGU",
    "state": "PARÁ",
    "state_iso2": "PA",
    "country": "BRAZIL",
    "country_iso2": "BR",
    "country_iso3": "BRA",
    "country_native": "BRASIL"
  },
  {
    "id": 15641,
    "name": "XINGUARA",
    "state": "PARÁ",
    "state_iso2": "PA",
    "country": "BRAZIL",
    "country_iso2": "BR",
    "country_iso3": "BRA",
    "country_native": "BRASIL"
  },
  {
    "id": 15648,
    "name": "ÁGUA AZUL DO NORTE",
    "state": "PARÁ",
    "state_iso2": "PA",
    "country": "BRAZIL",
    "country_iso2": "BR",
    "country_iso3": "BRA",
    "country_native": "BRASIL"
  },
  {
    "id": 15683,
    "name": "ÓBIDOS",
    "state": "PARÁ",
    "state_iso2": "PA",
    "country": "BRAZIL",
    "country_iso2": "BR",
    "country_iso3": "BRA",
    "country_native": "BRASIL"
  }
]