[
  {
    "id": 10072,
    "name": "ACARI",
    "state": "RIO GRANDE DO NORTE",
    "state_iso2": "RN",
    "country": "BRAZIL",
    "country_iso2": "BR",
    "country_iso3": "BRA",
    "country_native": "BRASIL"
  },
  {
    "id": 10086,
    "name": "AFONSO BEZERRA",
    "state": "RIO GRANDE DO NORTE",
    "state_iso2": "RN",
    "country": "BRAZIL",
    "country_iso2": "BR",
    "country_iso3": "BRA",
    "country_native": "BRASIL"
  },
  {
    "id": 10128,
    "name": "ALEXANDRIA",
    "state": "RIO GRANDE DO NORTE",
    "state_iso2": "RN",
    "country": "BRAZIL",
    "country_iso2": "BR",
    "country_iso3": "BRA",
    "country_native": "BRASIL"
  },
  {
    "id": 10143,
    "name": "ALMINO AFONSO",
    "state": "RIO GRANDE DO NORTE",
    "state_iso2": "RN",
    "country": "BRAZIL",
    "country_iso2": "BR",
    "country_iso3": "BRA",
    "country_native": "BRASIL"
  },
  {
    "id": 10185,
    "name": "ALTO DO RODRIGUES",
    "state": "RIO GRANDE DO NORTE",
    "state_iso2": "RN",
    "country": "BRAZIL",
    "country_iso2": "BR",
    "country_iso3": "BRA",
    "country_native": "BRASIL"
  },
  {
    "id": 10256,
    "name": "ANGICOS",
    "state": "RIO GRANDE DO NORTE",
    "state_iso2": "RN",
    "country": "BRAZIL",
    "country_iso2": "BR",
    "country_iso3": "BRA",
    "country_native": "BRASIL"
  },
  {
    "id": 10278,
    "name": "ANTÔNIO MARTINS",
    "state": "RIO GRANDE DO NORTE",
    "state_iso2": "RN",
    "country": "BRAZIL",
    "country_iso2": "BR",
    "country_iso3": "BRA",
    "country_native": "BRASIL"
  },
  {
    "id": 10297,
    "name": "APODI",
    "state": "RIO GRANDE DO NORTE",
    "state_iso2": "RN",
    "country": "BRAZIL",
    "country_iso2": "BR",
    "country_iso3": "BRA",
    "country_native": "BRASIL"
  },
  {
    "id": 10384,
    "name": "AREIA BRANCA",
    "state": "RIO GRANDE DO NORTE",
    "state_iso2": "RN",
    "country": "BRAZIL",
    "country_iso2": "BR",
    "country_iso3": "BRA",
    "country_native": "BRASIL"
  },
  {
    "id": 10422,
    "name": "ARÊS",
    "state": "RIO GRANDE DO NORTE",
    "state_iso2": "RN",
    "country": "BRAZIL",
    "country_iso2": "BR",
    "country_iso3": "BRA",
    "country_native": "BRASIL"
  },
  {
    "id": 10445,
    "name": "AUGUSTO SEVERO",
    "state": "RIO GRANDE DO NORTE",
    "state_iso2": "RN",
    "country": "BRAZIL",
    "country_iso2": "BR",
    "country_iso3": "BRA",
    "country_native": "BRASIL"
  },
  {
    "id": 10464,
    "name": "AÇU",
    "state": "RIO GRANDE DO NORTE",
    "state_iso2": "RN",
    "country": "BRAZIL",
    "country_iso2": "BR",
    "country_iso3": "BRA",
    "country_native": "BRASIL"
  },
  {
    "id": 10506,
    "name": "BARAÚNA",
    "state": "RIO GRANDE DO NORTE",
    "state_iso2": "RN",
    "country": "BRAZIL",
    "country_iso2": "BR",
    "country_iso3": "BRA",
    "country_native": "BRASIL"
  },
  {
    "id": 10512,
    "name": "BARCELONA",
    "state": "RIO GRANDE DO NORTE",
    "state_iso2": "RN",
    "country": "BRAZIL",
    "country_iso2": "BR",
    "country_iso3": "BRA",
    "country_native": "BRASIL"
  },
  {
    "id": 10588,
    "name": "BAÍA FORMOSA",
    "state": "RIO GRANDE DO NORTE",
    "state_iso2": "RN",
    "country": "BRAZIL",
    "country_iso2": "BR",
    "country_iso3": "BRA",
    "country_native": "BRASIL"
  },
  {
    "id": 10628,
    "name": "BENTO FERNANDES",
    "state": "RIO GRANDE DO NORTE",
    "state_iso2": "RN",
    "country": "BRAZIL",
    "country_iso2": "BR",
    "country_iso3": "BRA",
    "country_native": "BRASIL"
  },
  {
    "id": 12565,
    "name": "BOA SAÚDE",
    "state": "RIO GRANDE DO NORTE",
    "state_iso2": "RN",
    "country": "BRAZIL",
    "country_iso2": "BR",
    "country_iso3": "BRA",
    "country_native": "BRASIL"
  },
  {
    "id": 10687,
    "name": "BODÓ",
    "state": "RIO GRANDE DO NORTE",
    "state_iso2": "RN",
    "country": "BRAZIL",
    "country_iso2": "BR",
    "country_iso3": "BRA",
    "country_native": "BRASIL"
  },
  {
    "id": 10699,
    "name": "BOM JESUS",
    "state": "RIO GRANDE DO NORTE",
    "state_iso2": "RN",
    "country": "BRAZIL",
    "country_iso2": "BR",
    "country_iso3": "BRA",
    "country_native": "BRASIL"
  },
  {
    "id": 10785,
    "name": "BREJINHO",
    "state": "RIO GRANDE DO NORTE",
    "state_iso2": "RN",
    "country": "BRAZIL",
    "country_iso2": "BR",
    "country_iso3": "BRA",
    "country_native": "BRASIL"
  },
  {
    "id": 10903,
    "name": "CAICÓ",
    "state": "RIO GRANDE DO NORTE",
    "state_iso2": "RN",
    "country": "BRAZIL",
    "country_iso2": "BR",
    "country_iso3": "BRA",
    "country_native": "BRASIL"
  },
  {
    "id": 10909,
    "name": "CAIÇARA DO NORTE",
    "state": "RIO GRANDE DO NORTE",
    "state_iso2": "RN",
    "country": "BRAZIL",
    "country_iso2": "BR",
    "country_iso3": "BRA",
    "country_native": "BRASIL"
  },
  {
    "id": 10910,
    "name": "CAIÇARA DO RIO DO VENTO",
    "state": "RIO GRANDE DO NORTE",
    "state_iso2": "RN",
    "country": "BRAZIL",
    "country_iso2": "BR",
    "country_iso3": "BRA",
    "country_native": "BRASIL"
  },
  {
    "id": 11981,
    "name": "CAMPO GRANDE",
    "state": "RIO GRANDE DO NORTE",
    "state_iso2": "RN",
    "country": "BRAZIL",
    "country_iso2": "BR",
    "country_iso3": "BRA",
    "country_native": "BRASIL"
  },
  {
    "id": 11002,
    "name": "CAMPO REDONDO",
    "state": "RIO GRANDE DO NORTE",
    "state_iso2": "RN",
    "country": "BRAZIL",
    "country_iso2": "BR",
    "country_iso3": "BRA",
    "country_native": "BRASIL"
  },
  {
    "id": 11042,
    "name": "CANGUARETAMA",
    "state": "RIO GRANDE DO NORTE",
    "state_iso2": "RN",
    "country": "BRAZIL",
    "country_iso2": "BR",
    "country_iso3": "BRA",
    "country_native": "BRASIL"
  },
  {
    "id": 11117,
    "name": "CARAÚBAS",
    "state": "RIO GRANDE DO NORTE",
    "state_iso2": "RN",
    "country": "BRAZIL",
    "country_iso2": "BR",
    "country_iso3": "BRA",
    "country_native": "BRASIL"
  },
  {
    "id": 11154,
    "name": "CARNAUBAIS",
    "state": "RIO GRANDE DO NORTE",
    "state_iso2": "RN",
    "country": "BRAZIL",
    "country_iso2": "BR",
    "country_iso3": "BRA",
    "country_native": "BRASIL"
  },
  {
    "id": 11158,
    "name": "CARNAÚBA DOS DANTAS",
    "state": "RIO GRANDE DO NORTE",
    "state_iso2": "RN",
    "country": "BRAZIL",
    "country_iso2": "BR",
    "country_iso3": "BRA",
    "country_native": "BRASIL"
  },
  {
    "id": 11226,
    "name": "CEARÁ MIRIM",
    "state": "RIO GRANDE DO NORTE",
    "state_iso2": "RN",
    "country": "BRAZIL",
    "country_iso2": "BR",
    "country_iso3": "BRA",
    "country_native": "BRASIL"
  },
  {
    "id": 11251,
    "name": "CERRO CORÁ",
    "state": "RIO GRANDE DO NORTE",
    "state_iso2": "RN",
    "country": "BRAZIL",
    "country_iso2": "BR",
    "country_iso3": "BRA",
    "country_native": "BRASIL"
  },
  {
    "id": 11418,
    "name": "CORONEL EZEQUIEL",
    "state": "RIO GRANDE DO NORTE",
    "state_iso2": "RN",
    "country": "BRAZIL",
    "country_iso2": "BR",
    "country_iso3": "BRA",
    "country_native": "BRASIL"
  },
  {
    "id": 11422,
    "name": "CORONEL JOÃO PESSOA",
    "state": "RIO GRANDE DO NORTE",
    "state_iso2": "RN",
    "country": "BRAZIL",
    "country_iso2": "BR",
    "country_iso3": "BRA",
    "country_native": "BRASIL"
  },
  {
    "id": 11501,
    "name": "CRUZETA",
    "state": "RIO GRANDE DO NORTE",
    "state_iso2": "RN",
    "country": "BRAZIL",
    "country_iso2": "BR",
    "country_iso3": "BRA",
    "country_native": "BRASIL"
  },
  {
    "id": 11528,
    "name": "CURRAIS NOVOS",
    "state": "RIO GRANDE DO NORTE",
    "state_iso2": "RN",
    "country": "BRAZIL",
    "country_iso2": "BR",
    "country_iso3": "BRA",
    "country_native": "BRASIL"
  },
  {
    "id": 11659,
    "name": "DOUTOR SEVERIANO",
    "state": "RIO GRANDE DO NORTE",
    "state_iso2": "RN",
    "country": "BRAZIL",
    "country_iso2": "BR",
    "country_iso3": "BRA",
    "country_native": "BRASIL"
  },
  {
    "id": 11695,
    "name": "ENCANTO",
    "state": "RIO GRANDE DO NORTE",
    "state_iso2": "RN",
    "country": "BRAZIL",
    "country_iso2": "BR",
    "country_iso3": "BRA",
    "country_native": "BRASIL"
  },
  {
    "id": 11714,
    "name": "EQUADOR",
    "state": "RIO GRANDE DO NORTE",
    "state_iso2": "RN",
    "country": "BRAZIL",
    "country_iso2": "BR",
    "country_iso3": "BRA",
    "country_native": "BRASIL"
  },
  {
    "id": 11739,
    "name": "ESPÍRITO SANTO",
    "state": "RIO GRANDE DO NORTE",
    "state_iso2": "RN",
    "country": "BRAZIL",
    "country_iso2": "BR",
    "country_iso3": "BRA",
    "country_native": "BRASIL"
  },
  {
    "id": 11768,
    "name": "EXTREMOZ",
    "state": "RIO GRANDE DO NORTE",
    "state_iso2": "RN",
    "country": "BRAZIL",
    "country_iso2": "BR",
    "country_iso3": "BRA",
    "country_native": "BRASIL"
  },
  {
    "id": 11795,
    "name": "FELIPE GUERRA",
    "state": "RIO GRANDE DO NORTE",
    "state_iso2": "RN",
    "country": "BRAZIL",
    "country_iso2": "BR",
    "country_iso3": "BRA",
    "country_native": "BRASIL"
  },
  {
    "id": 11805,
    "name": "FERNANDO PEDROZA",
    "state": "RIO GRANDE DO NORTE",
    "state_iso2": "RN",
    "country": "BRAZIL",
    "country_iso2": "BR",
    "country_iso3": "BRA",
    "country_native": "BRASIL"
  },
  {
    "id": 11844,
    "name": "FLORÂNIA",
    "state": "RIO GRANDE DO NORTE",
    "state_iso2": "RN",
    "country": "BRAZIL",
    "country_iso2": "BR",
    "country_iso3": "BRA",
    "country_native": "BRASIL"
  },
  {
    "id": 11880,
    "name": "FRANCISCO DANTAS",
    "state": "RIO GRANDE DO NORTE",
    "state_iso2": "RN",
    "country": "BRAZIL",
    "country_iso2": "BR",
    "country_iso3": "BRA",
    "country_native": "BRASIL"
  },
  {
    "id": 11903,
    "name": "FRUTUOSO GOMES",
    "state": "RIO GRANDE DO NORTE",
    "state_iso2": "RN",
    "country": "BRAZIL",
    "country_iso2": "BR",
    "country_iso3": "BRA",
    "country_native": "BRASIL"
  },
  {
    "id": 11913,
    "name": "GALINHOS",
    "state": "RIO GRANDE DO NORTE",
    "state_iso2": "RN",
    "country": "BRAZIL",
    "country_iso2": "BR",
    "country_iso3": "BRA",
    "country_native": "BRASIL"
  },
  {
    "id": 11959,
    "name": "GOIANINHA",
    "state": "RIO GRANDE DO NORTE",
    "state_iso2": "RN",
    "country": "BRAZIL",
    "country_iso2": "BR",
    "country_iso3": "BRA",
    "country_native": "BRASIL"
  },
  {
    "id": 11980,
    "name": "GOVERNADOR DIX SEPT ROSADO",
    "state": "RIO GRANDE DO NORTE",
    "state_iso2": "RN",
    "country": "BRAZIL",
    "country_iso2": "BR",
    "country_iso3": "BRA",
    "country_native": "BRASIL"
  },
  {
    "id": 12006,
    "name": "GROSSOS",
    "state": "RIO GRANDE DO NORTE",
    "state_iso2": "RN",
    "country": "BRAZIL",
    "country_iso2": "BR",
    "country_iso3": "BRA",
    "country_native": "BRASIL"
  },
  {
    "id": 12022,
    "name": "GUAMARÉ",
    "state": "RIO GRANDE DO NORTE",
    "state_iso2": "RN",
    "country": "BRAZIL",
    "country_iso2": "BR",
    "country_iso3": "BRA",
    "country_native": "BRASIL"
  },
  {
    "id": 12175,
    "name": "IELMO MARINHO",
    "state": "RIO GRANDE DO NORTE",
    "state_iso2": "RN",
    "country": "BRAZIL",
    "country_iso2": "BR",
    "country_iso3": "BRA",
    "country_native": "BRASIL"
  },
  {
    "id": 12262,
    "name": "IPANGUAÇU",
    "state": "RIO GRANDE DO NORTE",
    "state_iso2": "RN",
    "country": "BRAZIL",
    "country_iso2": "BR",
    "country_iso3": "BRA",
    "country_native": "BRASIL"
  },
  {
    "id": 12291,
    "name": "IPUEIRA",
    "state": "RIO GRANDE DO NORTE",
    "state_iso2": "RN",
    "country": "BRAZIL",
    "country_iso2": "BR",
    "country_iso3": "BRA",
    "country_native": "BRASIL"
  },
  {
    "id": 12372,
    "name": "ITAJÁ",
    "state": "RIO GRANDE DO NORTE",
    "state_iso2": "RN",
    "country": "BRAZIL",
    "country_iso2": "BR",
    "country_iso3": "BRA",
    "country_native": "BRASIL"
  },
  {
    "id": 12468,
    "name": "ITAÚ",
    "state": "RIO GRANDE DO NORTE",
    "state_iso2": "RN",
    "country": "BRAZIL",
    "country_iso2": "BR",
    "country_iso3": "BRA",
    "country_native": "BRASIL"
  },
  {
    "id": 12558,
    "name": "JANDAÍRA",
    "state": "RIO GRANDE DO NORTE",
    "state_iso2": "RN",
    "country": "BRAZIL",
    "country_iso2": "BR",
    "country_iso3": "BRA",
    "country_native": "BRASIL"
  },
  {
    "id": 12561,
    "name": "JANDUÍS",
    "state": "RIO GRANDE DO NORTE",
    "state_iso2": "RN",
    "country": "BRAZIL",
    "country_iso2": "BR",
    "country_iso3": "BRA",
    "country_native": "BRASIL"
  },
  {
    "id": 12570,
    "name": "JAPI",
    "state": "RIO GRANDE DO NORTE",
    "state_iso2": "RN",
    "country": "BRAZIL",
    "country_iso2": "BR",
    "country_iso3": "BRA",
    "country_native": "BRASIL"
  },
  {
    "id": 12588,
    "name": "JARDIM DE ANGICOS",
    "state": "RIO GRANDE DO NORTE",
    "state_iso2": "RN",
    "country": "BRAZIL",
    "country_iso2": "BR",
    "country_iso3": "BRA",
    "country_native": "BRASIL"
  },
  {
    "id": 12589,
    "name": "JARDIM DE PIRANHAS",
    "state": "RIO GRANDE DO NORTE",
    "state_iso2": "RN",
    "country": "BRAZIL",
    "country_iso2": "BR",
    "country_iso3": "BRA",
    "country_native": "BRASIL"
  },
  {
    "id": 12591,
    "name": "JARDIM DO SERIDÓ",
    "state": "RIO GRANDE DO NORTE",
    "state_iso2": "RN",
    "country": "BRAZIL",
    "country_iso2": "BR",
    "country_iso3": "BRA",
    "country_native": "BRASIL"
  },
  {
    "id": 12607,
    "name": "JAÇANÃ",
    "state": "RIO GRANDE DO NORTE",
    "state_iso2": "RN",
    "country": "BRAZIL",
    "country_iso2": "BR",
    "country_iso3": "BRA",
    "country_native": "BRASIL"
  },
  {
    "id": 12654,
    "name": "JOSÉ DA PENHA",
    "state": "RIO GRANDE DO NORTE",
    "state_iso2": "RN",
    "country": "BRAZIL",
    "country_iso2": "BR",
    "country_iso3": "BRA",
    "country_native": "BRASIL"
  },
  {
    "id": 12659,
    "name": "JOÃO CÂMARA",
    "state": "RIO GRANDE DO NORTE",
    "state_iso2": "RN",
    "country": "BRAZIL",
    "country_iso2": "BR",
    "country_iso3": "BRA",
    "country_native": "BRASIL"
  },
  {
    "id": 12660,
    "name": "JOÃO DIAS",
    "state": "RIO GRANDE DO NORTE",
    "state_iso2": "RN",
    "country": "BRAZIL",
    "country_iso2": "BR",
    "country_iso3": "BRA",
    "country_native": "BRASIL"
  },
  {
    "id": 12677,
    "name": "JUCURUTU",
    "state": "RIO GRANDE DO NORTE",
    "state_iso2": "RN",
    "country": "BRAZIL",
    "country_iso2": "BR",
    "country_iso3": "BRA",
    "country_native": "BRASIL"
  },
  {
    "id": 12687,
    "name": "JUNDIÁ",
    "state": "RIO GRANDE DO NORTE",
    "state_iso2": "RN",
    "country": "BRAZIL",
    "country_iso2": "BR",
    "country_iso3": "BRA",
    "country_native": "BRASIL"
  },
  {
    "id": 12748,
    "name": "LAGOA D'ANTA",
    "state": "RIO GRANDE DO NORTE",
    "state_iso2": "RN",
    "country": "BRAZIL",
    "country_iso2": "BR",
    "country_iso3": "BRA",
    "country_native": "BRASIL"
  },
  {
    "id": 12754,
    "name": "LAGOA DE PEDRAS",
    "state": "RIO GRANDE DO NORTE",
    "state_iso2": "RN",
    "country": "BRAZIL",
    "country_iso2": "BR",
    "country_iso3": "BRA",
    "country_native": "BRASIL"
  },
  {
    "id": 12756,
    "name": "LAGOA DE VELHOS",
    "state": "RIO GRANDE DO NORTE",
    "state_iso2": "RN",
    "country": "BRAZIL",
    "country_iso2": "BR",
    "country_iso3": "BRA",
    "country_native": "BRASIL"
  },
  {
    "id": 12741,
    "name": "LAGOA NOVA",
    "state": "RIO GRANDE DO NORTE",
    "state_iso2": "RN",
    "country": "BRAZIL",
    "country_iso2": "BR",
    "country_iso3": "BRA",
    "country_native": "BRASIL"
  },
  {
    "id": 12743,
    "name": "LAGOA SALGADA",
    "state": "RIO GRANDE DO NORTE",
    "state_iso2": "RN",
    "country": "BRAZIL",
    "country_iso2": "BR",
    "country_iso3": "BRA",
    "country_native": "BRASIL"
  },
  {
    "id": 12784,
    "name": "LAJES",
    "state": "RIO GRANDE DO NORTE",
    "state_iso2": "RN",
    "country": "BRAZIL",
    "country_iso2": "BR",
    "country_iso3": "BRA",
    "country_native": "BRASIL"
  },
  {
    "id": 12785,
    "name": "LAJES PINTADAS",
    "state": "RIO GRANDE DO NORTE",
    "state_iso2": "RN",
    "country": "BRAZIL",
    "country_iso2": "BR",
    "country_iso3": "BRA",
    "country_native": "BRASIL"
  },
  {
    "id": 12861,
    "name": "LUCRÉCIA",
    "state": "RIO GRANDE DO NORTE",
    "state_iso2": "RN",
    "country": "BRAZIL",
    "country_iso2": "BR",
    "country_iso3": "BRA",
    "country_native": "BRASIL"
  },
  {
    "id": 12882,
    "name": "LUÍS GOMES",
    "state": "RIO GRANDE DO NORTE",
    "state_iso2": "RN",
    "country": "BRAZIL",
    "country_iso2": "BR",
    "country_iso3": "BRA",
    "country_native": "BRASIL"
  },
  {
    "id": 12890,
    "name": "MACAU",
    "state": "RIO GRANDE DO NORTE",
    "state_iso2": "RN",
    "country": "BRAZIL",
    "country_iso2": "BR",
    "country_iso3": "BRA",
    "country_native": "BRASIL"
  },
  {
    "id": 12893,
    "name": "MACAÍBA",
    "state": "RIO GRANDE DO NORTE",
    "state_iso2": "RN",
    "country": "BRAZIL",
    "country_iso2": "BR",
    "country_iso3": "BRA",
    "country_native": "BRASIL"
  },
  {
    "id": 12922,
    "name": "MAJOR SALES",
    "state": "RIO GRANDE DO NORTE",
    "state_iso2": "RN",
    "country": "BRAZIL",
    "country_iso2": "BR",
    "country_iso3": "BRA",
    "country_native": "BRASIL"
  },
  {
    "id": 12992,
    "name": "MARCELINO VIEIRA",
    "state": "RIO GRANDE DO NORTE",
    "state_iso2": "RN",
    "country": "BRAZIL",
    "country_iso2": "BR",
    "country_iso3": "BRA",
    "country_native": "BRASIL"
  },
  {
    "id": 13032,
    "name": "MARTINS",
    "state": "RIO GRANDE DO NORTE",
    "state_iso2": "RN",
    "country": "BRAZIL",
    "country_iso2": "BR",
    "country_iso3": "BRA",
    "country_native": "BRASIL"
  },
  {
    "id": 13086,
    "name": "MAXARANGUAPE",
    "state": "RIO GRANDE DO NORTE",
    "state_iso2": "RN",
    "country": "BRAZIL",
    "country_iso2": "BR",
    "country_iso3": "BRA",
    "country_native": "BRASIL"
  },
  {
    "id": 13107,
    "name": "MESSIAS TARGINO",
    "state": "RIO GRANDE DO NORTE",
    "state_iso2": "RN",
    "country": "BRAZIL",
    "country_iso2": "BR",
    "country_iso3": "BRA",
    "country_native": "BRASIL"
  },
  {
    "id": 13184,
    "name": "MONTANHAS",
    "state": "RIO GRANDE DO NORTE",
    "state_iso2": "RN",
    "country": "BRAZIL",
    "country_iso2": "BR",
    "country_iso3": "BRA",
    "country_native": "BRASIL"
  },
  {
    "id": 13186,
    "name": "MONTE ALEGRE",
    "state": "RIO GRANDE DO NORTE",
    "state_iso2": "RN",
    "country": "BRAZIL",
    "country_iso2": "BR",
    "country_iso3": "BRA",
    "country_native": "BRASIL"
  },
  {
    "id": 13213,
    "name": "MONTE DAS GAMELEIRAS",
    "state": "RIO GRANDE DO NORTE",
    "state_iso2": "RN",
    "country": "BRAZIL",
    "country_iso2": "BR",
    "country_iso3": "BRA",
    "country_native": "BRASIL"
  },
  {
    "id": 13254,
    "name": "MOSSORÓ",
    "state": "RIO GRANDE DO NORTE",
    "state_iso2": "RN",
    "country": "BRAZIL",
    "country_iso2": "BR",
    "country_iso3": "BRA",
    "country_native": "BRASIL"
  },
  {
    "id": 13299,
    "name": "NATAL",
    "state": "RIO GRANDE DO NORTE",
    "state_iso2": "RN",
    "country": "BRAZIL",
    "country_iso2": "BR",
    "country_iso3": "BRA",
    "country_native": "BRASIL"
  },
  {
    "id": 13371,
    "name": "NOVA CRUZ",
    "state": "RIO GRANDE DO NORTE",
    "state_iso2": "RN",
    "country": "BRAZIL",
    "country_iso2": "BR",
    "country_iso3": "BRA",
    "country_native": "BRASIL"
  },
  {
    "id": 13487,
    "name": "NÍSIA FLORESTA",
    "state": "RIO GRANDE DO NORTE",
    "state_iso2": "RN",
    "country": "BRAZIL",
    "country_iso2": "BR",
    "country_iso3": "BRA",
    "country_native": "BRASIL"
  },
  {
    "id": 13500,
    "name": "OLHO-D'ÁGUA DO BORGES",
    "state": "RIO GRANDE DO NORTE",
    "state_iso2": "RN",
    "country": "BRAZIL",
    "country_iso2": "BR",
    "country_iso3": "BRA",
    "country_native": "BRASIL"
  },
  {
    "id": 13538,
    "name": "OURO BRANCO",
    "state": "RIO GRANDE DO NORTE",
    "state_iso2": "RN",
    "country": "BRAZIL",
    "country_iso2": "BR",
    "country_iso3": "BRA",
    "country_native": "BRASIL"
  },
  {
    "id": 13648,
    "name": "PARANÁ",
    "state": "RIO GRANDE DO NORTE",
    "state_iso2": "RN",
    "country": "BRAZIL",
    "country_iso2": "BR",
    "country_iso3": "BRA",
    "country_native": "BRASIL"
  },
  {
    "id": 13656,
    "name": "PARAZINHO",
    "state": "RIO GRANDE DO NORTE",
    "state_iso2": "RN",
    "country": "BRAZIL",
    "country_iso2": "BR",
    "country_iso3": "BRA",
    "country_native": "BRASIL"
  },
  {
    "id": 13665,
    "name": "PARAÚ",
    "state": "RIO GRANDE DO NORTE",
    "state_iso2": "RN",
    "country": "BRAZIL",
    "country_iso2": "BR",
    "country_iso3": "BRA",
    "country_native": "BRASIL"
  },
  {
    "id": 13670,
    "name": "PARELHAS",
    "state": "RIO GRANDE DO NORTE",
    "state_iso2": "RN",
    "country": "BRAZIL",
    "country_iso2": "BR",
    "country_iso3": "BRA",
    "country_native": "BRASIL"
  },
  {
    "id": 13680,
    "name": "PARNAMIRIM",
    "state": "RIO GRANDE DO NORTE",
    "state_iso2": "RN",
    "country": "BRAZIL",
    "country_iso2": "BR",
    "country_iso3": "BRA",
    "country_native": "BRASIL"
  },
  {
    "id": 13688,
    "name": "PASSA E FICA",
    "state": "RIO GRANDE DO NORTE",
    "state_iso2": "RN",
    "country": "BRAZIL",
    "country_iso2": "BR",
    "country_iso3": "BRA",
    "country_native": "BRASIL"
  },
  {
    "id": 13691,
    "name": "PASSAGEM",
    "state": "RIO GRANDE DO NORTE",
    "state_iso2": "RN",
    "country": "BRAZIL",
    "country_iso2": "BR",
    "country_iso3": "BRA",
    "country_native": "BRASIL"
  },
  {
    "id": 13712,
    "name": "PATU",
    "state": "RIO GRANDE DO NORTE",
    "state_iso2": "RN",
    "country": "BRAZIL",
    "country_iso2": "BR",
    "country_iso3": "BRA",
    "country_native": "BRASIL"
  },
  {
    "id": 13718,
    "name": "PAU DOS FERROS",
    "state": "RIO GRANDE DO NORTE",
    "state_iso2": "RN",
    "country": "BRAZIL",
    "country_iso2": "BR",
    "country_iso3": "BRA",
    "country_native": "BRASIL"
  },
  {
    "id": 13753,
    "name": "PEDRA GRANDE",
    "state": "RIO GRANDE DO NORTE",
    "state_iso2": "RN",
    "country": "BRAZIL",
    "country_iso2": "BR",
    "country_iso3": "BRA",
    "country_native": "BRASIL"
  },
  {
    "id": 13756,
    "name": "PEDRA PRETA",
    "state": "RIO GRANDE DO NORTE",
    "state_iso2": "RN",
    "country": "BRAZIL",
    "country_iso2": "BR",
    "country_iso3": "BRA",
    "country_native": "BRASIL"
  },
  {
    "id": 13774,
    "name": "PEDRO AVELINO",
    "state": "RIO GRANDE DO NORTE",
    "state_iso2": "RN",
    "country": "BRAZIL",
    "country_iso2": "BR",
    "country_iso3": "BRA",
    "country_native": "BRASIL"
  },
  {
    "id": 13783,
    "name": "PEDRO VELHO",
    "state": "RIO GRANDE DO NORTE",
    "state_iso2": "RN",
    "country": "BRAZIL",
    "country_iso2": "BR",
    "country_iso3": "BRA",
    "country_native": "BRASIL"
  },
  {
    "id": 13794,
    "name": "PENDÊNCIAS",
    "state": "RIO GRANDE DO NORTE",
    "state_iso2": "RN",
    "country": "BRAZIL",
    "country_iso2": "BR",
    "country_iso3": "BRA",
    "country_native": "BRASIL"
  },
  {
    "id": 13842,
    "name": "PILÕES",
    "state": "RIO GRANDE DO NORTE",
    "state_iso2": "RN",
    "country": "BRAZIL",
    "country_iso2": "BR",
    "country_iso3": "BRA",
    "country_native": "BRASIL"
  },
  {
    "id": 13986,
    "name": "PORTALEGRE",
    "state": "RIO GRANDE DO NORTE",
    "state_iso2": "RN",
    "country": "BRAZIL",
    "country_iso2": "BR",
    "country_iso3": "BRA",
    "country_native": "BRASIL"
  },
  {
    "id": 14027,
    "name": "PORTO DO MANGUE",
    "state": "RIO GRANDE DO NORTE",
    "state_iso2": "RN",
    "country": "BRAZIL",
    "country_iso2": "BR",
    "country_iso3": "BRA",
    "country_native": "BRASIL"
  },
  {
    "id": 14045,
    "name": "POÇO BRANCO",
    "state": "RIO GRANDE DO NORTE",
    "state_iso2": "RN",
    "country": "BRAZIL",
    "country_iso2": "BR",
    "country_iso3": "BRA",
    "country_native": "BRASIL"
  },
  {
    "id": 14116,
    "name": "PUREZA",
    "state": "RIO GRANDE DO NORTE",
    "state_iso2": "RN",
    "country": "BRAZIL",
    "country_iso2": "BR",
    "country_iso3": "BRA",
    "country_native": "BRASIL"
  },
  {
    "id": 14165,
    "name": "RAFAEL FERNANDES",
    "state": "RIO GRANDE DO NORTE",
    "state_iso2": "RN",
    "country": "BRAZIL",
    "country_iso2": "BR",
    "country_iso3": "BRA",
    "country_native": "BRASIL"
  },
  {
    "id": 14166,
    "name": "RAFAEL GODEIRO",
    "state": "RIO GRANDE DO NORTE",
    "state_iso2": "RN",
    "country": "BRAZIL",
    "country_iso2": "BR",
    "country_iso3": "BRA",
    "country_native": "BRASIL"
  },
  {
    "id": 14211,
    "name": "RIACHO DA CRUZ",
    "state": "RIO GRANDE DO NORTE",
    "state_iso2": "RN",
    "country": "BRAZIL",
    "country_iso2": "BR",
    "country_iso3": "BRA",
    "country_native": "BRASIL"
  },
  {
    "id": 14214,
    "name": "RIACHO DE SANTANA",
    "state": "RIO GRANDE DO NORTE",
    "state_iso2": "RN",
    "country": "BRAZIL",
    "country_iso2": "BR",
    "country_iso3": "BRA",
    "country_native": "BRASIL"
  },
  {
    "id": 14219,
    "name": "RIACHUELO",
    "state": "RIO GRANDE DO NORTE",
    "state_iso2": "RN",
    "country": "BRAZIL",
    "country_iso2": "BR",
    "country_iso3": "BRA",
    "country_native": "BRASIL"
  },
  {
    "id": 14312,
    "name": "RIO DO FOGO",
    "state": "RIO GRANDE DO NORTE",
    "state_iso2": "RN",
    "country": "BRAZIL",
    "country_iso2": "BR",
    "country_iso3": "BRA",
    "country_native": "BRASIL"
  },
  {
    "id": 14332,
    "name": "RODOLFO FERNANDES",
    "state": "RIO GRANDE DO NORTE",
    "state_iso2": "RN",
    "country": "BRAZIL",
    "country_iso2": "BR",
    "country_iso3": "BRA",
    "country_native": "BRASIL"
  },
  {
    "id": 14365,
    "name": "RUY BARBOSA",
    "state": "RIO GRANDE DO NORTE",
    "state_iso2": "RN",
    "country": "BRAZIL",
    "country_iso2": "BR",
    "country_iso3": "BRA",
    "country_native": "BRASIL"
  },
  {
    "id": 14438,
    "name": "SANTA CRUZ",
    "state": "RIO GRANDE DO NORTE",
    "state_iso2": "RN",
    "country": "BRAZIL",
    "country_iso2": "BR",
    "country_iso3": "BRA",
    "country_native": "BRASIL"
  },
  {
    "id": 14503,
    "name": "SANTA MARIA",
    "state": "RIO GRANDE DO NORTE",
    "state_iso2": "RN",
    "country": "BRAZIL",
    "country_iso2": "BR",
    "country_iso3": "BRA",
    "country_native": "BRASIL"
  },
  {
    "id": 14588,
    "name": "SANTANA DO MATOS",
    "state": "RIO GRANDE DO NORTE",
    "state_iso2": "RN",
    "country": "BRAZIL",
    "country_iso2": "BR",
    "country_iso3": "BRA",
    "country_native": "BRASIL"
  },
  {
    "id": 14593,
    "name": "SANTANA DO SERIDÓ",
    "state": "RIO GRANDE DO NORTE",
    "state_iso2": "RN",
    "country": "BRAZIL",
    "country_iso2": "BR",
    "country_iso3": "BRA",
    "country_native": "BRASIL"
  },
  {
    "id": 14610,
    "name": "SANTO ANTÔNIO",
    "state": "RIO GRANDE DO NORTE",
    "state_iso2": "RN",
    "country": "BRAZIL",
    "country_iso2": "BR",
    "country_iso3": "BRA",
    "country_native": "BRASIL"
  },
  {
    "id": 14697,
    "name": "SENADOR ELÓI DE SOUZA",
    "state": "RIO GRANDE DO NORTE",
    "state_iso2": "RN",
    "country": "BRAZIL",
    "country_iso2": "BR",
    "country_iso3": "BRA",
    "country_native": "BRASIL"
  },
  {
    "id": 14699,
    "name": "SENADOR GEORGINO AVELINO",
    "state": "RIO GRANDE DO NORTE",
    "state_iso2": "RN",
    "country": "BRAZIL",
    "country_iso2": "BR",
    "country_iso3": "BRA",
    "country_native": "BRASIL"
  },
  {
    "id": 14726,
    "name": "SERRA CAIADA",
    "state": "RIO GRANDE DO NORTE",
    "state_iso2": "RN",
    "country": "BRAZIL",
    "country_iso2": "BR",
    "country_iso3": "BRA",
    "country_native": "BRASIL"
  },
  {
    "id": 14737,
    "name": "SERRA DE SÃO BENTO",
    "state": "RIO GRANDE DO NORTE",
    "state_iso2": "RN",
    "country": "BRAZIL",
    "country_iso2": "BR",
    "country_iso3": "BRA",
    "country_native": "BRASIL"
  },
  {
    "id": 14738,
    "name": "SERRA DO MEL",
    "state": "RIO GRANDE DO NORTE",
    "state_iso2": "RN",
    "country": "BRAZIL",
    "country_iso2": "BR",
    "country_iso3": "BRA",
    "country_native": "BRASIL"
  },
  {
    "id": 14730,
    "name": "SERRA NEGRA DO NORTE",
    "state": "RIO GRANDE DO NORTE",
    "state_iso2": "RN",
    "country": "BRAZIL",
    "country_iso2": "BR",
    "country_iso3": "BRA",
    "country_native": "BRASIL"
  },
  {
    "id": 14752,
    "name": "SERRINHA",
    "state": "RIO GRANDE DO NORTE",
    "state_iso2": "RN",
    "country": "BRAZIL",
    "country_iso2": "BR",
    "country_iso3": "BRA",
    "country_native": "BRASIL"
  },
  {
    "id": 14753,
    "name": "SERRINHA DOS PINTOS",
    "state": "RIO GRANDE DO NORTE",
    "state_iso2": "RN",
    "country": "BRAZIL",
    "country_iso2": "BR",
    "country_iso3": "BRA",
    "country_native": "BRASIL"
  },
  {
    "id": 14769,
    "name": "SEVERIANO MELO",
    "state": "RIO GRANDE DO NORTE",
    "state_iso2": "RN",
    "country": "BRAZIL",
    "country_iso2": "BR",
    "country_iso3": "BRA",
    "country_native": "BRASIL"
  },
  {
    "id": 14838,
    "name": "SÃO BENTO DO NORTE",
    "state": "RIO GRANDE DO NORTE",
    "state_iso2": "RN",
    "country": "BRAZIL",
    "country_iso2": "BR",
    "country_iso3": "BRA",
    "country_native": "BRASIL"
  },
  {
    "id": 14842,
    "name": "SÃO BENTO DO TRAIRÍ",
    "state": "RIO GRANDE DO NORTE",
    "state_iso2": "RN",
    "country": "BRAZIL",
    "country_iso2": "BR",
    "country_iso3": "BRA",
    "country_native": "BRASIL"
  },
  {
    "id": 14877,
    "name": "SÃO FERNANDO",
    "state": "RIO GRANDE DO NORTE",
    "state_iso2": "RN",
    "country": "BRAZIL",
    "country_iso2": "BR",
    "country_iso3": "BRA",
    "country_native": "BRASIL"
  },
  {
    "id": 14895,
    "name": "SÃO FRANCISCO DO OESTE",
    "state": "RIO GRANDE DO NORTE",
    "state_iso2": "RN",
    "country": "BRAZIL",
    "country_iso2": "BR",
    "country_iso3": "BRA",
    "country_native": "BRASIL"
  },
  {
    "id": 14919,
    "name": "SÃO GONÇALO DO AMARANTE",
    "state": "RIO GRANDE DO NORTE",
    "state_iso2": "RN",
    "country": "BRAZIL",
    "country_iso2": "BR",
    "country_iso3": "BRA",
    "country_native": "BRASIL"
  },
  {
    "id": 14954,
    "name": "SÃO JOSÉ DE MIPIBU",
    "state": "RIO GRANDE DO NORTE",
    "state_iso2": "RN",
    "country": "BRAZIL",
    "country_iso2": "BR",
    "country_iso3": "BRA",
    "country_native": "BRASIL"
  },
  {
    "id": 14965,
    "name": "SÃO JOSÉ DO CAMPESTRE",
    "state": "RIO GRANDE DO NORTE",
    "state_iso2": "RN",
    "country": "BRAZIL",
    "country_iso2": "BR",
    "country_iso3": "BRA",
    "country_native": "BRASIL"
  },
  {
    "id": 14987,
    "name": "SÃO JOSÉ DO SERIDÓ",
    "state": "RIO GRANDE DO NORTE",
    "state_iso2": "RN",
    "country": "BRAZIL",
    "country_iso2": "BR",
    "country_iso3": "BRA",
    "country_native": "BRASIL"
  },
  {
    "id": 15043,
    "name": "SÃO JOÃO DO SABUGI",
    "state": "RIO GRANDE DO NORTE",
    "state_iso2": "RN",
    "country": "BRAZIL",
    "country_iso2": "BR",
    "country_iso3": "BRA",
    "country_native": "BRASIL"
  },
  {
    "id": 15078,
    "name": "SÃO MIGUEL",
    "state": "RIO GRANDE DO NORTE",
    "state_iso2": "RN",
    "country": "BRAZIL",
    "country_iso2": "BR",
    "country_iso3": "BRA",
    "country_native": "BRASIL"
  },
  {
    "id": 15089,
    "name": "SÃO MIGUEL DO GOSTOSO",
    "state": "RIO GRANDE DO NORTE",
    "state_iso2": "RN",
    "country": "BRAZIL",
    "country_iso2": "BR",
    "country_iso3": "BRA",
    "country_native": "BRASIL"
  },
  {
    "id": 15104,
    "name": "SÃO PAULO DO POTENGI",
    "state": "RIO GRANDE DO NORTE",
    "state_iso2": "RN",
    "country": "BRAZIL",
    "country_iso2": "BR",
    "country_iso3": "BRA",
    "country_native": "BRASIL"
  },
  {
    "id": 15107,
    "name": "SÃO PEDRO",
    "state": "RIO GRANDE DO NORTE",
    "state_iso2": "RN",
    "country": "BRAZIL",
    "country_iso2": "BR",
    "country_iso3": "BRA",
    "country_native": "BRASIL"
  },
  {
    "id": 15125,
    "name": "SÃO RAFAEL",
    "state": "RIO GRANDE DO NORTE",
    "state_iso2": "RN",
    "country": "BRAZIL",
    "country_iso2": "BR",
    "country_iso3": "BRA",
    "country_native": "BRASIL"
  },
  {
    "id": 15161,
    "name": "SÃO TOMÉ",
    "state": "RIO GRANDE DO NORTE",
    "state_iso2": "RN",
    "country": "BRAZIL",
    "country_iso2": "BR",
    "country_iso3": "BRA",
    "country_native": "BRASIL"
  },
  {
    "id": 15169,
    "name": "SÃO VICENTE",
    "state": "RIO GRANDE DO NORTE",
    "state_iso2": "RN",
    "country": "BRAZIL",
    "country_iso2": "BR",
    "country_iso3": "BRA",
    "country_native": "BRASIL"
  },
  {
    "id": 15177,
    "name": "SÍTIO NOVO",
    "state": "RIO GRANDE DO NORTE",
    "state_iso2": "RN",
    "country": "BRAZIL",
    "country_iso2": "BR",
    "country_iso3": "BRA",
    "country_native": "BRASIL"
  },
  {
    "id": 15189,
    "name": "TABOLEIRO GRANDE",
    "state": "RIO GRANDE DO NORTE",
    "state_iso2": "RN",
    "country": "BRAZIL",
    "country_iso2": "BR",
    "country_iso3": "BRA",
    "country_native": "BRASIL"
  },
  {
    "id": 15204,
    "name": "TAIPU",
    "state": "RIO GRANDE DO NORTE",
    "state_iso2": "RN",
    "country": "BRAZIL",
    "country_iso2": "BR",
    "country_iso3": "BRA",
    "country_native": "BRASIL"
  },
  {
    "id": 15215,
    "name": "TANGARÁ",
    "state": "RIO GRANDE DO NORTE",
    "state_iso2": "RN",
    "country": "BRAZIL",
    "country_iso2": "BR",
    "country_iso3": "BRA",
    "country_native": "BRASIL"
  },
  {
    "id": 15274,
    "name": "TENENTE ANANIAS",
    "state": "RIO GRANDE DO NORTE",
    "state_iso2": "RN",
    "country": "BRAZIL",
    "country_iso2": "BR",
    "country_iso3": "BRA",
    "country_native": "BRASIL"
  },
  {
    "id": 15275,
    "name": "TENENTE LAURENTINO CRUZ",
    "state": "RIO GRANDE DO NORTE",
    "state_iso2": "RN",
    "country": "BRAZIL",
    "country_iso2": "BR",
    "country_iso3": "BRA",
    "country_native": "BRASIL"
  },
  {
    "id": 15305,
    "name": "TIBAU",
    "state": "RIO GRANDE DO NORTE",
    "state_iso2": "RN",
    "country": "BRAZIL",
    "country_iso2": "BR",
    "country_iso3": "BRA",
    "country_native": "BRASIL"
  },
  {
    "id": 15306,
    "name": "TIBAU DO SUL",
    "state": "RIO GRANDE DO NORTE",
    "state_iso2": "RN",
    "country": "BRAZIL",
    "country_iso2": "BR",
    "country_iso3": "BRA",
    "country_native": "BRASIL"
  },
  {
    "id": 15312,
    "name": "TIMBAÚBA DOS BATISTAS",
    "state": "RIO GRANDE DO NORTE",
    "state_iso2": "RN",
    "country": "BRAZIL",
    "country_iso2": "BR",
    "country_iso3": "BRA",
    "country_native": "BRASIL"
  },
  {
    "id": 15343,
    "name": "TOUROS",
    "state": "RIO GRANDE DO NORTE",
    "state_iso2": "RN",
    "country": "BRAZIL",
    "country_iso2": "BR",
    "country_iso3": "BRA",
    "country_native": "BRASIL"
  },
  {
    "id": 15365,
    "name": "TRIUNFO POTIGUAR",
    "state": "RIO GRANDE DO NORTE",
    "state_iso2": "RN",
    "country": "BRAZIL",
    "country_iso2": "BR",
    "country_iso3": "BRA",
    "country_native": "BRASIL"
  },
  {
    "id": 15445,
    "name": "UMARIZAL",
    "state": "RIO GRANDE DO NORTE",
    "state_iso2": "RN",
    "country": "BRAZIL",
    "country_iso2": "BR",
    "country_iso3": "BRA",
    "country_native": "BRASIL"
  },
  {
    "id": 15464,
    "name": "UPANEMA",
    "state": "RIO GRANDE DO NORTE",
    "state_iso2": "RN",
    "country": "BRAZIL",
    "country_iso2": "BR",
    "country_iso3": "BRA",
    "country_native": "BRASIL"
  },
  {
    "id": 15527,
    "name": "VENHA-VER",
    "state": "RIO GRANDE DO NORTE",
    "state_iso2": "RN",
    "country": "BRAZIL",
    "country_iso2": "BR",
    "country_iso3": "BRA",
    "country_native": "BRASIL"
  },
  {
    "id": 15532,
    "name": "VERA CRUZ",
    "state": "RIO GRANDE DO NORTE",
    "state_iso2": "RN",
    "country": "BRAZIL",
    "country_iso2": "BR",
    "country_iso3": "BRA",
    "country_native": "BRASIL"
  },
  {
    "id": 15567,
    "name": "VILA FLOR",
    "state": "RIO GRANDE DO NORTE",
    "state_iso2": "RN",
    "country": "BRAZIL",
    "country_iso2": "BR",
    "country_iso3": "BRA",
    "country_native": "BRASIL"
  },
  {
    "id": 15605,
    "name": "VIÇOSA",
    "state": "RIO GRANDE DO NORTE",
    "state_iso2": "RN",
    "country": "BRAZIL",
    "country_iso2": "BR",
    "country_iso3": "BRA",
    "country_native": "BRASIL"
  },
  {
    "id": 15614,
    "name": "VÁRZEA",
    "state": "RIO GRANDE DO NORTE",
    "state_iso2": "RN",
    "country": "BRAZIL",
    "country_iso2": "BR",
    "country_iso3": "BRA",
    "country_native": "BRASIL"
  },
  {
    "id": 15662,
    "name": "ÁGUA NOVA",
    "state": "RIO GRANDE DO NORTE",
    "state_iso2": "RN",
    "country": "BRAZIL",
    "country_iso2": "BR",
    "country_iso3": "BRA",
    "country_native": "BRASIL"
  }
]