[
  {
    "id": 80566,
    "name": "ATUNCOLLA",
    "state": "PUNO",
    "state_iso2": "PUN",
    "country": "PERU",
    "country_iso2": "PE",
    "country_iso3": "PER",
    "country_native": "PERÚ"
  },
  {
    "id": 80569,
    "name": "AYAVIRI",
    "state": "PUNO",
    "state_iso2": "PUN",
    "country": "PERU",
    "country_iso2": "PE",
    "country_iso3": "PER",
    "country_native": "PERÚ"
  },
  {
    "id": 80571,
    "name": "AZÁNGARO",
    "state": "PUNO",
    "state_iso2": "PUN",
    "country": "PERU",
    "country_iso2": "PE",
    "country_iso3": "PER",
    "country_native": "PERÚ"
  },
  {
    "id": 80637,
    "name": "DESAGUADERO",
    "state": "PUNO",
    "state_iso2": "PUN",
    "country": "PERU",
    "country_iso2": "PE",
    "country_iso3": "PER",
    "country_native": "PERÚ"
  },
  {
    "id": 80639,
    "name": "EL COLLAO",
    "state": "PUNO",
    "state_iso2": "PUN",
    "country": "PERU",
    "country_iso2": "PE",
    "country_iso3": "PER",
    "country_native": "PERÚ"
  },
  {
    "id": 80645,
    "name": "HACIENDA HUANCANE",
    "state": "PUNO",
    "state_iso2": "PUN",
    "country": "PERU",
    "country_iso2": "PE",
    "country_iso3": "PER",
    "country_native": "PERÚ"
  },
  {
    "id": 80669,
    "name": "ILAVE",
    "state": "PUNO",
    "state_iso2": "PUN",
    "country": "PERU",
    "country_iso2": "PE",
    "country_iso3": "PER",
    "country_native": "PERÚ"
  },
  {
    "id": 80683,
    "name": "JULI",
    "state": "PUNO",
    "state_iso2": "PUN",
    "country": "PERU",
    "country_iso2": "PE",
    "country_iso3": "PER",
    "country_native": "PERÚ"
  },
  {
    "id": 80684,
    "name": "JULIACA",
    "state": "PUNO",
    "state_iso2": "PUN",
    "country": "PERU",
    "country_iso2": "PE",
    "country_iso3": "PER",
    "country_native": "PERÚ"
  },
  {
    "id": 80690,
    "name": "LA RINCONADA",
    "state": "PUNO",
    "state_iso2": "PUN",
    "country": "PERU",
    "country_iso2": "PE",
    "country_iso3": "PER",
    "country_native": "PERÚ"
  },
  {
    "id": 80695,
    "name": "LAMPA",
    "state": "PUNO",
    "state_iso2": "PUN",
    "country": "PERU",
    "country_iso2": "PE",
    "country_iso3": "PER",
    "country_native": "PERÚ"
  },
  {
    "id": 80707,
    "name": "MACUSANI",
    "state": "PUNO",
    "state_iso2": "PUN",
    "country": "PERU",
    "country_iso2": "PE",
    "country_iso3": "PER",
    "country_native": "PERÚ"
  },
  {
    "id": 80780,
    "name": "PROVINCIA DE AZÁNGARO",
    "state": "PUNO",
    "state_iso2": "PUN",
    "country": "PERU",
    "country_iso2": "PE",
    "country_iso3": "PER",
    "country_native": "PERÚ"
  },
  {
    "id": 80794,
    "name": "PROVINCIA DE CARABAYA",
    "state": "PUNO",
    "state_iso2": "PUN",
    "country": "PERU",
    "country_iso2": "PE",
    "country_iso3": "PER",
    "country_native": "PERÚ"
  },
  {
    "id": 80807,
    "name": "PROVINCIA DE CHUCUITO",
    "state": "PUNO",
    "state_iso2": "PUN",
    "country": "PERU",
    "country_iso2": "PE",
    "country_iso3": "PER",
    "country_native": "PERÚ"
  },
  {
    "id": 80832,
    "name": "PROVINCIA DE HUANCANÉ",
    "state": "PUNO",
    "state_iso2": "PUN",
    "country": "PERU",
    "country_iso2": "PE",
    "country_iso3": "PER",
    "country_native": "PERÚ"
  },
  {
    "id": 80854,
    "name": "PROVINCIA DE LAMPA",
    "state": "PUNO",
    "state_iso2": "PUN",
    "country": "PERU",
    "country_iso2": "PE",
    "country_iso3": "PER",
    "country_native": "PERÚ"
  },
  {
    "id": 80863,
    "name": "PROVINCIA DE MELGAR",
    "state": "PUNO",
    "state_iso2": "PUN",
    "country": "PERU",
    "country_iso2": "PE",
    "country_iso3": "PER",
    "country_native": "PERÚ"
  },
  {
    "id": 80881,
    "name": "PROVINCIA DE PUNO",
    "state": "PUNO",
    "state_iso2": "PUN",
    "country": "PERU",
    "country_iso2": "PE",
    "country_iso3": "PER",
    "country_native": "PERÚ"
  },
  {
    "id": 80889,
    "name": "PROVINCIA DE SANDIA",
    "state": "PUNO",
    "state_iso2": "PUN",
    "country": "PERU",
    "country_iso2": "PE",
    "country_iso3": "PER",
    "country_native": "PERÚ"
  },
  {
    "id": 80922,
    "name": "PUNO",
    "state": "PUNO",
    "state_iso2": "PUN",
    "country": "PERU",
    "country_iso2": "PE",
    "country_iso3": "PER",
    "country_native": "PERÚ"
  },
  {
    "id": 80941,
    "name": "SAN ANTONIO DE PUTINA",
    "state": "PUNO",
    "state_iso2": "PUN",
    "country": "PERU",
    "country_iso2": "PE",
    "country_iso3": "PER",
    "country_native": "PERÚ"
  },
  {
    "id": 80957,
    "name": "SAN ROMAN",
    "state": "PUNO",
    "state_iso2": "PUN",
    "country": "PERU",
    "country_iso2": "PE",
    "country_iso3": "PER",
    "country_native": "PERÚ"
  },
  {
    "id": 80961,
    "name": "SANTA LUCÍA",
    "state": "PUNO",
    "state_iso2": "PUN",
    "country": "PERU",
    "country_iso2": "PE",
    "country_iso3": "PER",
    "country_native": "PERÚ"
  },
  {
    "id": 80988,
    "name": "TAQUILE",
    "state": "PUNO",
    "state_iso2": "PUN",
    "country": "PERU",
    "country_iso2": "PE",
    "country_iso3": "PER",
    "country_native": "PERÚ"
  },
  {
    "id": 81019,
    "name": "YUNGUYO",
    "state": "PUNO",
    "state_iso2": "PUN",
    "country": "PERU",
    "country_iso2": "PE",
    "country_iso3": "PER",
    "country_native": "PERÚ"
  },
  {
    "id": 81023,
    "name": "ÑUÑOA",
    "state": "PUNO",
    "state_iso2": "PUN",
    "country": "PERU",
    "country_iso2": "PE",
    "country_iso3": "PER",
    "country_native": "PERÚ"
  }
]