[
  {
    "id": 77211,
    "name": "LAS SABANAS",
    "state": "MADRIZ",
    "state_iso2": "MD",
    "country": "NICARAGUA",
    "country_iso2": "NI",
    "country_iso3": "NIC",
    "country_native": "NICARAGUA"
  },
  {
    "id": 77245,
    "name": "PALACAGÜINA",
    "state": "MADRIZ",
    "state_iso2": "MD",
    "country": "NICARAGUA",
    "country_iso2": "NI",
    "country_iso3": "NIC",
    "country_native": "NICARAGUA"
  },
  {
    "id": 77259,
    "name": "SAN JOSÉ DE CUSMAPA",
    "state": "MADRIZ",
    "state_iso2": "MD",
    "country": "NICARAGUA",
    "country_iso2": "NI",
    "country_iso3": "NIC",
    "country_native": "NICARAGUA"
  },
  {
    "id": 77263,
    "name": "SAN JUAN DE RÍO COCO",
    "state": "MADRIZ",
    "state_iso2": "MD",
    "country": "NICARAGUA",
    "country_iso2": "NI",
    "country_iso3": "NIC",
    "country_native": "NICARAGUA"
  },
  {
    "id": 77266,
    "name": "SAN LUCAS",
    "state": "MADRIZ",
    "state_iso2": "MD",
    "country": "NICARAGUA",
    "country_iso2": "NI",
    "country_iso3": "NIC",
    "country_native": "NICARAGUA"
  },
  {
    "id": 77281,
    "name": "SOMOTO",
    "state": "MADRIZ",
    "state_iso2": "MD",
    "country": "NICARAGUA",
    "country_iso2": "NI",
    "country_iso3": "NIC",
    "country_native": "NICARAGUA"
  },
  {
    "id": 77283,
    "name": "TELPANECA",
    "state": "MADRIZ",
    "state_iso2": "MD",
    "country": "NICARAGUA",
    "country_iso2": "NI",
    "country_iso3": "NIC",
    "country_native": "NICARAGUA"
  },
  {
    "id": 77290,
    "name": "TOTOGALPA",
    "state": "MADRIZ",
    "state_iso2": "MD",
    "country": "NICARAGUA",
    "country_iso2": "NI",
    "country_iso3": "NIC",
    "country_native": "NICARAGUA"
  },
  {
    "id": 77296,
    "name": "YALAGÜINA",
    "state": "MADRIZ",
    "state_iso2": "MD",
    "country": "NICARAGUA",
    "country_iso2": "NI",
    "country_iso3": "NIC",
    "country_native": "NICARAGUA"
  }
]