[
  {
    "id": 53425,
    "name": "ACATENANGO",
    "state": "CHIMALTENANGO",
    "state_iso2": "04",
    "country": "GUATEMALA",
    "country_iso2": "GT",
    "country_iso3": "GTM",
    "country_native": "GUATEMALA"
  },
  {
    "id": 53452,
    "name": "CHIMALTENANGO",
    "state": "CHIMALTENANGO",
    "state_iso2": "04",
    "country": "GUATEMALA",
    "country_iso2": "GT",
    "country_iso3": "GTM",
    "country_native": "GUATEMALA"
  },
  {
    "id": 53465,
    "name": "COMALAPA",
    "state": "CHIMALTENANGO",
    "state_iso2": "04",
    "country": "GUATEMALA",
    "country_iso2": "GT",
    "country_iso3": "GTM",
    "country_native": "GUATEMALA"
  },
  {
    "id": 53489,
    "name": "EL TEJAR",
    "state": "CHIMALTENANGO",
    "state_iso2": "04",
    "country": "GUATEMALA",
    "country_iso2": "GT",
    "country_iso3": "GTM",
    "country_native": "GUATEMALA"
  },
  {
    "id": 53621,
    "name": "PARRAMOS",
    "state": "CHIMALTENANGO",
    "state_iso2": "04",
    "country": "GUATEMALA",
    "country_iso2": "GT",
    "country_iso3": "GTM",
    "country_native": "GUATEMALA"
  },
  {
    "id": 53625,
    "name": "PATZICÍA",
    "state": "CHIMALTENANGO",
    "state_iso2": "04",
    "country": "GUATEMALA",
    "country_iso2": "GT",
    "country_iso3": "GTM",
    "country_native": "GUATEMALA"
  },
  {
    "id": 53627,
    "name": "PATZÚN",
    "state": "CHIMALTENANGO",
    "state_iso2": "04",
    "country": "GUATEMALA",
    "country_iso2": "GT",
    "country_iso3": "GTM",
    "country_native": "GUATEMALA"
  },
  {
    "id": 53630,
    "name": "POCHUTA",
    "state": "CHIMALTENANGO",
    "state_iso2": "04",
    "country": "GUATEMALA",
    "country_iso2": "GT",
    "country_iso3": "GTM",
    "country_native": "GUATEMALA"
  },
  {
    "id": 53650,
    "name": "SAN ANDRÉS ITZAPA",
    "state": "CHIMALTENANGO",
    "state_iso2": "04",
    "country": "GUATEMALA",
    "country_iso2": "GT",
    "country_iso3": "GTM",
    "country_native": "GUATEMALA"
  },
  {
    "id": 53689,
    "name": "SAN JOSÉ POAQUIL",
    "state": "CHIMALTENANGO",
    "state_iso2": "04",
    "country": "GUATEMALA",
    "country_iso2": "GT",
    "country_iso3": "GTM",
    "country_native": "GUATEMALA"
  },
  {
    "id": 53710,
    "name": "SAN MARTÍN JILOTEPEQUE",
    "state": "CHIMALTENANGO",
    "state_iso2": "04",
    "country": "GUATEMALA",
    "country_iso2": "GT",
    "country_iso3": "GTM",
    "country_native": "GUATEMALA"
  },
  {
    "id": 53745,
    "name": "SANTA APOLONIA",
    "state": "CHIMALTENANGO",
    "state_iso2": "04",
    "country": "GUATEMALA",
    "country_iso2": "GT",
    "country_iso3": "GTM",
    "country_native": "GUATEMALA"
  },
  {
    "id": 53754,
    "name": "SANTA CRUZ BALANYÁ",
    "state": "CHIMALTENANGO",
    "state_iso2": "04",
    "country": "GUATEMALA",
    "country_iso2": "GT",
    "country_iso3": "GTM",
    "country_native": "GUATEMALA"
  },
  {
    "id": 53790,
    "name": "TECPÁN GUATEMALA",
    "state": "CHIMALTENANGO",
    "state_iso2": "04",
    "country": "GUATEMALA",
    "country_iso2": "GT",
    "country_iso3": "GTM",
    "country_native": "GUATEMALA"
  },
  {
    "id": 53800,
    "name": "YEPOCAPA",
    "state": "CHIMALTENANGO",
    "state_iso2": "04",
    "country": "GUATEMALA",
    "country_iso2": "GT",
    "country_iso3": "GTM",
    "country_native": "GUATEMALA"
  },
  {
    "id": 53804,
    "name": "ZARAGOZA",
    "state": "CHIMALTENANGO",
    "state_iso2": "04",
    "country": "GUATEMALA",
    "country_iso2": "GT",
    "country_iso3": "GTM",
    "country_native": "GUATEMALA"
  }
]