[
  {
    "id": 111065,
    "name": "AHWATUKEE FOOTHILLS",
    "state": "ARIZONA",
    "state_iso2": "AZ",
    "country": "UNITED STATES",
    "country_iso2": "US",
    "country_iso3": "USA",
    "country_native": "UNITED STATES"
  },
  {
    "id": 111075,
    "name": "AJO",
    "state": "ARIZONA",
    "state_iso2": "AZ",
    "country": "UNITED STATES",
    "country_iso2": "US",
    "country_iso3": "USA",
    "country_native": "UNITED STATES"
  },
  {
    "id": 111170,
    "name": "ALHAMBRA",
    "state": "ARIZONA",
    "state_iso2": "AZ",
    "country": "UNITED STATES",
    "country_iso2": "US",
    "country_iso3": "USA",
    "country_native": "UNITED STATES"
  },
  {
    "id": 111367,
    "name": "ANTHEM",
    "state": "ARIZONA",
    "state_iso2": "AZ",
    "country": "UNITED STATES",
    "country_iso2": "US",
    "country_iso3": "USA",
    "country_native": "UNITED STATES"
  },
  {
    "id": 111380,
    "name": "APACHE",
    "state": "ARIZONA",
    "state_iso2": "AZ",
    "country": "UNITED STATES",
    "country_iso2": "US",
    "country_iso3": "USA",
    "country_native": "UNITED STATES"
  },
  {
    "id": 111381,
    "name": "APACHE JUNCTION",
    "state": "ARIZONA",
    "state_iso2": "AZ",
    "country": "UNITED STATES",
    "country_iso2": "US",
    "country_iso3": "USA",
    "country_native": "UNITED STATES"
  },
  {
    "id": 111453,
    "name": "ARIVACA JUNCTION",
    "state": "ARIZONA",
    "state_iso2": "AZ",
    "country": "UNITED STATES",
    "country_iso2": "US",
    "country_iso3": "USA",
    "country_native": "UNITED STATES"
  },
  {
    "id": 111454,
    "name": "ARIZONA CITY",
    "state": "ARIZONA",
    "state_iso2": "AZ",
    "country": "UNITED STATES",
    "country_iso2": "US",
    "country_iso3": "USA",
    "country_native": "UNITED STATES"
  },
  {
    "id": 111679,
    "name": "AVENUE B AND C",
    "state": "ARIZONA",
    "state_iso2": "AZ",
    "country": "UNITED STATES",
    "country_iso2": "US",
    "country_iso3": "USA",
    "country_native": "UNITED STATES"
  },
  {
    "id": 111701,
    "name": "AVONDALE",
    "state": "ARIZONA",
    "state_iso2": "AZ",
    "country": "UNITED STATES",
    "country_iso2": "US",
    "country_iso3": "USA",
    "country_native": "UNITED STATES"
  },
  {
    "id": 111705,
    "name": "AVRA VALLEY",
    "state": "ARIZONA",
    "state_iso2": "AZ",
    "country": "UNITED STATES",
    "country_iso2": "US",
    "country_iso3": "USA",
    "country_native": "UNITED STATES"
  },
  {
    "id": 111727,
    "name": "BAGDAD",
    "state": "ARIZONA",
    "state_iso2": "AZ",
    "country": "UNITED STATES",
    "country_iso2": "US",
    "country_iso3": "USA",
    "country_native": "UNITED STATES"
  },
  {
    "id": 112002,
    "name": "BEAVER DAM",
    "state": "ARIZONA",
    "state_iso2": "AZ",
    "country": "UNITED STATES",
    "country_iso2": "US",
    "country_iso3": "USA",
    "country_native": "UNITED STATES"
  },
  {
    "id": 112184,
    "name": "BENSON",
    "state": "ARIZONA",
    "state_iso2": "AZ",
    "country": "UNITED STATES",
    "country_iso2": "US",
    "country_iso3": "USA",
    "country_native": "UNITED STATES"
  },
  {
    "id": 112327,
    "name": "BIG PARK",
    "state": "ARIZONA",
    "state_iso2": "AZ",
    "country": "UNITED STATES",
    "country_iso2": "US",
    "country_iso3": "USA",
    "country_native": "UNITED STATES"
  },
  {
    "id": 112360,
    "name": "BISBEE",
    "state": "ARIZONA",
    "state_iso2": "AZ",
    "country": "UNITED STATES",
    "country_iso2": "US",
    "country_iso3": "USA",
    "country_native": "UNITED STATES"
  },
  {
    "id": 112371,
    "name": "BLACK CANYON CITY",
    "state": "ARIZONA",
    "state_iso2": "AZ",
    "country": "UNITED STATES",
    "country_iso2": "US",
    "country_iso3": "USA",
    "country_native": "UNITED STATES"
  },
  {
    "id": 112395,
    "name": "BLACKWATER",
    "state": "ARIZONA",
    "state_iso2": "AZ",
    "country": "UNITED STATES",
    "country_iso2": "US",
    "country_iso3": "USA",
    "country_native": "UNITED STATES"
  },
  {
    "id": 112977,
    "name": "BUCKEYE",
    "state": "ARIZONA",
    "state_iso2": "AZ",
    "country": "UNITED STATES",
    "country_iso2": "US",
    "country_iso3": "USA",
    "country_native": "UNITED STATES"
  },
  {
    "id": 113031,
    "name": "BULLHEAD CITY",
    "state": "ARIZONA",
    "state_iso2": "AZ",
    "country": "UNITED STATES",
    "country_iso2": "US",
    "country_iso3": "USA",
    "country_native": "UNITED STATES"
  },
  {
    "id": 113136,
    "name": "BYLAS",
    "state": "ARIZONA",
    "state_iso2": "AZ",
    "country": "UNITED STATES",
    "country_iso2": "US",
    "country_iso3": "USA",
    "country_native": "UNITED STATES"
  },
  {
    "id": 113158,
    "name": "CACTUS FLAT",
    "state": "ARIZONA",
    "state_iso2": "AZ",
    "country": "UNITED STATES",
    "country_iso2": "US",
    "country_iso3": "USA",
    "country_native": "UNITED STATES"
  },
  {
    "id": 113295,
    "name": "CAMP VERDE",
    "state": "ARIZONA",
    "state_iso2": "AZ",
    "country": "UNITED STATES",
    "country_iso2": "US",
    "country_iso3": "USA",
    "country_native": "UNITED STATES"
  },
  {
    "id": 113357,
    "name": "CANYON DAY",
    "state": "ARIZONA",
    "state_iso2": "AZ",
    "country": "UNITED STATES",
    "country_iso2": "US",
    "country_iso3": "USA",
    "country_native": "UNITED STATES"
  },
  {
    "id": 113392,
    "name": "CAREFREE",
    "state": "ARIZONA",
    "state_iso2": "AZ",
    "country": "UNITED STATES",
    "country_iso2": "US",
    "country_iso3": "USA",
    "country_native": "UNITED STATES"
  },
  {
    "id": 113508,
    "name": "CASA BLANCA",
    "state": "ARIZONA",
    "state_iso2": "AZ",
    "country": "UNITED STATES",
    "country_iso2": "US",
    "country_iso3": "USA",
    "country_native": "UNITED STATES"
  },
  {
    "id": 113510,
    "name": "CASA GRANDE",
    "state": "ARIZONA",
    "state_iso2": "AZ",
    "country": "UNITED STATES",
    "country_iso2": "US",
    "country_iso3": "USA",
    "country_native": "UNITED STATES"
  },
  {
    "id": 113512,
    "name": "CASAS ADOBES",
    "state": "ARIZONA",
    "state_iso2": "AZ",
    "country": "UNITED STATES",
    "country_iso2": "US",
    "country_iso3": "USA",
    "country_native": "UNITED STATES"
  },
  {
    "id": 113563,
    "name": "CATALINA",
    "state": "ARIZONA",
    "state_iso2": "AZ",
    "country": "UNITED STATES",
    "country_iso2": "US",
    "country_iso3": "USA",
    "country_native": "UNITED STATES"
  },
  {
    "id": 113564,
    "name": "CATALINA FOOTHILLS",
    "state": "ARIZONA",
    "state_iso2": "AZ",
    "country": "UNITED STATES",
    "country_iso2": "US",
    "country_iso3": "USA",
    "country_native": "UNITED STATES"
  },
  {
    "id": 113585,
    "name": "CAVE CREEK",
    "state": "ARIZONA",
    "state_iso2": "AZ",
    "country": "UNITED STATES",
    "country_iso2": "US",
    "country_iso3": "USA",
    "country_native": "UNITED STATES"
  },
  {
    "id": 113635,
    "name": "CENTENNIAL PARK",
    "state": "ARIZONA",
    "state_iso2": "AZ",
    "country": "UNITED STATES",
    "country_iso2": "US",
    "country_iso3": "USA",
    "country_native": "UNITED STATES"
  },
  {
    "id": 113672,
    "name": "CENTRAL CITY",
    "state": "ARIZONA",
    "state_iso2": "AZ",
    "country": "UNITED STATES",
    "country_iso2": "US",
    "country_iso3": "USA",
    "country_native": "UNITED STATES"
  },
  {
    "id": 113676,
    "name": "CENTRAL HEIGHTS-MIDLAND CITY",
    "state": "ARIZONA",
    "state_iso2": "AZ",
    "country": "UNITED STATES",
    "country_iso2": "US",
    "country_iso3": "USA",
    "country_native": "UNITED STATES"
  },
  {
    "id": 113731,
    "name": "CHANDLER",
    "state": "ARIZONA",
    "state_iso2": "AZ",
    "country": "UNITED STATES",
    "country_iso2": "US",
    "country_iso3": "USA",
    "country_native": "UNITED STATES"
  },
  {
    "id": 113967,
    "name": "CHINLE",
    "state": "ARIZONA",
    "state_iso2": "AZ",
    "country": "UNITED STATES",
    "country_iso2": "US",
    "country_iso3": "USA",
    "country_native": "UNITED STATES"
  },
  {
    "id": 113970,
    "name": "CHINO VALLEY",
    "state": "ARIZONA",
    "state_iso2": "AZ",
    "country": "UNITED STATES",
    "country_iso2": "US",
    "country_iso3": "USA",
    "country_native": "UNITED STATES"
  },
  {
    "id": 114016,
    "name": "CIBECUE",
    "state": "ARIZONA",
    "state_iso2": "AZ",
    "country": "UNITED STATES",
    "country_iso2": "US",
    "country_iso3": "USA",
    "country_native": "UNITED STATES"
  },
  {
    "id": 114021,
    "name": "CIENEGA SPRINGS",
    "state": "ARIZONA",
    "state_iso2": "AZ",
    "country": "UNITED STATES",
    "country_iso2": "US",
    "country_iso3": "USA",
    "country_native": "UNITED STATES"
  },
  {
    "id": 114040,
    "name": "CITRUS PARK",
    "state": "ARIZONA",
    "state_iso2": "AZ",
    "country": "UNITED STATES",
    "country_iso2": "US",
    "country_iso3": "USA",
    "country_native": "UNITED STATES"
  },
  {
    "id": 114133,
    "name": "CLARKDALE",
    "state": "ARIZONA",
    "state_iso2": "AZ",
    "country": "UNITED STATES",
    "country_iso2": "US",
    "country_iso3": "USA",
    "country_native": "UNITED STATES"
  },
  {
    "id": 114193,
    "name": "CLAYPOOL",
    "state": "ARIZONA",
    "state_iso2": "AZ",
    "country": "UNITED STATES",
    "country_iso2": "US",
    "country_iso3": "USA",
    "country_native": "UNITED STATES"
  },
  {
    "id": 114260,
    "name": "CLIFTON",
    "state": "ARIZONA",
    "state_iso2": "AZ",
    "country": "UNITED STATES",
    "country_iso2": "US",
    "country_iso3": "USA",
    "country_native": "UNITED STATES"
  },
  {
    "id": 114349,
    "name": "COCHISE",
    "state": "ARIZONA",
    "state_iso2": "AZ",
    "country": "UNITED STATES",
    "country_iso2": "US",
    "country_iso3": "USA",
    "country_native": "UNITED STATES"
  },
  {
    "id": 114360,
    "name": "COCONINO",
    "state": "ARIZONA",
    "state_iso2": "AZ",
    "country": "UNITED STATES",
    "country_iso2": "US",
    "country_iso3": "USA",
    "country_native": "UNITED STATES"
  },
  {
    "id": 114454,
    "name": "COLORADO CITY",
    "state": "ARIZONA",
    "state_iso2": "AZ",
    "country": "UNITED STATES",
    "country_iso2": "US",
    "country_iso3": "USA",
    "country_native": "UNITED STATES"
  },
  {
    "id": 114558,
    "name": "CONGRESS",
    "state": "ARIZONA",
    "state_iso2": "AZ",
    "country": "UNITED STATES",
    "country_iso2": "US",
    "country_iso3": "USA",
    "country_native": "UNITED STATES"
  },
  {
    "id": 114598,
    "name": "COOLIDGE",
    "state": "ARIZONA",
    "state_iso2": "AZ",
    "country": "UNITED STATES",
    "country_iso2": "US",
    "country_iso3": "USA",
    "country_native": "UNITED STATES"
  },
  {
    "id": 114637,
    "name": "CORDES LAKES",
    "state": "ARIZONA",
    "state_iso2": "AZ",
    "country": "UNITED STATES",
    "country_iso2": "US",
    "country_iso3": "USA",
    "country_native": "UNITED STATES"
  },
  {
    "id": 114657,
    "name": "CORNVILLE",
    "state": "ARIZONA",
    "state_iso2": "AZ",
    "country": "UNITED STATES",
    "country_iso2": "US",
    "country_iso3": "USA",
    "country_native": "UNITED STATES"
  },
  {
    "id": 114663,
    "name": "CORONA DE TUCSON",
    "state": "ARIZONA",
    "state_iso2": "AZ",
    "country": "UNITED STATES",
    "country_iso2": "US",
    "country_iso3": "USA",
    "country_native": "UNITED STATES"
  },
  {
    "id": 114701,
    "name": "COTTONWOOD",
    "state": "ARIZONA",
    "state_iso2": "AZ",
    "country": "UNITED STATES",
    "country_iso2": "US",
    "country_iso3": "USA",
    "country_native": "UNITED STATES"
  },
  {
    "id": 115180,
    "name": "DEER VALLEY",
    "state": "ARIZONA",
    "state_iso2": "AZ",
    "country": "UNITED STATES",
    "country_iso2": "US",
    "country_iso3": "USA",
    "country_native": "UNITED STATES"
  },
  {
    "id": 115281,
    "name": "DESERT HILLS",
    "state": "ARIZONA",
    "state_iso2": "AZ",
    "country": "UNITED STATES",
    "country_iso2": "US",
    "country_iso3": "USA",
    "country_native": "UNITED STATES"
  },
  {
    "id": 115305,
    "name": "DEWEY-HUMBOLDT",
    "state": "ARIZONA",
    "state_iso2": "AZ",
    "country": "UNITED STATES",
    "country_iso2": "US",
    "country_iso3": "USA",
    "country_native": "UNITED STATES"
  },
  {
    "id": 115338,
    "name": "DILKON",
    "state": "ARIZONA",
    "state_iso2": "AZ",
    "country": "UNITED STATES",
    "country_iso2": "US",
    "country_iso3": "USA",
    "country_native": "UNITED STATES"
  },
  {
    "id": 115386,
    "name": "DOLAN SPRINGS",
    "state": "ARIZONA",
    "state_iso2": "AZ",
    "country": "UNITED STATES",
    "country_iso2": "US",
    "country_iso3": "USA",
    "country_native": "UNITED STATES"
  },
  {
    "id": 115402,
    "name": "DONOVAN ESTATES",
    "state": "ARIZONA",
    "state_iso2": "AZ",
    "country": "UNITED STATES",
    "country_iso2": "US",
    "country_iso3": "USA",
    "country_native": "UNITED STATES"
  },
  {
    "id": 115423,
    "name": "DOUGLAS",
    "state": "ARIZONA",
    "state_iso2": "AZ",
    "country": "UNITED STATES",
    "country_iso2": "US",
    "country_iso3": "USA",
    "country_native": "UNITED STATES"
  },
  {
    "id": 115476,
    "name": "DREXEL HEIGHTS",
    "state": "ARIZONA",
    "state_iso2": "AZ",
    "country": "UNITED STATES",
    "country_iso2": "US",
    "country_iso3": "USA",
    "country_native": "UNITED STATES"
  },
  {
    "id": 115594,
    "name": "EAGAR",
    "state": "ARIZONA",
    "state_iso2": "AZ",
    "country": "UNITED STATES",
    "country_iso2": "US",
    "country_iso3": "USA",
    "country_native": "UNITED STATES"
  },
  {
    "id": 115753,
    "name": "EAST SAHUARITA",
    "state": "ARIZONA",
    "state_iso2": "AZ",
    "country": "UNITED STATES",
    "country_iso2": "US",
    "country_iso3": "USA",
    "country_native": "UNITED STATES"
  },
  {
    "id": 115907,
    "name": "EHRENBERG",
    "state": "ARIZONA",
    "state_iso2": "AZ",
    "country": "UNITED STATES",
    "country_iso2": "US",
    "country_iso3": "USA",
    "country_native": "UNITED STATES"
  },
  {
    "id": 115927,
    "name": "EL MIRAGE",
    "state": "ARIZONA",
    "state_iso2": "AZ",
    "country": "UNITED STATES",
    "country_iso2": "US",
    "country_iso3": "USA",
    "country_native": "UNITED STATES"
  },
  {
    "id": 116065,
    "name": "ELOY",
    "state": "ARIZONA",
    "state_iso2": "AZ",
    "country": "UNITED STATES",
    "country_iso2": "US",
    "country_iso3": "USA",
    "country_native": "UNITED STATES"
  },
  {
    "id": 116116,
    "name": "ENCANTO",
    "state": "ARIZONA",
    "state_iso2": "AZ",
    "country": "UNITED STATES",
    "country_iso2": "US",
    "country_iso3": "USA",
    "country_native": "UNITED STATES"
  },
  {
    "id": 116523,
    "name": "FIRST MESA",
    "state": "ARIZONA",
    "state_iso2": "AZ",
    "country": "UNITED STATES",
    "country_iso2": "US",
    "country_iso3": "USA",
    "country_native": "UNITED STATES"
  },
  {
    "id": 116546,
    "name": "FLAGSTAFF",
    "state": "ARIZONA",
    "state_iso2": "AZ",
    "country": "UNITED STATES",
    "country_iso2": "US",
    "country_iso3": "USA",
    "country_native": "UNITED STATES"
  },
  {
    "id": 116583,
    "name": "FLORENCE",
    "state": "ARIZONA",
    "state_iso2": "AZ",
    "country": "UNITED STATES",
    "country_iso2": "US",
    "country_iso3": "USA",
    "country_native": "UNITED STATES"
  },
  {
    "id": 116603,
    "name": "FLOWING WELLS",
    "state": "ARIZONA",
    "state_iso2": "AZ",
    "country": "UNITED STATES",
    "country_iso2": "US",
    "country_iso3": "USA",
    "country_native": "UNITED STATES"
  },
  {
    "id": 116704,
    "name": "FORT DEFIANCE",
    "state": "ARIZONA",
    "state_iso2": "AZ",
    "country": "UNITED STATES",
    "country_iso2": "US",
    "country_iso3": "USA",
    "country_native": "UNITED STATES"
  },
  {
    "id": 116768,
    "name": "FORTUNA FOOTHILLS",
    "state": "ARIZONA",
    "state_iso2": "AZ",
    "country": "UNITED STATES",
    "country_iso2": "US",
    "country_iso3": "USA",
    "country_native": "UNITED STATES"
  },
  {
    "id": 116782,
    "name": "FOUNTAIN HILLS",
    "state": "ARIZONA",
    "state_iso2": "AZ",
    "country": "UNITED STATES",
    "country_iso2": "US",
    "country_iso3": "USA",
    "country_native": "UNITED STATES"
  },
  {
    "id": 116898,
    "name": "FREDONIA",
    "state": "ARIZONA",
    "state_iso2": "AZ",
    "country": "UNITED STATES",
    "country_iso2": "US",
    "country_iso3": "USA",
    "country_native": "UNITED STATES"
  },
  {
    "id": 117048,
    "name": "GANADO",
    "state": "ARIZONA",
    "state_iso2": "AZ",
    "country": "UNITED STATES",
    "country_iso2": "US",
    "country_iso3": "USA",
    "country_native": "UNITED STATES"
  },
  {
    "id": 117201,
    "name": "GILA",
    "state": "ARIZONA",
    "state_iso2": "AZ",
    "country": "UNITED STATES",
    "country_iso2": "US",
    "country_iso3": "USA",
    "country_native": "UNITED STATES"
  },
  {
    "id": 117200,
    "name": "GILA BEND",
    "state": "ARIZONA",
    "state_iso2": "AZ",
    "country": "UNITED STATES",
    "country_iso2": "US",
    "country_iso3": "USA",
    "country_native": "UNITED STATES"
  },
  {
    "id": 117204,
    "name": "GILBERT",
    "state": "ARIZONA",
    "state_iso2": "AZ",
    "country": "UNITED STATES",
    "country_iso2": "US",
    "country_iso3": "USA",
    "country_native": "UNITED STATES"
  },
  {
    "id": 117285,
    "name": "GLENDALE",
    "state": "ARIZONA",
    "state_iso2": "AZ",
    "country": "UNITED STATES",
    "country_iso2": "US",
    "country_iso3": "USA",
    "country_native": "UNITED STATES"
  },
  {
    "id": 117321,
    "name": "GLOBE",
    "state": "ARIZONA",
    "state_iso2": "AZ",
    "country": "UNITED STATES",
    "country_iso2": "US",
    "country_iso3": "USA",
    "country_native": "UNITED STATES"
  },
  {
    "id": 117341,
    "name": "GOLD CAMP",
    "state": "ARIZONA",
    "state_iso2": "AZ",
    "country": "UNITED STATES",
    "country_iso2": "US",
    "country_iso3": "USA",
    "country_native": "UNITED STATES"
  },
  {
    "id": 117342,
    "name": "GOLD CANYON",
    "state": "ARIZONA",
    "state_iso2": "AZ",
    "country": "UNITED STATES",
    "country_iso2": "US",
    "country_iso3": "USA",
    "country_native": "UNITED STATES"
  },
  {
    "id": 117353,
    "name": "GOLDEN SHORES",
    "state": "ARIZONA",
    "state_iso2": "AZ",
    "country": "UNITED STATES",
    "country_iso2": "US",
    "country_iso3": "USA",
    "country_native": "UNITED STATES"
  },
  {
    "id": 117356,
    "name": "GOLDEN VALLEY",
    "state": "ARIZONA",
    "state_iso2": "AZ",
    "country": "UNITED STATES",
    "country_iso2": "US",
    "country_iso3": "USA",
    "country_native": "UNITED STATES"
  },
  {
    "id": 117393,
    "name": "GOODYEAR",
    "state": "ARIZONA",
    "state_iso2": "AZ",
    "country": "UNITED STATES",
    "country_iso2": "US",
    "country_iso3": "USA",
    "country_native": "UNITED STATES"
  },
  {
    "id": 117439,
    "name": "GRAHAM COUNTY",
    "state": "ARIZONA",
    "state_iso2": "AZ",
    "country": "UNITED STATES",
    "country_iso2": "US",
    "country_iso3": "USA",
    "country_native": "UNITED STATES"
  },
  {
    "id": 117452,
    "name": "GRAND CANYON",
    "state": "ARIZONA",
    "state_iso2": "AZ",
    "country": "UNITED STATES",
    "country_iso2": "US",
    "country_iso3": "USA",
    "country_native": "UNITED STATES"
  },
  {
    "id": 117610,
    "name": "GREEN VALLEY",
    "state": "ARIZONA",
    "state_iso2": "AZ",
    "country": "UNITED STATES",
    "country_iso2": "US",
    "country_iso3": "USA",
    "country_native": "UNITED STATES"
  },
  {
    "id": 117659,
    "name": "GREENLEE",
    "state": "ARIZONA",
    "state_iso2": "AZ",
    "country": "UNITED STATES",
    "country_iso2": "US",
    "country_iso3": "USA",
    "country_native": "UNITED STATES"
  },
  {
    "id": 117776,
    "name": "GUADALUPE",
    "state": "ARIZONA",
    "state_iso2": "AZ",
    "country": "UNITED STATES",
    "country_iso2": "US",
    "country_iso3": "USA",
    "country_native": "UNITED STATES"
  },
  {
    "id": 118231,
    "name": "HEBER-OVERGAARD",
    "state": "ARIZONA",
    "state_iso2": "AZ",
    "country": "UNITED STATES",
    "country_iso2": "US",
    "country_iso3": "USA",
    "country_native": "UNITED STATES"
  },
  {
    "id": 118519,
    "name": "HOLBROOK",
    "state": "ARIZONA",
    "state_iso2": "AZ",
    "country": "UNITED STATES",
    "country_iso2": "US",
    "country_iso3": "USA",
    "country_native": "UNITED STATES"
  },
  {
    "id": 118688,
    "name": "HOUCK",
    "state": "ARIZONA",
    "state_iso2": "AZ",
    "country": "UNITED STATES",
    "country_iso2": "US",
    "country_iso3": "USA",
    "country_native": "UNITED STATES"
  },
  {
    "id": 118729,
    "name": "HUACHUCA CITY",
    "state": "ARIZONA",
    "state_iso2": "AZ",
    "country": "UNITED STATES",
    "country_iso2": "US",
    "country_iso3": "USA",
    "country_native": "UNITED STATES"
  },
  {
    "id": 119319,
    "name": "JOSEPH CITY",
    "state": "ARIZONA",
    "state_iso2": "AZ",
    "country": "UNITED STATES",
    "country_iso2": "US",
    "country_iso3": "USA",
    "country_native": "UNITED STATES"
  },
  {
    "id": 119349,
    "name": "KACHINA VILLAGE",
    "state": "ARIZONA",
    "state_iso2": "AZ",
    "country": "UNITED STATES",
    "country_iso2": "US",
    "country_iso3": "USA",
    "country_native": "UNITED STATES"
  },
  {
    "id": 119356,
    "name": "KAIBITO",
    "state": "ARIZONA",
    "state_iso2": "AZ",
    "country": "UNITED STATES",
    "country_iso2": "US",
    "country_iso3": "USA",
    "country_native": "UNITED STATES"
  },
  {
    "id": 119402,
    "name": "KAYENTA",
    "state": "ARIZONA",
    "state_iso2": "AZ",
    "country": "UNITED STATES",
    "country_iso2": "US",
    "country_iso3": "USA",
    "country_native": "UNITED STATES"
  },
  {
    "id": 119413,
    "name": "KEARNY",
    "state": "ARIZONA",
    "state_iso2": "AZ",
    "country": "UNITED STATES",
    "country_iso2": "US",
    "country_iso3": "USA",
    "country_native": "UNITED STATES"
  },
  {
    "id": 119595,
    "name": "KINGMAN",
    "state": "ARIZONA",
    "state_iso2": "AZ",
    "country": "UNITED STATES",
    "country_iso2": "US",
    "country_iso3": "USA",
    "country_native": "UNITED STATES"
  },
  {
    "id": 119771,
    "name": "LA PAZ",
    "state": "ARIZONA",
    "state_iso2": "AZ",
    "country": "UNITED STATES",
    "country_iso2": "US",
    "country_iso3": "USA",
    "country_native": "UNITED STATES"
  },
  {
    "id": 119918,
    "name": "LAKE HAVASU CITY",
    "state": "ARIZONA",
    "state_iso2": "AZ",
    "country": "UNITED STATES",
    "country_iso2": "US",
    "country_iso3": "USA",
    "country_native": "UNITED STATES"
  },
  {
    "id": 119946,
    "name": "LAKE MONTEZUMA",
    "state": "ARIZONA",
    "state_iso2": "AZ",
    "country": "UNITED STATES",
    "country_iso2": "US",
    "country_iso3": "USA",
    "country_native": "UNITED STATES"
  },
  {
    "id": 120007,
    "name": "LAKE OF THE WOODS",
    "state": "ARIZONA",
    "state_iso2": "AZ",
    "country": "UNITED STATES",
    "country_iso2": "US",
    "country_iso3": "USA",
    "country_native": "UNITED STATES"
  },
  {
    "id": 120217,
    "name": "LAVEEN",
    "state": "ARIZONA",
    "state_iso2": "AZ",
    "country": "UNITED STATES",
    "country_iso2": "US",
    "country_iso3": "USA",
    "country_native": "UNITED STATES"
  },
  {
    "id": 120266,
    "name": "LECHEE",
    "state": "ARIZONA",
    "state_iso2": "AZ",
    "country": "UNITED STATES",
    "country_iso2": "US",
    "country_iso3": "USA",
    "country_native": "UNITED STATES"
  },
  {
    "id": 120565,
    "name": "LINDEN",
    "state": "ARIZONA",
    "state_iso2": "AZ",
    "country": "UNITED STATES",
    "country_iso2": "US",
    "country_iso3": "USA",
    "country_native": "UNITED STATES"
  },
  {
    "id": 120609,
    "name": "LITCHFIELD PARK",
    "state": "ARIZONA",
    "state_iso2": "AZ",
    "country": "UNITED STATES",
    "country_iso2": "US",
    "country_iso3": "USA",
    "country_native": "UNITED STATES"
  },
  {
    "id": 120874,
    "name": "LUKACHUKAI",
    "state": "ARIZONA",
    "state_iso2": "AZ",
    "country": "UNITED STATES",
    "country_iso2": "US",
    "country_iso3": "USA",
    "country_native": "UNITED STATES"
  },
  {
    "id": 121076,
    "name": "MAMMOTH",
    "state": "ARIZONA",
    "state_iso2": "AZ",
    "country": "UNITED STATES",
    "country_iso2": "US",
    "country_iso3": "USA",
    "country_native": "UNITED STATES"
  },
  {
    "id": 121164,
    "name": "MANY FARMS",
    "state": "ARIZONA",
    "state_iso2": "AZ",
    "country": "UNITED STATES",
    "country_iso2": "US",
    "country_iso3": "USA",
    "country_native": "UNITED STATES"
  },
  {
    "id": 121183,
    "name": "MARANA",
    "state": "ARIZONA",
    "state_iso2": "AZ",
    "country": "UNITED STATES",
    "country_iso2": "US",
    "country_iso3": "USA",
    "country_native": "UNITED STATES"
  },
  {
    "id": 121211,
    "name": "MARICOPA",
    "state": "ARIZONA",
    "state_iso2": "AZ",
    "country": "UNITED STATES",
    "country_iso2": "US",
    "country_iso3": "USA",
    "country_native": "UNITED STATES"
  },
  {
    "id": 121213,
    "name": "MARICOPA COUNTY",
    "state": "ARIZONA",
    "state_iso2": "AZ",
    "country": "UNITED STATES",
    "country_iso2": "US",
    "country_iso3": "USA",
    "country_native": "UNITED STATES"
  },
  {
    "id": 121362,
    "name": "MARYVALE",
    "state": "ARIZONA",
    "state_iso2": "AZ",
    "country": "UNITED STATES",
    "country_iso2": "US",
    "country_iso3": "USA",
    "country_native": "UNITED STATES"
  },
  {
    "id": 121433,
    "name": "MAYER",
    "state": "ARIZONA",
    "state_iso2": "AZ",
    "country": "UNITED STATES",
    "country_iso2": "US",
    "country_iso3": "USA",
    "country_native": "UNITED STATES"
  },
  {
    "id": 121573,
    "name": "MEADVIEW",
    "state": "ARIZONA",
    "state_iso2": "AZ",
    "country": "UNITED STATES",
    "country_iso2": "US",
    "country_iso3": "USA",
    "country_native": "UNITED STATES"
  },
  {
    "id": 121720,
    "name": "MESA",
    "state": "ARIZONA",
    "state_iso2": "AZ",
    "country": "UNITED STATES",
    "country_iso2": "US",
    "country_iso3": "USA",
    "country_native": "UNITED STATES"
  },
  {
    "id": 121723,
    "name": "MESCAL",
    "state": "ARIZONA",
    "state_iso2": "AZ",
    "country": "UNITED STATES",
    "country_iso2": "US",
    "country_iso3": "USA",
    "country_native": "UNITED STATES"
  },
  {
    "id": 121748,
    "name": "MIAMI",
    "state": "ARIZONA",
    "state_iso2": "AZ",
    "country": "UNITED STATES",
    "country_iso2": "US",
    "country_iso3": "USA",
    "country_native": "UNITED STATES"
  },
  {
    "id": 122019,
    "name": "MOHAVE",
    "state": "ARIZONA",
    "state_iso2": "AZ",
    "country": "UNITED STATES",
    "country_iso2": "US",
    "country_iso3": "USA",
    "country_native": "UNITED STATES"
  },
  {
    "id": 122020,
    "name": "MOHAVE VALLEY",
    "state": "ARIZONA",
    "state_iso2": "AZ",
    "country": "UNITED STATES",
    "country_iso2": "US",
    "country_iso3": "USA",
    "country_native": "UNITED STATES"
  },
  {
    "id": 122230,
    "name": "MORENCI",
    "state": "ARIZONA",
    "state_iso2": "AZ",
    "country": "UNITED STATES",
    "country_iso2": "US",
    "country_iso3": "USA",
    "country_native": "UNITED STATES"
  },
  {
    "id": 122436,
    "name": "MOUNTAINAIRE",
    "state": "ARIZONA",
    "state_iso2": "AZ",
    "country": "UNITED STATES",
    "country_iso2": "US",
    "country_iso3": "USA",
    "country_native": "UNITED STATES"
  },
  {
    "id": 122531,
    "name": "NACO",
    "state": "ARIZONA",
    "state_iso2": "AZ",
    "country": "UNITED STATES",
    "country_iso2": "US",
    "country_iso3": "USA",
    "country_native": "UNITED STATES"
  },
  {
    "id": 122598,
    "name": "NAVAJO",
    "state": "ARIZONA",
    "state_iso2": "AZ",
    "country": "UNITED STATES",
    "country_iso2": "US",
    "country_iso3": "USA",
    "country_native": "UNITED STATES"
  },
  {
    "id": 122736,
    "name": "NEW KINGMAN-BUTLER",
    "state": "ARIZONA",
    "state_iso2": "AZ",
    "country": "UNITED STATES",
    "country_iso2": "US",
    "country_iso3": "USA",
    "country_native": "UNITED STATES"
  },
  {
    "id": 122771,
    "name": "NEW RIVER",
    "state": "ARIZONA",
    "state_iso2": "AZ",
    "country": "UNITED STATES",
    "country_iso2": "US",
    "country_iso3": "USA",
    "country_native": "UNITED STATES"
  },
  {
    "id": 122927,
    "name": "NOGALES",
    "state": "ARIZONA",
    "state_iso2": "AZ",
    "country": "UNITED STATES",
    "country_iso2": "US",
    "country_iso3": "USA",
    "country_native": "UNITED STATES"
  },
  {
    "id": 123027,
    "name": "NORTH FORK",
    "state": "ARIZONA",
    "state_iso2": "AZ",
    "country": "UNITED STATES",
    "country_iso2": "US",
    "country_iso3": "USA",
    "country_native": "UNITED STATES"
  },
  {
    "id": 123502,
    "name": "ORACLE",
    "state": "ARIZONA",
    "state_iso2": "AZ",
    "country": "UNITED STATES",
    "country_iso2": "US",
    "country_iso3": "USA",
    "country_native": "UNITED STATES"
  },
  {
    "id": 123571,
    "name": "ORO VALLEY",
    "state": "ARIZONA",
    "state_iso2": "AZ",
    "country": "UNITED STATES",
    "country_iso2": "US",
    "country_iso3": "USA",
    "country_native": "UNITED STATES"
  },
  {
    "id": 123717,
    "name": "PAGE",
    "state": "ARIZONA",
    "state_iso2": "AZ",
    "country": "UNITED STATES",
    "country_iso2": "US",
    "country_iso3": "USA",
    "country_native": "UNITED STATES"
  },
  {
    "id": 123822,
    "name": "PARADISE VALLEY",
    "state": "ARIZONA",
    "state_iso2": "AZ",
    "country": "UNITED STATES",
    "country_iso2": "US",
    "country_iso3": "USA",
    "country_native": "UNITED STATES"
  },
  {
    "id": 123861,
    "name": "PARKER",
    "state": "ARIZONA",
    "state_iso2": "AZ",
    "country": "UNITED STATES",
    "country_iso2": "US",
    "country_iso3": "USA",
    "country_native": "UNITED STATES"
  },
  {
    "id": 123873,
    "name": "PARKS",
    "state": "ARIZONA",
    "state_iso2": "AZ",
    "country": "UNITED STATES",
    "country_iso2": "US",
    "country_iso3": "USA",
    "country_native": "UNITED STATES"
  },
  {
    "id": 123921,
    "name": "PAULDEN",
    "state": "ARIZONA",
    "state_iso2": "AZ",
    "country": "UNITED STATES",
    "country_iso2": "US",
    "country_iso3": "USA",
    "country_native": "UNITED STATES"
  },
  {
    "id": 123949,
    "name": "PAYSON",
    "state": "ARIZONA",
    "state_iso2": "AZ",
    "country": "UNITED STATES",
    "country_iso2": "US",
    "country_iso3": "USA",
    "country_native": "UNITED STATES"
  },
  {
    "id": 123958,
    "name": "PEACH SPRINGS",
    "state": "ARIZONA",
    "state_iso2": "AZ",
    "country": "UNITED STATES",
    "country_iso2": "US",
    "country_iso3": "USA",
    "country_native": "UNITED STATES"
  },
  {
    "id": 124047,
    "name": "PEORIA",
    "state": "ARIZONA",
    "state_iso2": "AZ",
    "country": "UNITED STATES",
    "country_iso2": "US",
    "country_iso3": "USA",
    "country_native": "UNITED STATES"
  },
  {
    "id": 124060,
    "name": "PERIDOT",
    "state": "ARIZONA",
    "state_iso2": "AZ",
    "country": "UNITED STATES",
    "country_iso2": "US",
    "country_iso3": "USA",
    "country_native": "UNITED STATES"
  },
  {
    "id": 124148,
    "name": "PHOENIX",
    "state": "ARIZONA",
    "state_iso2": "AZ",
    "country": "UNITED STATES",
    "country_iso2": "US",
    "country_iso3": "USA",
    "country_native": "UNITED STATES"
  },
  {
    "id": 124163,
    "name": "PICTURE ROCKS",
    "state": "ARIZONA",
    "state_iso2": "AZ",
    "country": "UNITED STATES",
    "country_iso2": "US",
    "country_iso3": "USA",
    "country_native": "UNITED STATES"
  },
  {
    "id": 124203,
    "name": "PIMA",
    "state": "ARIZONA",
    "state_iso2": "AZ",
    "country": "UNITED STATES",
    "country_iso2": "US",
    "country_iso3": "USA",
    "country_native": "UNITED STATES"
  },
  {
    "id": 124204,
    "name": "PIMA COUNTY",
    "state": "ARIZONA",
    "state_iso2": "AZ",
    "country": "UNITED STATES",
    "country_iso2": "US",
    "country_iso3": "USA",
    "country_native": "UNITED STATES"
  },
  {
    "id": 124206,
    "name": "PINAL",
    "state": "ARIZONA",
    "state_iso2": "AZ",
    "country": "UNITED STATES",
    "country_iso2": "US",
    "country_iso3": "USA",
    "country_native": "UNITED STATES"
  },
  {
    "id": 124212,
    "name": "PINE",
    "state": "ARIZONA",
    "state_iso2": "AZ",
    "country": "UNITED STATES",
    "country_iso2": "US",
    "country_iso3": "USA",
    "country_native": "UNITED STATES"
  },
  {
    "id": 124257,
    "name": "PINETOP-LAKESIDE",
    "state": "ARIZONA",
    "state_iso2": "AZ",
    "country": "UNITED STATES",
    "country_iso2": "US",
    "country_iso3": "USA",
    "country_native": "UNITED STATES"
  },
  {
    "id": 124279,
    "name": "PIRTLEVILLE",
    "state": "ARIZONA",
    "state_iso2": "AZ",
    "country": "UNITED STATES",
    "country_iso2": "US",
    "country_iso3": "USA",
    "country_native": "UNITED STATES"
  },
  {
    "id": 124643,
    "name": "PRESCOTT",
    "state": "ARIZONA",
    "state_iso2": "AZ",
    "country": "UNITED STATES",
    "country_iso2": "US",
    "country_iso3": "USA",
    "country_native": "UNITED STATES"
  },
  {
    "id": 124645,
    "name": "PRESCOTT VALLEY",
    "state": "ARIZONA",
    "state_iso2": "AZ",
    "country": "UNITED STATES",
    "country_iso2": "US",
    "country_iso3": "USA",
    "country_native": "UNITED STATES"
  },
  {
    "id": 124783,
    "name": "QUARTZSITE",
    "state": "ARIZONA",
    "state_iso2": "AZ",
    "country": "UNITED STATES",
    "country_iso2": "US",
    "country_iso3": "USA",
    "country_native": "UNITED STATES"
  },
  {
    "id": 124788,
    "name": "QUEEN CREEK",
    "state": "ARIZONA",
    "state_iso2": "AZ",
    "country": "UNITED STATES",
    "country_iso2": "US",
    "country_iso3": "USA",
    "country_native": "UNITED STATES"
  },
  {
    "id": 125159,
    "name": "RIO RICO",
    "state": "ARIZONA",
    "state_iso2": "AZ",
    "country": "UNITED STATES",
    "country_iso2": "US",
    "country_iso3": "USA",
    "country_native": "UNITED STATES"
  },
  {
    "id": 125160,
    "name": "RIO VERDE",
    "state": "ARIZONA",
    "state_iso2": "AZ",
    "country": "UNITED STATES",
    "country_iso2": "US",
    "country_iso3": "USA",
    "country_native": "UNITED STATES"
  },
  {
    "id": 125573,
    "name": "SACATON",
    "state": "ARIZONA",
    "state_iso2": "AZ",
    "country": "UNITED STATES",
    "country_iso2": "US",
    "country_iso3": "USA",
    "country_native": "UNITED STATES"
  },
  {
    "id": 125580,
    "name": "SADDLE BROOKE",
    "state": "ARIZONA",
    "state_iso2": "AZ",
    "country": "UNITED STATES",
    "country_iso2": "US",
    "country_iso3": "USA",
    "country_native": "UNITED STATES"
  },
  {
    "id": 125583,
    "name": "SAFFORD",
    "state": "ARIZONA",
    "state_iso2": "AZ",
    "country": "UNITED STATES",
    "country_iso2": "US",
    "country_iso3": "USA",
    "country_native": "UNITED STATES"
  },
  {
    "id": 125593,
    "name": "SAHUARITA",
    "state": "ARIZONA",
    "state_iso2": "AZ",
    "country": "UNITED STATES",
    "country_iso2": "US",
    "country_iso3": "USA",
    "country_native": "UNITED STATES"
  },
  {
    "id": 125630,
    "name": "SAINT DAVID",
    "state": "ARIZONA",
    "state_iso2": "AZ",
    "country": "UNITED STATES",
    "country_iso2": "US",
    "country_iso3": "USA",
    "country_native": "UNITED STATES"
  },
  {
    "id": 125666,
    "name": "SAINT JOHNS",
    "state": "ARIZONA",
    "state_iso2": "AZ",
    "country": "UNITED STATES",
    "country_iso2": "US",
    "country_iso3": "USA",
    "country_native": "UNITED STATES"
  },
  {
    "id": 125699,
    "name": "SAINT MICHAELS",
    "state": "ARIZONA",
    "state_iso2": "AZ",
    "country": "UNITED STATES",
    "country_iso2": "US",
    "country_iso3": "USA",
    "country_native": "UNITED STATES"
  },
  {
    "id": 125766,
    "name": "SALOME",
    "state": "ARIZONA",
    "state_iso2": "AZ",
    "country": "UNITED STATES",
    "country_iso2": "US",
    "country_iso3": "USA",
    "country_native": "UNITED STATES"
  },
  {
    "id": 125797,
    "name": "SAN CARLOS",
    "state": "ARIZONA",
    "state_iso2": "AZ",
    "country": "UNITED STATES",
    "country_iso2": "US",
    "country_iso3": "USA",
    "country_native": "UNITED STATES"
  },
  {
    "id": 125827,
    "name": "SAN LUIS",
    "state": "ARIZONA",
    "state_iso2": "AZ",
    "country": "UNITED STATES",
    "country_iso2": "US",
    "country_iso3": "USA",
    "country_native": "UNITED STATES"
  },
  {
    "id": 125831,
    "name": "SAN MANUEL",
    "state": "ARIZONA",
    "state_iso2": "AZ",
    "country": "UNITED STATES",
    "country_iso2": "US",
    "country_iso3": "USA",
    "country_native": "UNITED STATES"
  },
  {
    "id": 125850,
    "name": "SAN TAN VALLEY",
    "state": "ARIZONA",
    "state_iso2": "AZ",
    "country": "UNITED STATES",
    "country_iso2": "US",
    "country_iso3": "USA",
    "country_native": "UNITED STATES"
  },
  {
    "id": 125911,
    "name": "SANTA CRUZ COUNTY",
    "state": "ARIZONA",
    "state_iso2": "AZ",
    "country": "UNITED STATES",
    "country_iso2": "US",
    "country_iso3": "USA",
    "country_native": "UNITED STATES"
  },
  {
    "id": 125999,
    "name": "SCENIC",
    "state": "ARIZONA",
    "state_iso2": "AZ",
    "country": "UNITED STATES",
    "country_iso2": "US",
    "country_iso3": "USA",
    "country_native": "UNITED STATES"
  },
  {
    "id": 126063,
    "name": "SCOTTSDALE",
    "state": "ARIZONA",
    "state_iso2": "AZ",
    "country": "UNITED STATES",
    "country_iso2": "US",
    "country_iso3": "USA",
    "country_native": "UNITED STATES"
  },
  {
    "id": 126121,
    "name": "SEDONA",
    "state": "ARIZONA",
    "state_iso2": "AZ",
    "country": "UNITED STATES",
    "country_iso2": "US",
    "country_iso3": "USA",
    "country_native": "UNITED STATES"
  },
  {
    "id": 126137,
    "name": "SELLS",
    "state": "ARIZONA",
    "state_iso2": "AZ",
    "country": "UNITED STATES",
    "country_iso2": "US",
    "country_iso3": "USA",
    "country_native": "UNITED STATES"
  },
  {
    "id": 126381,
    "name": "SHOW LOW",
    "state": "ARIZONA",
    "state_iso2": "AZ",
    "country": "UNITED STATES",
    "country_iso2": "US",
    "country_iso3": "USA",
    "country_native": "UNITED STATES"
  },
  {
    "id": 126406,
    "name": "SIERRA VISTA",
    "state": "ARIZONA",
    "state_iso2": "AZ",
    "country": "UNITED STATES",
    "country_iso2": "US",
    "country_iso3": "USA",
    "country_native": "UNITED STATES"
  },
  {
    "id": 126407,
    "name": "SIERRA VISTA SOUTHEAST",
    "state": "ARIZONA",
    "state_iso2": "AZ",
    "country": "UNITED STATES",
    "country_iso2": "US",
    "country_iso3": "USA",
    "country_native": "UNITED STATES"
  },
  {
    "id": 126472,
    "name": "SIX SHOOTER CANYON",
    "state": "ARIZONA",
    "state_iso2": "AZ",
    "country": "UNITED STATES",
    "country_iso2": "US",
    "country_iso3": "USA",
    "country_native": "UNITED STATES"
  },
  {
    "id": 126547,
    "name": "SNOWFLAKE",
    "state": "ARIZONA",
    "state_iso2": "AZ",
    "country": "UNITED STATES",
    "country_iso2": "US",
    "country_iso3": "USA",
    "country_native": "UNITED STATES"
  },
  {
    "id": 126591,
    "name": "SOMERTON",
    "state": "ARIZONA",
    "state_iso2": "AZ",
    "country": "UNITED STATES",
    "country_iso2": "US",
    "country_iso3": "USA",
    "country_native": "UNITED STATES"
  },
  {
    "id": 126737,
    "name": "SOUTH TUCSON",
    "state": "ARIZONA",
    "state_iso2": "AZ",
    "country": "UNITED STATES",
    "country_iso2": "US",
    "country_iso3": "USA",
    "country_native": "UNITED STATES"
  },
  {
    "id": 126878,
    "name": "SPRING VALLEY",
    "state": "ARIZONA",
    "state_iso2": "AZ",
    "country": "UNITED STATES",
    "country_iso2": "US",
    "country_iso3": "USA",
    "country_native": "UNITED STATES"
  },
  {
    "id": 126888,
    "name": "SPRINGERVILLE",
    "state": "ARIZONA",
    "state_iso2": "AZ",
    "country": "UNITED STATES",
    "country_iso2": "US",
    "country_iso3": "USA",
    "country_native": "UNITED STATES"
  },
  {
    "id": 126981,
    "name": "STAR VALLEY",
    "state": "ARIZONA",
    "state_iso2": "AZ",
    "country": "UNITED STATES",
    "country_iso2": "US",
    "country_iso3": "USA",
    "country_native": "UNITED STATES"
  },
  {
    "id": 127214,
    "name": "SUMMIT",
    "state": "ARIZONA",
    "state_iso2": "AZ",
    "country": "UNITED STATES",
    "country_iso2": "US",
    "country_iso3": "USA",
    "country_native": "UNITED STATES"
  },
  {
    "id": 127232,
    "name": "SUN CITY",
    "state": "ARIZONA",
    "state_iso2": "AZ",
    "country": "UNITED STATES",
    "country_iso2": "US",
    "country_iso3": "USA",
    "country_native": "UNITED STATES"
  },
  {
    "id": 127235,
    "name": "SUN CITY WEST",
    "state": "ARIZONA",
    "state_iso2": "AZ",
    "country": "UNITED STATES",
    "country_iso2": "US",
    "country_iso3": "USA",
    "country_native": "UNITED STATES"
  },
  {
    "id": 127236,
    "name": "SUN LAKES",
    "state": "ARIZONA",
    "state_iso2": "AZ",
    "country": "UNITED STATES",
    "country_iso2": "US",
    "country_iso3": "USA",
    "country_native": "UNITED STATES"
  },
  {
    "id": 127240,
    "name": "SUN VALLEY",
    "state": "ARIZONA",
    "state_iso2": "AZ",
    "country": "UNITED STATES",
    "country_iso2": "US",
    "country_iso3": "USA",
    "country_native": "UNITED STATES"
  },
  {
    "id": 127280,
    "name": "SUPERIOR",
    "state": "ARIZONA",
    "state_iso2": "AZ",
    "country": "UNITED STATES",
    "country_iso2": "US",
    "country_iso3": "USA",
    "country_native": "UNITED STATES"
  },
  {
    "id": 127290,
    "name": "SURPRISE",
    "state": "ARIZONA",
    "state_iso2": "AZ",
    "country": "UNITED STATES",
    "country_iso2": "US",
    "country_iso3": "USA",
    "country_native": "UNITED STATES"
  },
  {
    "id": 127346,
    "name": "SWIFT TRAIL JUNCTION",
    "state": "ARIZONA",
    "state_iso2": "AZ",
    "country": "UNITED STATES",
    "country_iso2": "US",
    "country_iso3": "USA",
    "country_native": "UNITED STATES"
  },
  {
    "id": 127420,
    "name": "TANQUE VERDE",
    "state": "ARIZONA",
    "state_iso2": "AZ",
    "country": "UNITED STATES",
    "country_iso2": "US",
    "country_iso3": "USA",
    "country_native": "UNITED STATES"
  },
  {
    "id": 127450,
    "name": "TAYLOR",
    "state": "ARIZONA",
    "state_iso2": "AZ",
    "country": "UNITED STATES",
    "country_iso2": "US",
    "country_iso3": "USA",
    "country_native": "UNITED STATES"
  },
  {
    "id": 127494,
    "name": "TEMPE",
    "state": "ARIZONA",
    "state_iso2": "AZ",
    "country": "UNITED STATES",
    "country_iso2": "US",
    "country_iso3": "USA",
    "country_native": "UNITED STATES"
  },
  {
    "id": 127495,
    "name": "TEMPE JUNCTION",
    "state": "ARIZONA",
    "state_iso2": "AZ",
    "country": "UNITED STATES",
    "country_iso2": "US",
    "country_iso3": "USA",
    "country_native": "UNITED STATES"
  },
  {
    "id": 127550,
    "name": "THATCHER",
    "state": "ARIZONA",
    "state_iso2": "AZ",
    "country": "UNITED STATES",
    "country_iso2": "US",
    "country_iso3": "USA",
    "country_native": "UNITED STATES"
  },
  {
    "id": 127616,
    "name": "THREE POINTS",
    "state": "ARIZONA",
    "state_iso2": "AZ",
    "country": "UNITED STATES",
    "country_iso2": "US",
    "country_iso3": "USA",
    "country_native": "UNITED STATES"
  },
  {
    "id": 127703,
    "name": "TOLLESON",
    "state": "ARIZONA",
    "state_iso2": "AZ",
    "country": "UNITED STATES",
    "country_iso2": "US",
    "country_iso3": "USA",
    "country_native": "UNITED STATES"
  },
  {
    "id": 127711,
    "name": "TOMBSTONE",
    "state": "ARIZONA",
    "state_iso2": "AZ",
    "country": "UNITED STATES",
    "country_iso2": "US",
    "country_iso3": "USA",
    "country_native": "UNITED STATES"
  },
  {
    "id": 127724,
    "name": "TONTO BASIN",
    "state": "ARIZONA",
    "state_iso2": "AZ",
    "country": "UNITED STATES",
    "country_iso2": "US",
    "country_iso3": "USA",
    "country_native": "UNITED STATES"
  },
  {
    "id": 127746,
    "name": "TORTOLITA",
    "state": "ARIZONA",
    "state_iso2": "AZ",
    "country": "UNITED STATES",
    "country_iso2": "US",
    "country_iso3": "USA",
    "country_native": "UNITED STATES"
  },
  {
    "id": 127864,
    "name": "TSAILE",
    "state": "ARIZONA",
    "state_iso2": "AZ",
    "country": "UNITED STATES",
    "country_iso2": "US",
    "country_iso3": "USA",
    "country_native": "UNITED STATES"
  },
  {
    "id": 127866,
    "name": "TUBA CITY",
    "state": "ARIZONA",
    "state_iso2": "AZ",
    "country": "UNITED STATES",
    "country_iso2": "US",
    "country_iso3": "USA",
    "country_native": "UNITED STATES"
  },
  {
    "id": 127867,
    "name": "TUBAC",
    "state": "ARIZONA",
    "state_iso2": "AZ",
    "country": "UNITED STATES",
    "country_iso2": "US",
    "country_iso3": "USA",
    "country_native": "UNITED STATES"
  },
  {
    "id": 127874,
    "name": "TUCSON",
    "state": "ARIZONA",
    "state_iso2": "AZ",
    "country": "UNITED STATES",
    "country_iso2": "US",
    "country_iso3": "USA",
    "country_native": "UNITED STATES"
  },
  {
    "id": 127875,
    "name": "TUCSON ESTATES",
    "state": "ARIZONA",
    "state_iso2": "AZ",
    "country": "UNITED STATES",
    "country_iso2": "US",
    "country_iso3": "USA",
    "country_native": "UNITED STATES"
  },
  {
    "id": 128075,
    "name": "VAIL",
    "state": "ARIZONA",
    "state_iso2": "AZ",
    "country": "UNITED STATES",
    "country_iso2": "US",
    "country_iso3": "USA",
    "country_native": "UNITED STATES"
  },
  {
    "id": 128090,
    "name": "VALENCIA WEST",
    "state": "ARIZONA",
    "state_iso2": "AZ",
    "country": "UNITED STATES",
    "country_iso2": "US",
    "country_iso3": "USA",
    "country_native": "UNITED STATES"
  },
  {
    "id": 128095,
    "name": "VALLE VISTA",
    "state": "ARIZONA",
    "state_iso2": "AZ",
    "country": "UNITED STATES",
    "country_iso2": "US",
    "country_iso3": "USA",
    "country_native": "UNITED STATES"
  },
  {
    "id": 128179,
    "name": "VERDE VILLAGE",
    "state": "ARIZONA",
    "state_iso2": "AZ",
    "country": "UNITED STATES",
    "country_iso2": "US",
    "country_iso3": "USA",
    "country_native": "UNITED STATES"
  },
  {
    "id": 128253,
    "name": "VILLAGE OF OAK CREEK (BIG PARK)",
    "state": "ARIZONA",
    "state_iso2": "AZ",
    "country": "UNITED STATES",
    "country_iso2": "US",
    "country_iso3": "USA",
    "country_native": "UNITED STATES"
  },
  {
    "id": 128795,
    "name": "WELLTON",
    "state": "ARIZONA",
    "state_iso2": "AZ",
    "country": "UNITED STATES",
    "country_iso2": "US",
    "country_iso3": "USA",
    "country_native": "UNITED STATES"
  },
  {
    "id": 128978,
    "name": "WEST SEDONA",
    "state": "ARIZONA",
    "state_iso2": "AZ",
    "country": "UNITED STATES",
    "country_iso2": "US",
    "country_iso3": "USA",
    "country_native": "UNITED STATES"
  },
  {
    "id": 129122,
    "name": "WHETSTONE",
    "state": "ARIZONA",
    "state_iso2": "AZ",
    "country": "UNITED STATES",
    "country_iso2": "US",
    "country_iso3": "USA",
    "country_native": "UNITED STATES"
  },
  {
    "id": 129147,
    "name": "WHITE MOUNTAIN LAKE",
    "state": "ARIZONA",
    "state_iso2": "AZ",
    "country": "UNITED STATES",
    "country_iso2": "US",
    "country_iso3": "USA",
    "country_native": "UNITED STATES"
  },
  {
    "id": 129179,
    "name": "WHITERIVER",
    "state": "ARIZONA",
    "state_iso2": "AZ",
    "country": "UNITED STATES",
    "country_iso2": "US",
    "country_iso3": "USA",
    "country_native": "UNITED STATES"
  },
  {
    "id": 129219,
    "name": "WICKENBURG",
    "state": "ARIZONA",
    "state_iso2": "AZ",
    "country": "UNITED STATES",
    "country_iso2": "US",
    "country_iso3": "USA",
    "country_native": "UNITED STATES"
  },
  {
    "id": 129259,
    "name": "WILLCOX",
    "state": "ARIZONA",
    "state_iso2": "AZ",
    "country": "UNITED STATES",
    "country_iso2": "US",
    "country_iso3": "USA",
    "country_native": "UNITED STATES"
  },
  {
    "id": 129260,
    "name": "WILLIAMS",
    "state": "ARIZONA",
    "state_iso2": "AZ",
    "country": "UNITED STATES",
    "country_iso2": "US",
    "country_iso3": "USA",
    "country_native": "UNITED STATES"
  },
  {
    "id": 129275,
    "name": "WILLIAMSON",
    "state": "ARIZONA",
    "state_iso2": "AZ",
    "country": "UNITED STATES",
    "country_iso2": "US",
    "country_iso3": "USA",
    "country_native": "UNITED STATES"
  },
  {
    "id": 129312,
    "name": "WILLOW VALLEY",
    "state": "ARIZONA",
    "state_iso2": "AZ",
    "country": "UNITED STATES",
    "country_iso2": "US",
    "country_iso3": "USA",
    "country_native": "UNITED STATES"
  },
  {
    "id": 129376,
    "name": "WINDOW ROCK",
    "state": "ARIZONA",
    "state_iso2": "AZ",
    "country": "UNITED STATES",
    "country_iso2": "US",
    "country_iso3": "USA",
    "country_native": "UNITED STATES"
  },
  {
    "id": 129429,
    "name": "WINSLOW",
    "state": "ARIZONA",
    "state_iso2": "AZ",
    "country": "UNITED STATES",
    "country_iso2": "US",
    "country_iso3": "USA",
    "country_native": "UNITED STATES"
  },
  {
    "id": 129672,
    "name": "YAVAPAI",
    "state": "ARIZONA",
    "state_iso2": "AZ",
    "country": "UNITED STATES",
    "country_iso2": "US",
    "country_iso3": "USA",
    "country_native": "UNITED STATES"
  },
  {
    "id": 129721,
    "name": "YOUNGTOWN",
    "state": "ARIZONA",
    "state_iso2": "AZ",
    "country": "UNITED STATES",
    "country_iso2": "US",
    "country_iso3": "USA",
    "country_native": "UNITED STATES"
  },
  {
    "id": 129733,
    "name": "YUMA",
    "state": "ARIZONA",
    "state_iso2": "AZ",
    "country": "UNITED STATES",
    "country_iso2": "US",
    "country_iso3": "USA",
    "country_native": "UNITED STATES"
  },
  {
    "id": 129735,
    "name": "YUMA COUNTY",
    "state": "ARIZONA",
    "state_iso2": "AZ",
    "country": "UNITED STATES",
    "country_iso2": "US",
    "country_iso3": "USA",
    "country_native": "UNITED STATES"
  }
]