[
  {
    "id": 9832,
    "name": "ATOCHA",
    "state": "POTOSÍ",
    "state_iso2": "P",
    "country": "BOLIVIA",
    "country_iso2": "BO",
    "country_iso3": "BOL",
    "country_native": "BOLIVIA"
  },
  {
    "id": 9835,
    "name": "BETANZOS",
    "state": "POTOSÍ",
    "state_iso2": "P",
    "country": "BOLIVIA",
    "country_iso2": "BO",
    "country_iso3": "BOL",
    "country_native": "BOLIVIA"
  },
  {
    "id": 9851,
    "name": "COLCHANI",
    "state": "POTOSÍ",
    "state_iso2": "P",
    "country": "BOLIVIA",
    "country_iso2": "BO",
    "country_iso3": "BOL",
    "country_native": "BOLIVIA"
  },
  {
    "id": 9853,
    "name": "COLQUECHACA",
    "state": "POTOSÍ",
    "state_iso2": "P",
    "country": "BOLIVIA",
    "country_iso2": "BO",
    "country_iso3": "BOL",
    "country_native": "BOLIVIA"
  },
  {
    "id": 9861,
    "name": "ENRIQUE BALDIVIESO",
    "state": "POTOSÍ",
    "state_iso2": "P",
    "country": "BOLIVIA",
    "country_iso2": "BO",
    "country_iso3": "BOL",
    "country_native": "BOLIVIA"
  },
  {
    "id": 9880,
    "name": "LLALLAGUA",
    "state": "POTOSÍ",
    "state_iso2": "P",
    "country": "BOLIVIA",
    "country_iso2": "BO",
    "country_iso3": "BOL",
    "country_native": "BOLIVIA"
  },
  {
    "id": 9898,
    "name": "POTOSÍ",
    "state": "POTOSÍ",
    "state_iso2": "P",
    "country": "BOLIVIA",
    "country_iso2": "BO",
    "country_iso3": "BOL",
    "country_native": "BOLIVIA"
  },
  {
    "id": 9900,
    "name": "PROVINCIA ALONZO DE IBÁÑEZ",
    "state": "POTOSÍ",
    "state_iso2": "P",
    "country": "BOLIVIA",
    "country_iso2": "BO",
    "country_iso3": "BOL",
    "country_native": "BOLIVIA"
  },
  {
    "id": 9922,
    "name": "PROVINCIA CHARCAS",
    "state": "POTOSÍ",
    "state_iso2": "P",
    "country": "BOLIVIA",
    "country_iso2": "BO",
    "country_iso3": "BOL",
    "country_native": "BOLIVIA"
  },
  {
    "id": 9923,
    "name": "PROVINCIA CHAYANTA",
    "state": "POTOSÍ",
    "state_iso2": "P",
    "country": "BOLIVIA",
    "country_iso2": "BO",
    "country_iso3": "BOL",
    "country_native": "BOLIVIA"
  },
  {
    "id": 9926,
    "name": "PROVINCIA DANIEL CAMPOS",
    "state": "POTOSÍ",
    "state_iso2": "P",
    "country": "BOLIVIA",
    "country_iso2": "BO",
    "country_iso3": "BOL",
    "country_native": "BOLIVIA"
  },
  {
    "id": 9930,
    "name": "PROVINCIA GENERAL BILBAO",
    "state": "POTOSÍ",
    "state_iso2": "P",
    "country": "BOLIVIA",
    "country_iso2": "BO",
    "country_iso3": "BOL",
    "country_native": "BOLIVIA"
  },
  {
    "id": 9944,
    "name": "PROVINCIA LINARES",
    "state": "POTOSÍ",
    "state_iso2": "P",
    "country": "BOLIVIA",
    "country_iso2": "BO",
    "country_iso3": "BOL",
    "country_native": "BOLIVIA"
  },
  {
    "id": 9955,
    "name": "PROVINCIA MODESTO OMISTE",
    "state": "POTOSÍ",
    "state_iso2": "P",
    "country": "BOLIVIA",
    "country_iso2": "BO",
    "country_iso3": "BOL",
    "country_native": "BOLIVIA"
  },
  {
    "id": 9961,
    "name": "PROVINCIA NOR CHICHAS",
    "state": "POTOSÍ",
    "state_iso2": "P",
    "country": "BOLIVIA",
    "country_iso2": "BO",
    "country_iso3": "BOL",
    "country_native": "BOLIVIA"
  },
  {
    "id": 9963,
    "name": "PROVINCIA NOR LÍPEZ",
    "state": "POTOSÍ",
    "state_iso2": "P",
    "country": "BOLIVIA",
    "country_iso2": "BO",
    "country_iso3": "BOL",
    "country_native": "BOLIVIA"
  },
  {
    "id": 9972,
    "name": "PROVINCIA QUIJARRO",
    "state": "POTOSÍ",
    "state_iso2": "P",
    "country": "BOLIVIA",
    "country_iso2": "BO",
    "country_iso3": "BOL",
    "country_native": "BOLIVIA"
  },
  {
    "id": 9974,
    "name": "PROVINCIA RAFAEL BUSTILLO",
    "state": "POTOSÍ",
    "state_iso2": "P",
    "country": "BOLIVIA",
    "country_iso2": "BO",
    "country_iso3": "BOL",
    "country_native": "BOLIVIA"
  },
  {
    "id": 9975,
    "name": "PROVINCIA SAAVEDRA",
    "state": "POTOSÍ",
    "state_iso2": "P",
    "country": "BOLIVIA",
    "country_iso2": "BO",
    "country_iso3": "BOL",
    "country_native": "BOLIVIA"
  },
  {
    "id": 9982,
    "name": "PROVINCIA SUD CHICHAS",
    "state": "POTOSÍ",
    "state_iso2": "P",
    "country": "BOLIVIA",
    "country_iso2": "BO",
    "country_iso3": "BOL",
    "country_native": "BOLIVIA"
  },
  {
    "id": 9984,
    "name": "PROVINCIA SUD LÍPEZ",
    "state": "POTOSÍ",
    "state_iso2": "P",
    "country": "BOLIVIA",
    "country_iso2": "BO",
    "country_iso3": "BOL",
    "country_native": "BOLIVIA"
  },
  {
    "id": 9989,
    "name": "PROVINCIA TOMÁS FRÍAS",
    "state": "POTOSÍ",
    "state_iso2": "P",
    "country": "BOLIVIA",
    "country_iso2": "BO",
    "country_iso3": "BOL",
    "country_native": "BOLIVIA"
  },
  {
    "id": 10022,
    "name": "SANTA BÁRBARA",
    "state": "POTOSÍ",
    "state_iso2": "P",
    "country": "BOLIVIA",
    "country_iso2": "BO",
    "country_iso3": "BOL",
    "country_native": "BOLIVIA"
  },
  {
    "id": 10042,
    "name": "TUPIZA",
    "state": "POTOSÍ",
    "state_iso2": "P",
    "country": "BOLIVIA",
    "country_iso2": "BO",
    "country_iso3": "BOL",
    "country_native": "BOLIVIA"
  },
  {
    "id": 10044,
    "name": "UYUNI",
    "state": "POTOSÍ",
    "state_iso2": "P",
    "country": "BOLIVIA",
    "country_iso2": "BO",
    "country_iso3": "BOL",
    "country_native": "BOLIVIA"
  },
  {
    "id": 10048,
    "name": "VILLAZÓN",
    "state": "POTOSÍ",
    "state_iso2": "P",
    "country": "BOLIVIA",
    "country_iso2": "BO",
    "country_iso3": "BOL",
    "country_native": "BOLIVIA"
  }
]