[
  {
    "id": 10204,
    "name": "AMAPÁ",
    "state": "AMAPÁ",
    "state_iso2": "AP",
    "country": "BRAZIL",
    "country_iso2": "BR",
    "country_iso3": "BRA",
    "country_native": "BRASIL"
  },
  {
    "id": 10933,
    "name": "CALÇOENE",
    "state": "AMAPÁ",
    "state_iso2": "AP",
    "country": "BRAZIL",
    "country_iso2": "BR",
    "country_iso3": "BRA",
    "country_native": "BRASIL"
  },
  {
    "id": 11541,
    "name": "CUTIAS",
    "state": "AMAPÁ",
    "state_iso2": "AP",
    "country": "BRAZIL",
    "country_iso2": "BR",
    "country_iso3": "BRA",
    "country_native": "BRASIL"
  },
  {
    "id": 11812,
    "name": "FERREIRA GOMES",
    "state": "AMAPÁ",
    "state_iso2": "AP",
    "country": "BRAZIL",
    "country_iso2": "BR",
    "country_iso3": "BRA",
    "country_native": "BRASIL"
  },
  {
    "id": 12462,
    "name": "ITAUBAL",
    "state": "AMAPÁ",
    "state_iso2": "AP",
    "country": "BRAZIL",
    "country_iso2": "BR",
    "country_iso3": "BRA",
    "country_native": "BRASIL"
  },
  {
    "id": 12798,
    "name": "LARANJAL DO JARI",
    "state": "AMAPÁ",
    "state_iso2": "AP",
    "country": "BRAZIL",
    "country_iso2": "BR",
    "country_iso3": "BRA",
    "country_native": "BRASIL"
  },
  {
    "id": 12887,
    "name": "MACAPÁ",
    "state": "AMAPÁ",
    "state_iso2": "AP",
    "country": "BRAZIL",
    "country_iso2": "BR",
    "country_iso3": "BRA",
    "country_native": "BRASIL"
  },
  {
    "id": 13088,
    "name": "MAZAGÃO",
    "state": "AMAPÁ",
    "state_iso2": "AP",
    "country": "BRAZIL",
    "country_iso2": "BR",
    "country_iso3": "BRA",
    "country_native": "BRASIL"
  },
  {
    "id": 13492,
    "name": "OIAPOQUE",
    "state": "AMAPÁ",
    "state_iso2": "AP",
    "country": "BRAZIL",
    "country_iso2": "BR",
    "country_iso3": "BRA",
    "country_native": "BRASIL"
  },
  {
    "id": 13751,
    "name": "PEDRA BRANCA DO AMAPARI",
    "state": "AMAPÁ",
    "state_iso2": "AP",
    "country": "BRAZIL",
    "country_iso2": "BR",
    "country_iso3": "BRA",
    "country_native": "BRASIL"
  },
  {
    "id": 14008,
    "name": "PORTO GRANDE",
    "state": "AMAPÁ",
    "state_iso2": "AP",
    "country": "BRAZIL",
    "country_iso2": "BR",
    "country_iso3": "BRA",
    "country_native": "BRASIL"
  },
  {
    "id": 14058,
    "name": "PRACUÚBA",
    "state": "AMAPÁ",
    "state_iso2": "AP",
    "country": "BRAZIL",
    "country_iso2": "BR",
    "country_iso3": "BRA",
    "country_native": "BRASIL"
  },
  {
    "id": 14568,
    "name": "SANTANA",
    "state": "AMAPÁ",
    "state_iso2": "AP",
    "country": "BRAZIL",
    "country_iso2": "BR",
    "country_iso3": "BRA",
    "country_native": "BRASIL"
  },
  {
    "id": 14739,
    "name": "SERRA DO NAVIO",
    "state": "AMAPÁ",
    "state_iso2": "AP",
    "country": "BRAZIL",
    "country_iso2": "BR",
    "country_iso3": "BRA",
    "country_native": "BRASIL"
  },
  {
    "id": 15255,
    "name": "TARTARUGALZINHO",
    "state": "AMAPÁ",
    "state_iso2": "AP",
    "country": "BRAZIL",
    "country_iso2": "BR",
    "country_iso3": "BRA",
    "country_native": "BRASIL"
  },
  {
    "id": 15602,
    "name": "VITÓRIA DO JARI",
    "state": "AMAPÁ",
    "state_iso2": "AP",
    "country": "BRAZIL",
    "country_iso2": "BR",
    "country_iso3": "BRA",
    "country_native": "BRASIL"
  }
]