[
  {
    "id": 110986,
    "name": "ABINGTON",
    "state": "MASSACHUSETTS",
    "state_iso2": "MA",
    "country": "UNITED STATES",
    "country_iso2": "US",
    "country_iso3": "USA",
    "country_native": "UNITED STATES"
  },
  {
    "id": 110999,
    "name": "ACTON",
    "state": "MASSACHUSETTS",
    "state_iso2": "MA",
    "country": "UNITED STATES",
    "country_iso2": "US",
    "country_iso3": "USA",
    "country_native": "UNITED STATES"
  },
  {
    "id": 111002,
    "name": "ACUSHNET",
    "state": "MASSACHUSETTS",
    "state_iso2": "MA",
    "country": "UNITED STATES",
    "country_iso2": "US",
    "country_iso3": "USA",
    "country_native": "UNITED STATES"
  },
  {
    "id": 111003,
    "name": "ACUSHNET CENTER",
    "state": "MASSACHUSETTS",
    "state_iso2": "MA",
    "country": "UNITED STATES",
    "country_iso2": "US",
    "country_iso3": "USA",
    "country_native": "UNITED STATES"
  },
  {
    "id": 111013,
    "name": "ADAMS",
    "state": "MASSACHUSETTS",
    "state_iso2": "MA",
    "country": "UNITED STATES",
    "country_iso2": "US",
    "country_iso3": "USA",
    "country_native": "UNITED STATES"
  },
  {
    "id": 111055,
    "name": "AGAWAM",
    "state": "MASSACHUSETTS",
    "state_iso2": "MA",
    "country": "UNITED STATES",
    "country_iso2": "US",
    "country_iso3": "USA",
    "country_native": "UNITED STATES"
  },
  {
    "id": 111279,
    "name": "AMESBURY",
    "state": "MASSACHUSETTS",
    "state_iso2": "MA",
    "country": "UNITED STATES",
    "country_iso2": "US",
    "country_iso3": "USA",
    "country_native": "UNITED STATES"
  },
  {
    "id": 111282,
    "name": "AMHERST",
    "state": "MASSACHUSETTS",
    "state_iso2": "MA",
    "country": "UNITED STATES",
    "country_iso2": "US",
    "country_iso3": "USA",
    "country_native": "UNITED STATES"
  },
  {
    "id": 111285,
    "name": "AMHERST CENTER",
    "state": "MASSACHUSETTS",
    "state_iso2": "MA",
    "country": "UNITED STATES",
    "country_iso2": "US",
    "country_iso3": "USA",
    "country_native": "UNITED STATES"
  },
  {
    "id": 111323,
    "name": "ANDOVER",
    "state": "MASSACHUSETTS",
    "state_iso2": "MA",
    "country": "UNITED STATES",
    "country_iso2": "US",
    "country_iso3": "USA",
    "country_native": "UNITED STATES"
  },
  {
    "id": 111465,
    "name": "ARLINGTON",
    "state": "MASSACHUSETTS",
    "state_iso2": "MA",
    "country": "UNITED STATES",
    "country_iso2": "US",
    "country_iso3": "USA",
    "country_native": "UNITED STATES"
  },
  {
    "id": 111516,
    "name": "ASHBURNHAM",
    "state": "MASSACHUSETTS",
    "state_iso2": "MA",
    "country": "UNITED STATES",
    "country_iso2": "US",
    "country_iso3": "USA",
    "country_native": "UNITED STATES"
  },
  {
    "id": 111517,
    "name": "ASHBY",
    "state": "MASSACHUSETTS",
    "state_iso2": "MA",
    "country": "UNITED STATES",
    "country_iso2": "US",
    "country_iso3": "USA",
    "country_native": "UNITED STATES"
  },
  {
    "id": 111523,
    "name": "ASHFIELD",
    "state": "MASSACHUSETTS",
    "state_iso2": "MA",
    "country": "UNITED STATES",
    "country_iso2": "US",
    "country_iso3": "USA",
    "country_native": "UNITED STATES"
  },
  {
    "id": 111534,
    "name": "ASHLAND",
    "state": "MASSACHUSETTS",
    "state_iso2": "MA",
    "country": "UNITED STATES",
    "country_iso2": "US",
    "country_iso3": "USA",
    "country_native": "UNITED STATES"
  },
  {
    "id": 111556,
    "name": "ASSONET",
    "state": "MASSACHUSETTS",
    "state_iso2": "MA",
    "country": "UNITED STATES",
    "country_iso2": "US",
    "country_iso3": "USA",
    "country_native": "UNITED STATES"
  },
  {
    "id": 111583,
    "name": "ATHOL",
    "state": "MASSACHUSETTS",
    "state_iso2": "MA",
    "country": "UNITED STATES",
    "country_iso2": "US",
    "country_iso3": "USA",
    "country_native": "UNITED STATES"
  },
  {
    "id": 111611,
    "name": "ATTLEBORO",
    "state": "MASSACHUSETTS",
    "state_iso2": "MA",
    "country": "UNITED STATES",
    "country_iso2": "US",
    "country_iso3": "USA",
    "country_native": "UNITED STATES"
  },
  {
    "id": 111624,
    "name": "AUBURN",
    "state": "MASSACHUSETTS",
    "state_iso2": "MA",
    "country": "UNITED STATES",
    "country_iso2": "US",
    "country_iso3": "USA",
    "country_native": "UNITED STATES"
  },
  {
    "id": 111691,
    "name": "AVON",
    "state": "MASSACHUSETTS",
    "state_iso2": "MA",
    "country": "UNITED STATES",
    "country_iso2": "US",
    "country_iso3": "USA",
    "country_native": "UNITED STATES"
  },
  {
    "id": 111708,
    "name": "AYER",
    "state": "MASSACHUSETTS",
    "state_iso2": "MA",
    "country": "UNITED STATES",
    "country_iso2": "US",
    "country_iso3": "USA",
    "country_native": "UNITED STATES"
  },
  {
    "id": 111765,
    "name": "BALDWINVILLE",
    "state": "MASSACHUSETTS",
    "state_iso2": "MA",
    "country": "UNITED STATES",
    "country_iso2": "US",
    "country_iso3": "USA",
    "country_native": "UNITED STATES"
  },
  {
    "id": 111834,
    "name": "BARNSTABLE",
    "state": "MASSACHUSETTS",
    "state_iso2": "MA",
    "country": "UNITED STATES",
    "country_iso2": "US",
    "country_iso3": "USA",
    "country_native": "UNITED STATES"
  },
  {
    "id": 111835,
    "name": "BARNSTABLE COUNTY",
    "state": "MASSACHUSETTS",
    "state_iso2": "MA",
    "country": "UNITED STATES",
    "country_iso2": "US",
    "country_iso3": "USA",
    "country_native": "UNITED STATES"
  },
  {
    "id": 111841,
    "name": "BARRE",
    "state": "MASSACHUSETTS",
    "state_iso2": "MA",
    "country": "UNITED STATES",
    "country_iso2": "US",
    "country_iso3": "USA",
    "country_native": "UNITED STATES"
  },
  {
    "id": 112014,
    "name": "BECKET",
    "state": "MASSACHUSETTS",
    "state_iso2": "MA",
    "country": "UNITED STATES",
    "country_iso2": "US",
    "country_iso3": "USA",
    "country_native": "UNITED STATES"
  },
  {
    "id": 112023,
    "name": "BEDFORD",
    "state": "MASSACHUSETTS",
    "state_iso2": "MA",
    "country": "UNITED STATES",
    "country_iso2": "US",
    "country_iso3": "USA",
    "country_native": "UNITED STATES"
  },
  {
    "id": 112051,
    "name": "BELCHERTOWN",
    "state": "MASSACHUSETTS",
    "state_iso2": "MA",
    "country": "UNITED STATES",
    "country_iso2": "US",
    "country_iso3": "USA",
    "country_native": "UNITED STATES"
  },
  {
    "id": 112119,
    "name": "BELLINGHAM",
    "state": "MASSACHUSETTS",
    "state_iso2": "MA",
    "country": "UNITED STATES",
    "country_iso2": "US",
    "country_iso3": "USA",
    "country_native": "UNITED STATES"
  },
  {
    "id": 112138,
    "name": "BELMONT",
    "state": "MASSACHUSETTS",
    "state_iso2": "MA",
    "country": "UNITED STATES",
    "country_iso2": "US",
    "country_iso3": "USA",
    "country_native": "UNITED STATES"
  },
  {
    "id": 112229,
    "name": "BERKLEY",
    "state": "MASSACHUSETTS",
    "state_iso2": "MA",
    "country": "UNITED STATES",
    "country_iso2": "US",
    "country_iso3": "USA",
    "country_native": "UNITED STATES"
  },
  {
    "id": 112233,
    "name": "BERKSHIRE",
    "state": "MASSACHUSETTS",
    "state_iso2": "MA",
    "country": "UNITED STATES",
    "country_iso2": "US",
    "country_iso3": "USA",
    "country_native": "UNITED STATES"
  },
  {
    "id": 112237,
    "name": "BERLIN",
    "state": "MASSACHUSETTS",
    "state_iso2": "MA",
    "country": "UNITED STATES",
    "country_iso2": "US",
    "country_iso3": "USA",
    "country_native": "UNITED STATES"
  },
  {
    "id": 112244,
    "name": "BERNARDSTON",
    "state": "MASSACHUSETTS",
    "state_iso2": "MA",
    "country": "UNITED STATES",
    "country_iso2": "US",
    "country_iso3": "USA",
    "country_native": "UNITED STATES"
  },
  {
    "id": 112300,
    "name": "BEVERLY",
    "state": "MASSACHUSETTS",
    "state_iso2": "MA",
    "country": "UNITED STATES",
    "country_iso2": "US",
    "country_iso3": "USA",
    "country_native": "UNITED STATES"
  },
  {
    "id": 112302,
    "name": "BEVERLY COVE",
    "state": "MASSACHUSETTS",
    "state_iso2": "MA",
    "country": "UNITED STATES",
    "country_iso2": "US",
    "country_iso3": "USA",
    "country_native": "UNITED STATES"
  },
  {
    "id": 112342,
    "name": "BILLERICA",
    "state": "MASSACHUSETTS",
    "state_iso2": "MA",
    "country": "UNITED STATES",
    "country_iso2": "US",
    "country_iso3": "USA",
    "country_native": "UNITED STATES"
  },
  {
    "id": 112393,
    "name": "BLACKSTONE",
    "state": "MASSACHUSETTS",
    "state_iso2": "MA",
    "country": "UNITED STATES",
    "country_iso2": "US",
    "country_iso3": "USA",
    "country_native": "UNITED STATES"
  },
  {
    "id": 112430,
    "name": "BLISS CORNER",
    "state": "MASSACHUSETTS",
    "state_iso2": "MA",
    "country": "UNITED STATES",
    "country_iso2": "US",
    "country_iso3": "USA",
    "country_native": "UNITED STATES"
  },
  {
    "id": 112525,
    "name": "BOLTON",
    "state": "MASSACHUSETTS",
    "state_iso2": "MA",
    "country": "UNITED STATES",
    "country_iso2": "US",
    "country_iso3": "USA",
    "country_native": "UNITED STATES"
  },
  {
    "id": 112532,
    "name": "BONDSVILLE",
    "state": "MASSACHUSETTS",
    "state_iso2": "MA",
    "country": "UNITED STATES",
    "country_iso2": "US",
    "country_iso3": "USA",
    "country_native": "UNITED STATES"
  },
  {
    "id": 112589,
    "name": "BOSTON",
    "state": "MASSACHUSETTS",
    "state_iso2": "MA",
    "country": "UNITED STATES",
    "country_iso2": "US",
    "country_iso3": "USA",
    "country_native": "UNITED STATES"
  },
  {
    "id": 112617,
    "name": "BOURNE",
    "state": "MASSACHUSETTS",
    "state_iso2": "MA",
    "country": "UNITED STATES",
    "country_iso2": "US",
    "country_iso3": "USA",
    "country_native": "UNITED STATES"
  },
  {
    "id": 112638,
    "name": "BOXBOROUGH",
    "state": "MASSACHUSETTS",
    "state_iso2": "MA",
    "country": "UNITED STATES",
    "country_iso2": "US",
    "country_iso3": "USA",
    "country_native": "UNITED STATES"
  },
  {
    "id": 112639,
    "name": "BOXFORD",
    "state": "MASSACHUSETTS",
    "state_iso2": "MA",
    "country": "UNITED STATES",
    "country_iso2": "US",
    "country_iso3": "USA",
    "country_native": "UNITED STATES"
  },
  {
    "id": 112650,
    "name": "BOYLSTON",
    "state": "MASSACHUSETTS",
    "state_iso2": "MA",
    "country": "UNITED STATES",
    "country_iso2": "US",
    "country_iso3": "USA",
    "country_native": "UNITED STATES"
  },
  {
    "id": 112682,
    "name": "BRAINTREE",
    "state": "MASSACHUSETTS",
    "state_iso2": "MA",
    "country": "UNITED STATES",
    "country_iso2": "US",
    "country_iso3": "USA",
    "country_native": "UNITED STATES"
  },
  {
    "id": 112741,
    "name": "BREWSTER",
    "state": "MASSACHUSETTS",
    "state_iso2": "MA",
    "country": "UNITED STATES",
    "country_iso2": "US",
    "country_iso3": "USA",
    "country_native": "UNITED STATES"
  },
  {
    "id": 112775,
    "name": "BRIDGEWATER",
    "state": "MASSACHUSETTS",
    "state_iso2": "MA",
    "country": "UNITED STATES",
    "country_iso2": "US",
    "country_iso3": "USA",
    "country_native": "UNITED STATES"
  },
  {
    "id": 112797,
    "name": "BRIMFIELD",
    "state": "MASSACHUSETTS",
    "state_iso2": "MA",
    "country": "UNITED STATES",
    "country_iso2": "US",
    "country_iso3": "USA",
    "country_native": "UNITED STATES"
  },
  {
    "id": 112814,
    "name": "BRISTOL COUNTY",
    "state": "MASSACHUSETTS",
    "state_iso2": "MA",
    "country": "UNITED STATES",
    "country_iso2": "US",
    "country_iso3": "USA",
    "country_native": "UNITED STATES"
  },
  {
    "id": 112834,
    "name": "BROCKTON",
    "state": "MASSACHUSETTS",
    "state_iso2": "MA",
    "country": "UNITED STATES",
    "country_iso2": "US",
    "country_iso3": "USA",
    "country_native": "UNITED STATES"
  },
  {
    "id": 112867,
    "name": "BROOKLINE",
    "state": "MASSACHUSETTS",
    "state_iso2": "MA",
    "country": "UNITED STATES",
    "country_iso2": "US",
    "country_iso3": "USA",
    "country_native": "UNITED STATES"
  },
  {
    "id": 112987,
    "name": "BUCKLAND",
    "state": "MASSACHUSETTS",
    "state_iso2": "MA",
    "country": "UNITED STATES",
    "country_iso2": "US",
    "country_iso3": "USA",
    "country_native": "UNITED STATES"
  },
  {
    "id": 113070,
    "name": "BURLINGTON",
    "state": "MASSACHUSETTS",
    "state_iso2": "MA",
    "country": "UNITED STATES",
    "country_iso2": "US",
    "country_iso3": "USA",
    "country_native": "UNITED STATES"
  },
  {
    "id": 113133,
    "name": "BUZZARDS BAY",
    "state": "MASSACHUSETTS",
    "state_iso2": "MA",
    "country": "UNITED STATES",
    "country_iso2": "US",
    "country_iso3": "USA",
    "country_native": "UNITED STATES"
  },
  {
    "id": 113252,
    "name": "CAMBRIDGE",
    "state": "MASSACHUSETTS",
    "state_iso2": "MA",
    "country": "UNITED STATES",
    "country_iso2": "US",
    "country_iso3": "USA",
    "country_native": "UNITED STATES"
  },
  {
    "id": 113344,
    "name": "CANTON",
    "state": "MASSACHUSETTS",
    "state_iso2": "MA",
    "country": "UNITED STATES",
    "country_iso2": "US",
    "country_iso3": "USA",
    "country_native": "UNITED STATES"
  },
  {
    "id": 113404,
    "name": "CARLISLE",
    "state": "MASSACHUSETTS",
    "state_iso2": "MA",
    "country": "UNITED STATES",
    "country_iso2": "US",
    "country_iso3": "USA",
    "country_native": "UNITED STATES"
  },
  {
    "id": 113500,
    "name": "CARVER",
    "state": "MASSACHUSETTS",
    "state_iso2": "MA",
    "country": "UNITED STATES",
    "country_iso2": "US",
    "country_iso3": "USA",
    "country_native": "UNITED STATES"
  },
  {
    "id": 113659,
    "name": "CENTERVILLE",
    "state": "MASSACHUSETTS",
    "state_iso2": "MA",
    "country": "UNITED STATES",
    "country_iso2": "US",
    "country_iso3": "USA",
    "country_native": "UNITED STATES"
  },
  {
    "id": 113752,
    "name": "CHARLEMONT",
    "state": "MASSACHUSETTS",
    "state_iso2": "MA",
    "country": "UNITED STATES",
    "country_iso2": "US",
    "country_iso3": "USA",
    "country_native": "UNITED STATES"
  },
  {
    "id": 113788,
    "name": "CHARLTON",
    "state": "MASSACHUSETTS",
    "state_iso2": "MA",
    "country": "UNITED STATES",
    "country_iso2": "US",
    "country_iso3": "USA",
    "country_native": "UNITED STATES"
  },
  {
    "id": 113798,
    "name": "CHATHAM",
    "state": "MASSACHUSETTS",
    "state_iso2": "MA",
    "country": "UNITED STATES",
    "country_iso2": "US",
    "country_iso3": "USA",
    "country_native": "UNITED STATES"
  },
  {
    "id": 113828,
    "name": "CHELMSFORD",
    "state": "MASSACHUSETTS",
    "state_iso2": "MA",
    "country": "UNITED STATES",
    "country_iso2": "US",
    "country_iso3": "USA",
    "country_native": "UNITED STATES"
  },
  {
    "id": 113831,
    "name": "CHELSEA",
    "state": "MASSACHUSETTS",
    "state_iso2": "MA",
    "country": "UNITED STATES",
    "country_iso2": "US",
    "country_iso3": "USA",
    "country_native": "UNITED STATES"
  },
  {
    "id": 113904,
    "name": "CHESTERFIELD",
    "state": "MASSACHUSETTS",
    "state_iso2": "MA",
    "country": "UNITED STATES",
    "country_iso2": "US",
    "country_iso3": "USA",
    "country_native": "UNITED STATES"
  },
  {
    "id": 113945,
    "name": "CHICOPEE",
    "state": "MASSACHUSETTS",
    "state_iso2": "MA",
    "country": "UNITED STATES",
    "country_iso2": "US",
    "country_iso3": "USA",
    "country_native": "UNITED STATES"
  },
  {
    "id": 114280,
    "name": "CLINTON",
    "state": "MASSACHUSETTS",
    "state_iso2": "MA",
    "country": "UNITED STATES",
    "country_iso2": "US",
    "country_iso3": "USA",
    "country_native": "UNITED STATES"
  },
  {
    "id": 114350,
    "name": "COCHITUATE",
    "state": "MASSACHUSETTS",
    "state_iso2": "MA",
    "country": "UNITED STATES",
    "country_iso2": "US",
    "country_iso3": "USA",
    "country_native": "UNITED STATES"
  },
  {
    "id": 114372,
    "name": "COHASSET",
    "state": "MASSACHUSETTS",
    "state_iso2": "MA",
    "country": "UNITED STATES",
    "country_iso2": "US",
    "country_iso3": "USA",
    "country_native": "UNITED STATES"
  },
  {
    "id": 114461,
    "name": "COLRAIN",
    "state": "MASSACHUSETTS",
    "state_iso2": "MA",
    "country": "UNITED STATES",
    "country_iso2": "US",
    "country_iso3": "USA",
    "country_native": "UNITED STATES"
  },
  {
    "id": 114538,
    "name": "CONCORD",
    "state": "MASSACHUSETTS",
    "state_iso2": "MA",
    "country": "UNITED STATES",
    "country_iso2": "US",
    "country_iso3": "USA",
    "country_native": "UNITED STATES"
  },
  {
    "id": 114584,
    "name": "CONWAY",
    "state": "MASSACHUSETTS",
    "state_iso2": "MA",
    "country": "UNITED STATES",
    "country_iso2": "US",
    "country_iso3": "USA",
    "country_native": "UNITED STATES"
  },
  {
    "id": 114634,
    "name": "CORDAVILLE",
    "state": "MASSACHUSETTS",
    "state_iso2": "MA",
    "country": "UNITED STATES",
    "country_iso2": "US",
    "country_iso3": "USA",
    "country_native": "UNITED STATES"
  },
  {
    "id": 114707,
    "name": "COTUIT",
    "state": "MASSACHUSETTS",
    "state_iso2": "MA",
    "country": "UNITED STATES",
    "country_iso2": "US",
    "country_iso3": "USA",
    "country_native": "UNITED STATES"
  },
  {
    "id": 115002,
    "name": "DALTON",
    "state": "MASSACHUSETTS",
    "state_iso2": "MA",
    "country": "UNITED STATES",
    "country_iso2": "US",
    "country_iso3": "USA",
    "country_native": "UNITED STATES"
  },
  {
    "id": 115029,
    "name": "DANVERS",
    "state": "MASSACHUSETTS",
    "state_iso2": "MA",
    "country": "UNITED STATES",
    "country_iso2": "US",
    "country_iso3": "USA",
    "country_native": "UNITED STATES"
  },
  {
    "id": 149310,
    "name": "DARTMOUTH",
    "state": "MASSACHUSETTS",
    "state_iso2": "MA",
    "country": "UNITED STATES",
    "country_iso2": "US",
    "country_iso3": "USA",
    "country_native": "UNITED STATES"
  },
  {
    "id": 115167,
    "name": "DEDHAM",
    "state": "MASSACHUSETTS",
    "state_iso2": "MA",
    "country": "UNITED STATES",
    "country_iso2": "US",
    "country_iso3": "USA",
    "country_native": "UNITED STATES"
  },
  {
    "id": 115242,
    "name": "DENNIS",
    "state": "MASSACHUSETTS",
    "state_iso2": "MA",
    "country": "UNITED STATES",
    "country_iso2": "US",
    "country_iso3": "USA",
    "country_native": "UNITED STATES"
  },
  {
    "id": 115243,
    "name": "DENNIS PORT",
    "state": "MASSACHUSETTS",
    "state_iso2": "MA",
    "country": "UNITED STATES",
    "country_iso2": "US",
    "country_iso3": "USA",
    "country_native": "UNITED STATES"
  },
  {
    "id": 115296,
    "name": "DEVENS",
    "state": "MASSACHUSETTS",
    "state_iso2": "MA",
    "country": "UNITED STATES",
    "country_iso2": "US",
    "country_iso3": "USA",
    "country_native": "UNITED STATES"
  },
  {
    "id": 115335,
    "name": "DIGHTON",
    "state": "MASSACHUSETTS",
    "state_iso2": "MA",
    "country": "UNITED STATES",
    "country_iso2": "US",
    "country_iso3": "USA",
    "country_native": "UNITED STATES"
  },
  {
    "id": 115421,
    "name": "DOUGLAS",
    "state": "MASSACHUSETTS",
    "state_iso2": "MA",
    "country": "UNITED STATES",
    "country_iso2": "US",
    "country_iso3": "USA",
    "country_native": "UNITED STATES"
  },
  {
    "id": 115448,
    "name": "DOVER",
    "state": "MASSACHUSETTS",
    "state_iso2": "MA",
    "country": "UNITED STATES",
    "country_iso2": "US",
    "country_iso3": "USA",
    "country_native": "UNITED STATES"
  },
  {
    "id": 115466,
    "name": "DRACUT",
    "state": "MASSACHUSETTS",
    "state_iso2": "MA",
    "country": "UNITED STATES",
    "country_iso2": "US",
    "country_iso3": "USA",
    "country_native": "UNITED STATES"
  },
  {
    "id": 115505,
    "name": "DUDLEY",
    "state": "MASSACHUSETTS",
    "state_iso2": "MA",
    "country": "UNITED STATES",
    "country_iso2": "US",
    "country_iso3": "USA",
    "country_native": "UNITED STATES"
  },
  {
    "id": 115508,
    "name": "DUKES",
    "state": "MASSACHUSETTS",
    "state_iso2": "MA",
    "country": "UNITED STATES",
    "country_iso2": "US",
    "country_iso3": "USA",
    "country_native": "UNITED STATES"
  },
  {
    "id": 115554,
    "name": "DUNSTABLE",
    "state": "MASSACHUSETTS",
    "state_iso2": "MA",
    "country": "UNITED STATES",
    "country_iso2": "US",
    "country_iso3": "USA",
    "country_native": "UNITED STATES"
  },
  {
    "id": 115583,
    "name": "DUXBURY",
    "state": "MASSACHUSETTS",
    "state_iso2": "MA",
    "country": "UNITED STATES",
    "country_iso2": "US",
    "country_iso3": "USA",
    "country_native": "UNITED STATES"
  },
  {
    "id": 115637,
    "name": "EAST BRIDGEWATER",
    "state": "MASSACHUSETTS",
    "state_iso2": "MA",
    "country": "UNITED STATES",
    "country_iso2": "US",
    "country_iso3": "USA",
    "country_native": "UNITED STATES"
  },
  {
    "id": 115639,
    "name": "EAST BROOKFIELD",
    "state": "MASSACHUSETTS",
    "state_iso2": "MA",
    "country": "UNITED STATES",
    "country_iso2": "US",
    "country_iso3": "USA",
    "country_native": "UNITED STATES"
  },
  {
    "id": 115649,
    "name": "EAST DENNIS",
    "state": "MASSACHUSETTS",
    "state_iso2": "MA",
    "country": "UNITED STATES",
    "country_iso2": "US",
    "country_iso3": "USA",
    "country_native": "UNITED STATES"
  },
  {
    "id": 115650,
    "name": "EAST DOUGLAS",
    "state": "MASSACHUSETTS",
    "state_iso2": "MA",
    "country": "UNITED STATES",
    "country_iso2": "US",
    "country_iso3": "USA",
    "country_native": "UNITED STATES"
  },
  {
    "id": 115657,
    "name": "EAST FALMOUTH",
    "state": "MASSACHUSETTS",
    "state_iso2": "MA",
    "country": "UNITED STATES",
    "country_iso2": "US",
    "country_iso3": "USA",
    "country_native": "UNITED STATES"
  },
  {
    "id": 115685,
    "name": "EAST HARWICH",
    "state": "MASSACHUSETTS",
    "state_iso2": "MA",
    "country": "UNITED STATES",
    "country_iso2": "US",
    "country_iso3": "USA",
    "country_native": "UNITED STATES"
  },
  {
    "id": 115705,
    "name": "EAST LONGMEADOW",
    "state": "MASSACHUSETTS",
    "state_iso2": "MA",
    "country": "UNITED STATES",
    "country_iso2": "US",
    "country_iso3": "USA",
    "country_native": "UNITED STATES"
  },
  {
    "id": 115733,
    "name": "EAST PEPPERELL",
    "state": "MASSACHUSETTS",
    "state_iso2": "MA",
    "country": "UNITED STATES",
    "country_iso2": "US",
    "country_iso3": "USA",
    "country_native": "UNITED STATES"
  },
  {
    "id": 115756,
    "name": "EAST SANDWICH",
    "state": "MASSACHUSETTS",
    "state_iso2": "MA",
    "country": "UNITED STATES",
    "country_iso2": "US",
    "country_iso3": "USA",
    "country_native": "UNITED STATES"
  },
  {
    "id": 115778,
    "name": "EASTHAM",
    "state": "MASSACHUSETTS",
    "state_iso2": "MA",
    "country": "UNITED STATES",
    "country_iso2": "US",
    "country_iso3": "USA",
    "country_native": "UNITED STATES"
  },
  {
    "id": 115779,
    "name": "EASTHAMPTON",
    "state": "MASSACHUSETTS",
    "state_iso2": "MA",
    "country": "UNITED STATES",
    "country_iso2": "US",
    "country_iso3": "USA",
    "country_native": "UNITED STATES"
  },
  {
    "id": 115787,
    "name": "EASTON",
    "state": "MASSACHUSETTS",
    "state_iso2": "MA",
    "country": "UNITED STATES",
    "country_iso2": "US",
    "country_iso3": "USA",
    "country_native": "UNITED STATES"
  },
  {
    "id": 115838,
    "name": "EDGARTOWN",
    "state": "MASSACHUSETTS",
    "state_iso2": "MA",
    "country": "UNITED STATES",
    "country_iso2": "US",
    "country_iso3": "USA",
    "country_native": "UNITED STATES"
  },
  {
    "id": 116174,
    "name": "ERVING",
    "state": "MASSACHUSETTS",
    "state_iso2": "MA",
    "country": "UNITED STATES",
    "country_iso2": "US",
    "country_iso3": "USA",
    "country_native": "UNITED STATES"
  },
  {
    "id": 116192,
    "name": "ESSEX",
    "state": "MASSACHUSETTS",
    "state_iso2": "MA",
    "country": "UNITED STATES",
    "country_iso2": "US",
    "country_iso3": "USA",
    "country_native": "UNITED STATES"
  },
  {
    "id": 116194,
    "name": "ESSEX COUNTY",
    "state": "MASSACHUSETTS",
    "state_iso2": "MA",
    "country": "UNITED STATES",
    "country_iso2": "US",
    "country_iso3": "USA",
    "country_native": "UNITED STATES"
  },
  {
    "id": 116258,
    "name": "EVERETT",
    "state": "MASSACHUSETTS",
    "state_iso2": "MA",
    "country": "UNITED STATES",
    "country_iso2": "US",
    "country_iso3": "USA",
    "country_native": "UNITED STATES"
  },
  {
    "id": 116325,
    "name": "FAIRHAVEN",
    "state": "MASSACHUSETTS",
    "state_iso2": "MA",
    "country": "UNITED STATES",
    "country_iso2": "US",
    "country_iso3": "USA",
    "country_native": "UNITED STATES"
  },
  {
    "id": 116373,
    "name": "FALL RIVER",
    "state": "MASSACHUSETTS",
    "state_iso2": "MA",
    "country": "UNITED STATES",
    "country_iso2": "US",
    "country_iso3": "USA",
    "country_native": "UNITED STATES"
  },
  {
    "id": 116388,
    "name": "FALMOUTH",
    "state": "MASSACHUSETTS",
    "state_iso2": "MA",
    "country": "UNITED STATES",
    "country_iso2": "US",
    "country_iso3": "USA",
    "country_native": "UNITED STATES"
  },
  {
    "id": 116533,
    "name": "FISKDALE",
    "state": "MASSACHUSETTS",
    "state_iso2": "MA",
    "country": "UNITED STATES",
    "country_iso2": "US",
    "country_iso3": "USA",
    "country_native": "UNITED STATES"
  },
  {
    "id": 116534,
    "name": "FITCHBURG",
    "state": "MASSACHUSETTS",
    "state_iso2": "MA",
    "country": "UNITED STATES",
    "country_iso2": "US",
    "country_iso3": "USA",
    "country_native": "UNITED STATES"
  },
  {
    "id": 116670,
    "name": "FORESTDALE",
    "state": "MASSACHUSETTS",
    "state_iso2": "MA",
    "country": "UNITED STATES",
    "country_iso2": "US",
    "country_iso3": "USA",
    "country_native": "UNITED STATES"
  },
  {
    "id": 116809,
    "name": "FOXBOROUGH",
    "state": "MASSACHUSETTS",
    "state_iso2": "MA",
    "country": "UNITED STATES",
    "country_iso2": "US",
    "country_iso3": "USA",
    "country_native": "UNITED STATES"
  },
  {
    "id": 116811,
    "name": "FRAMINGHAM",
    "state": "MASSACHUSETTS",
    "state_iso2": "MA",
    "country": "UNITED STATES",
    "country_iso2": "US",
    "country_iso3": "USA",
    "country_native": "UNITED STATES"
  },
  {
    "id": 116812,
    "name": "FRAMINGHAM CENTER",
    "state": "MASSACHUSETTS",
    "state_iso2": "MA",
    "country": "UNITED STATES",
    "country_iso2": "US",
    "country_iso3": "USA",
    "country_native": "UNITED STATES"
  },
  {
    "id": 116834,
    "name": "FRANKLIN",
    "state": "MASSACHUSETTS",
    "state_iso2": "MA",
    "country": "UNITED STATES",
    "country_iso2": "US",
    "country_iso3": "USA",
    "country_native": "UNITED STATES"
  },
  {
    "id": 116858,
    "name": "FRANKLIN COUNTY",
    "state": "MASSACHUSETTS",
    "state_iso2": "MA",
    "country": "UNITED STATES",
    "country_iso2": "US",
    "country_iso3": "USA",
    "country_native": "UNITED STATES"
  },
  {
    "id": 116918,
    "name": "FREETOWN",
    "state": "MASSACHUSETTS",
    "state_iso2": "MA",
    "country": "UNITED STATES",
    "country_iso2": "US",
    "country_iso3": "USA",
    "country_native": "UNITED STATES"
  },
  {
    "id": 117075,
    "name": "GARDNER",
    "state": "MASSACHUSETTS",
    "state_iso2": "MA",
    "country": "UNITED STATES",
    "country_iso2": "US",
    "country_iso3": "USA",
    "country_native": "UNITED STATES"
  },
  {
    "id": 117213,
    "name": "GILL",
    "state": "MASSACHUSETTS",
    "state_iso2": "MA",
    "country": "UNITED STATES",
    "country_iso2": "US",
    "country_iso3": "USA",
    "country_native": "UNITED STATES"
  },
  {
    "id": 117322,
    "name": "GLOUCESTER",
    "state": "MASSACHUSETTS",
    "state_iso2": "MA",
    "country": "UNITED STATES",
    "country_iso2": "US",
    "country_iso3": "USA",
    "country_native": "UNITED STATES"
  },
  {
    "id": 117429,
    "name": "GRAFTON",
    "state": "MASSACHUSETTS",
    "state_iso2": "MA",
    "country": "UNITED STATES",
    "country_iso2": "US",
    "country_iso3": "USA",
    "country_native": "UNITED STATES"
  },
  {
    "id": 117447,
    "name": "GRANBY",
    "state": "MASSACHUSETTS",
    "state_iso2": "MA",
    "country": "UNITED STATES",
    "country_iso2": "US",
    "country_iso3": "USA",
    "country_native": "UNITED STATES"
  },
  {
    "id": 117534,
    "name": "GRANVILLE",
    "state": "MASSACHUSETTS",
    "state_iso2": "MA",
    "country": "UNITED STATES",
    "country_iso2": "US",
    "country_iso3": "USA",
    "country_native": "UNITED STATES"
  },
  {
    "id": 117569,
    "name": "GREAT BARRINGTON",
    "state": "MASSACHUSETTS",
    "state_iso2": "MA",
    "country": "UNITED STATES",
    "country_iso2": "US",
    "country_iso3": "USA",
    "country_native": "UNITED STATES"
  },
  {
    "id": 117596,
    "name": "GREEN HARBOR-CEDAR CREST",
    "state": "MASSACHUSETTS",
    "state_iso2": "MA",
    "country": "UNITED STATES",
    "country_iso2": "US",
    "country_iso3": "USA",
    "country_native": "UNITED STATES"
  },
  {
    "id": 117650,
    "name": "GREENFIELD",
    "state": "MASSACHUSETTS",
    "state_iso2": "MA",
    "country": "UNITED STATES",
    "country_iso2": "US",
    "country_iso3": "USA",
    "country_native": "UNITED STATES"
  },
  {
    "id": 117752,
    "name": "GROTON",
    "state": "MASSACHUSETTS",
    "state_iso2": "MA",
    "country": "UNITED STATES",
    "country_iso2": "US",
    "country_iso3": "USA",
    "country_native": "UNITED STATES"
  },
  {
    "id": 117759,
    "name": "GROVELAND",
    "state": "MASSACHUSETTS",
    "state_iso2": "MA",
    "country": "UNITED STATES",
    "country_iso2": "US",
    "country_iso3": "USA",
    "country_native": "UNITED STATES"
  },
  {
    "id": 117833,
    "name": "HADLEY",
    "state": "MASSACHUSETTS",
    "state_iso2": "MA",
    "country": "UNITED STATES",
    "country_iso2": "US",
    "country_iso3": "USA",
    "country_native": "UNITED STATES"
  },
  {
    "id": 117861,
    "name": "HALIFAX",
    "state": "MASSACHUSETTS",
    "state_iso2": "MA",
    "country": "UNITED STATES",
    "country_iso2": "US",
    "country_iso3": "USA",
    "country_native": "UNITED STATES"
  },
  {
    "id": 117906,
    "name": "HAMILTON WORCESTER",
    "state": "MASSACHUSETTS",
    "state_iso2": "MA",
    "country": "UNITED STATES",
    "country_iso2": "US",
    "country_iso3": "USA",
    "country_native": "UNITED STATES"
  },
  {
    "id": 117916,
    "name": "HAMPDEN",
    "state": "MASSACHUSETTS",
    "state_iso2": "MA",
    "country": "UNITED STATES",
    "country_iso2": "US",
    "country_iso3": "USA",
    "country_native": "UNITED STATES"
  },
  {
    "id": 117918,
    "name": "HAMPDEN COUNTY",
    "state": "MASSACHUSETTS",
    "state_iso2": "MA",
    "country": "UNITED STATES",
    "country_iso2": "US",
    "country_iso3": "USA",
    "country_native": "UNITED STATES"
  },
  {
    "id": 117922,
    "name": "HAMPSHIRE",
    "state": "MASSACHUSETTS",
    "state_iso2": "MA",
    "country": "UNITED STATES",
    "country_iso2": "US",
    "country_iso3": "USA",
    "country_native": "UNITED STATES"
  },
  {
    "id": 117970,
    "name": "HANOVER",
    "state": "MASSACHUSETTS",
    "state_iso2": "MA",
    "country": "UNITED STATES",
    "country_iso2": "US",
    "country_iso3": "USA",
    "country_native": "UNITED STATES"
  },
  {
    "id": 117978,
    "name": "HANSON",
    "state": "MASSACHUSETTS",
    "state_iso2": "MA",
    "country": "UNITED STATES",
    "country_iso2": "US",
    "country_iso3": "USA",
    "country_native": "UNITED STATES"
  },
  {
    "id": 118008,
    "name": "HARDWICK",
    "state": "MASSACHUSETTS",
    "state_iso2": "MA",
    "country": "UNITED STATES",
    "country_iso2": "US",
    "country_iso3": "USA",
    "country_native": "UNITED STATES"
  },
  {
    "id": 118109,
    "name": "HARVARD",
    "state": "MASSACHUSETTS",
    "state_iso2": "MA",
    "country": "UNITED STATES",
    "country_iso2": "US",
    "country_iso3": "USA",
    "country_native": "UNITED STATES"
  },
  {
    "id": 118117,
    "name": "HARWICH",
    "state": "MASSACHUSETTS",
    "state_iso2": "MA",
    "country": "UNITED STATES",
    "country_iso2": "US",
    "country_iso3": "USA",
    "country_native": "UNITED STATES"
  },
  {
    "id": 118118,
    "name": "HARWICH CENTER",
    "state": "MASSACHUSETTS",
    "state_iso2": "MA",
    "country": "UNITED STATES",
    "country_iso2": "US",
    "country_iso3": "USA",
    "country_native": "UNITED STATES"
  },
  {
    "id": 118119,
    "name": "HARWICH PORT",
    "state": "MASSACHUSETTS",
    "state_iso2": "MA",
    "country": "UNITED STATES",
    "country_iso2": "US",
    "country_iso3": "USA",
    "country_native": "UNITED STATES"
  },
  {
    "id": 118138,
    "name": "HATFIELD",
    "state": "MASSACHUSETTS",
    "state_iso2": "MA",
    "country": "UNITED STATES",
    "country_iso2": "US",
    "country_iso3": "USA",
    "country_native": "UNITED STATES"
  },
  {
    "id": 118150,
    "name": "HAVERHILL",
    "state": "MASSACHUSETTS",
    "state_iso2": "MA",
    "country": "UNITED STATES",
    "country_iso2": "US",
    "country_iso3": "USA",
    "country_native": "UNITED STATES"
  },
  {
    "id": 118214,
    "name": "HEAD OF WESTPORT",
    "state": "MASSACHUSETTS",
    "state_iso2": "MA",
    "country": "UNITED STATES",
    "country_iso2": "US",
    "country_iso3": "USA",
    "country_native": "UNITED STATES"
  },
  {
    "id": 118483,
    "name": "HINGHAM",
    "state": "MASSACHUSETTS",
    "state_iso2": "MA",
    "country": "UNITED STATES",
    "country_iso2": "US",
    "country_iso3": "USA",
    "country_native": "UNITED STATES"
  },
  {
    "id": 118484,
    "name": "HINSDALE",
    "state": "MASSACHUSETTS",
    "state_iso2": "MA",
    "country": "UNITED STATES",
    "country_iso2": "US",
    "country_iso3": "USA",
    "country_native": "UNITED STATES"
  },
  {
    "id": 118517,
    "name": "HOLBROOK",
    "state": "MASSACHUSETTS",
    "state_iso2": "MA",
    "country": "UNITED STATES",
    "country_iso2": "US",
    "country_iso3": "USA",
    "country_native": "UNITED STATES"
  },
  {
    "id": 118523,
    "name": "HOLDEN",
    "state": "MASSACHUSETTS",
    "state_iso2": "MA",
    "country": "UNITED STATES",
    "country_iso2": "US",
    "country_iso3": "USA",
    "country_native": "UNITED STATES"
  },
  {
    "id": 118538,
    "name": "HOLLAND",
    "state": "MASSACHUSETTS",
    "state_iso2": "MA",
    "country": "UNITED STATES",
    "country_iso2": "US",
    "country_iso3": "USA",
    "country_native": "UNITED STATES"
  },
  {
    "id": 118553,
    "name": "HOLLISTON",
    "state": "MASSACHUSETTS",
    "state_iso2": "MA",
    "country": "UNITED STATES",
    "country_iso2": "US",
    "country_iso3": "USA",
    "country_native": "UNITED STATES"
  },
  {
    "id": 118583,
    "name": "HOLYOKE",
    "state": "MASSACHUSETTS",
    "state_iso2": "MA",
    "country": "UNITED STATES",
    "country_iso2": "US",
    "country_iso3": "USA",
    "country_native": "UNITED STATES"
  },
  {
    "id": 118647,
    "name": "HOPEDALE",
    "state": "MASSACHUSETTS",
    "state_iso2": "MA",
    "country": "UNITED STATES",
    "country_iso2": "US",
    "country_iso3": "USA",
    "country_native": "UNITED STATES"
  },
  {
    "id": 118656,
    "name": "HOPKINTON",
    "state": "MASSACHUSETTS",
    "state_iso2": "MA",
    "country": "UNITED STATES",
    "country_iso2": "US",
    "country_iso3": "USA",
    "country_native": "UNITED STATES"
  },
  {
    "id": 118695,
    "name": "HOUSATONIC",
    "state": "MASSACHUSETTS",
    "state_iso2": "MA",
    "country": "UNITED STATES",
    "country_iso2": "US",
    "country_iso3": "USA",
    "country_native": "UNITED STATES"
  },
  {
    "id": 118734,
    "name": "HUBBARDSTON",
    "state": "MASSACHUSETTS",
    "state_iso2": "MA",
    "country": "UNITED STATES",
    "country_iso2": "US",
    "country_iso3": "USA",
    "country_native": "UNITED STATES"
  },
  {
    "id": 118740,
    "name": "HUDSON",
    "state": "MASSACHUSETTS",
    "state_iso2": "MA",
    "country": "UNITED STATES",
    "country_iso2": "US",
    "country_iso3": "USA",
    "country_native": "UNITED STATES"
  },
  {
    "id": 118772,
    "name": "HULL",
    "state": "MASSACHUSETTS",
    "state_iso2": "MA",
    "country": "UNITED STATES",
    "country_iso2": "US",
    "country_iso3": "USA",
    "country_native": "UNITED STATES"
  },
  {
    "id": 118842,
    "name": "HYANNIS",
    "state": "MASSACHUSETTS",
    "state_iso2": "MA",
    "country": "UNITED STATES",
    "country_iso2": "US",
    "country_iso3": "USA",
    "country_native": "UNITED STATES"
  },
  {
    "id": 118982,
    "name": "IPSWICH",
    "state": "MASSACHUSETTS",
    "state_iso2": "MA",
    "country": "UNITED STATES",
    "country_iso2": "US",
    "country_iso3": "USA",
    "country_native": "UNITED STATES"
  },
  {
    "id": 119114,
    "name": "JAMAICA PLAIN",
    "state": "MASSACHUSETTS",
    "state_iso2": "MA",
    "country": "UNITED STATES",
    "country_iso2": "US",
    "country_iso3": "USA",
    "country_native": "UNITED STATES"
  },
  {
    "id": 119623,
    "name": "KINGSTON",
    "state": "MASSACHUSETTS",
    "state_iso2": "MA",
    "country": "UNITED STATES",
    "country_iso2": "US",
    "country_iso3": "USA",
    "country_native": "UNITED STATES"
  },
  {
    "id": 120083,
    "name": "LANCASTER",
    "state": "MASSACHUSETTS",
    "state_iso2": "MA",
    "country": "UNITED STATES",
    "country_iso2": "US",
    "country_iso3": "USA",
    "country_native": "UNITED STATES"
  },
  {
    "id": 120107,
    "name": "LANESBOROUGH",
    "state": "MASSACHUSETTS",
    "state_iso2": "MA",
    "country": "UNITED STATES",
    "country_iso2": "US",
    "country_iso3": "USA",
    "country_native": "UNITED STATES"
  },
  {
    "id": 120227,
    "name": "LAWRENCE",
    "state": "MASSACHUSETTS",
    "state_iso2": "MA",
    "country": "UNITED STATES",
    "country_iso2": "US",
    "country_iso3": "USA",
    "country_native": "UNITED STATES"
  },
  {
    "id": 120303,
    "name": "LEE",
    "state": "MASSACHUSETTS",
    "state_iso2": "MA",
    "country": "UNITED STATES",
    "country_iso2": "US",
    "country_iso3": "USA",
    "country_native": "UNITED STATES"
  },
  {
    "id": 120337,
    "name": "LEICESTER",
    "state": "MASSACHUSETTS",
    "state_iso2": "MA",
    "country": "UNITED STATES",
    "country_iso2": "US",
    "country_iso3": "USA",
    "country_native": "UNITED STATES"
  },
  {
    "id": 120376,
    "name": "LENOX",
    "state": "MASSACHUSETTS",
    "state_iso2": "MA",
    "country": "UNITED STATES",
    "country_iso2": "US",
    "country_iso3": "USA",
    "country_native": "UNITED STATES"
  },
  {
    "id": 120382,
    "name": "LEOMINSTER",
    "state": "MASSACHUSETTS",
    "state_iso2": "MA",
    "country": "UNITED STATES",
    "country_iso2": "US",
    "country_iso3": "USA",
    "country_native": "UNITED STATES"
  },
  {
    "id": 120406,
    "name": "LEVERETT",
    "state": "MASSACHUSETTS",
    "state_iso2": "MA",
    "country": "UNITED STATES",
    "country_iso2": "US",
    "country_iso3": "USA",
    "country_native": "UNITED STATES"
  },
  {
    "id": 120448,
    "name": "LEXINGTON",
    "state": "MASSACHUSETTS",
    "state_iso2": "MA",
    "country": "UNITED STATES",
    "country_iso2": "US",
    "country_iso3": "USA",
    "country_native": "UNITED STATES"
  },
  {
    "id": 120504,
    "name": "LINCOLN",
    "state": "MASSACHUSETTS",
    "state_iso2": "MA",
    "country": "UNITED STATES",
    "country_iso2": "US",
    "country_iso3": "USA",
    "country_native": "UNITED STATES"
  },
  {
    "id": 120637,
    "name": "LITTLETON COMMON",
    "state": "MASSACHUSETTS",
    "state_iso2": "MA",
    "country": "UNITED STATES",
    "country_iso2": "US",
    "country_iso3": "USA",
    "country_native": "UNITED STATES"
  },
  {
    "id": 120753,
    "name": "LONGMEADOW",
    "state": "MASSACHUSETTS",
    "state_iso2": "MA",
    "country": "UNITED STATES",
    "country_iso2": "US",
    "country_iso3": "USA",
    "country_native": "UNITED STATES"
  },
  {
    "id": 120836,
    "name": "LOWELL",
    "state": "MASSACHUSETTS",
    "state_iso2": "MA",
    "country": "UNITED STATES",
    "country_iso2": "US",
    "country_iso3": "USA",
    "country_native": "UNITED STATES"
  },
  {
    "id": 120870,
    "name": "LUDLOW",
    "state": "MASSACHUSETTS",
    "state_iso2": "MA",
    "country": "UNITED STATES",
    "country_iso2": "US",
    "country_iso3": "USA",
    "country_native": "UNITED STATES"
  },
  {
    "id": 120887,
    "name": "LUNENBURG",
    "state": "MASSACHUSETTS",
    "state_iso2": "MA",
    "country": "UNITED STATES",
    "country_iso2": "US",
    "country_iso3": "USA",
    "country_native": "UNITED STATES"
  },
  {
    "id": 120927,
    "name": "LYNN",
    "state": "MASSACHUSETTS",
    "state_iso2": "MA",
    "country": "UNITED STATES",
    "country_iso2": "US",
    "country_iso3": "USA",
    "country_native": "UNITED STATES"
  },
  {
    "id": 120930,
    "name": "LYNNFIELD",
    "state": "MASSACHUSETTS",
    "state_iso2": "MA",
    "country": "UNITED STATES",
    "country_iso2": "US",
    "country_iso3": "USA",
    "country_native": "UNITED STATES"
  },
  {
    "id": 121060,
    "name": "MALDEN",
    "state": "MASSACHUSETTS",
    "state_iso2": "MA",
    "country": "UNITED STATES",
    "country_iso2": "US",
    "country_iso3": "USA",
    "country_native": "UNITED STATES"
  },
  {
    "id": 121104,
    "name": "MANCHESTER-BY-THE-SEA",
    "state": "MASSACHUSETTS",
    "state_iso2": "MA",
    "country": "UNITED STATES",
    "country_iso2": "US",
    "country_iso3": "USA",
    "country_native": "UNITED STATES"
  },
  {
    "id": 121146,
    "name": "MANSFIELD",
    "state": "MASSACHUSETTS",
    "state_iso2": "MA",
    "country": "UNITED STATES",
    "country_iso2": "US",
    "country_iso3": "USA",
    "country_native": "UNITED STATES"
  },
  {
    "id": 121148,
    "name": "MANSFIELD CENTER",
    "state": "MASSACHUSETTS",
    "state_iso2": "MA",
    "country": "UNITED STATES",
    "country_iso2": "US",
    "country_iso3": "USA",
    "country_native": "UNITED STATES"
  },
  {
    "id": 121189,
    "name": "MARBLEHEAD",
    "state": "MASSACHUSETTS",
    "state_iso2": "MA",
    "country": "UNITED STATES",
    "country_iso2": "US",
    "country_iso3": "USA",
    "country_native": "UNITED STATES"
  },
  {
    "id": 121242,
    "name": "MARION",
    "state": "MASSACHUSETTS",
    "state_iso2": "MA",
    "country": "UNITED STATES",
    "country_iso2": "US",
    "country_iso3": "USA",
    "country_native": "UNITED STATES"
  },
  {
    "id": 121246,
    "name": "MARION CENTER",
    "state": "MASSACHUSETTS",
    "state_iso2": "MA",
    "country": "UNITED STATES",
    "country_iso2": "US",
    "country_iso3": "USA",
    "country_native": "UNITED STATES"
  },
  {
    "id": 121280,
    "name": "MARLBOROUGH",
    "state": "MASSACHUSETTS",
    "state_iso2": "MA",
    "country": "UNITED STATES",
    "country_iso2": "US",
    "country_iso3": "USA",
    "country_native": "UNITED STATES"
  },
  {
    "id": 121326,
    "name": "MARSHFIELD",
    "state": "MASSACHUSETTS",
    "state_iso2": "MA",
    "country": "UNITED STATES",
    "country_iso2": "US",
    "country_iso3": "USA",
    "country_native": "UNITED STATES"
  },
  {
    "id": 121328,
    "name": "MARSHFIELD HILLS",
    "state": "MASSACHUSETTS",
    "state_iso2": "MA",
    "country": "UNITED STATES",
    "country_iso2": "US",
    "country_iso3": "USA",
    "country_native": "UNITED STATES"
  },
  {
    "id": 121331,
    "name": "MARSTONS MILLS",
    "state": "MASSACHUSETTS",
    "state_iso2": "MA",
    "country": "UNITED STATES",
    "country_iso2": "US",
    "country_iso3": "USA",
    "country_native": "UNITED STATES"
  },
  {
    "id": 121370,
    "name": "MASHPEE",
    "state": "MASSACHUSETTS",
    "state_iso2": "MA",
    "country": "UNITED STATES",
    "country_iso2": "US",
    "country_iso3": "USA",
    "country_native": "UNITED STATES"
  },
  {
    "id": 121407,
    "name": "MATTAPOISETT",
    "state": "MASSACHUSETTS",
    "state_iso2": "MA",
    "country": "UNITED STATES",
    "country_iso2": "US",
    "country_iso3": "USA",
    "country_native": "UNITED STATES"
  },
  {
    "id": 121408,
    "name": "MATTAPOISETT CENTER",
    "state": "MASSACHUSETTS",
    "state_iso2": "MA",
    "country": "UNITED STATES",
    "country_iso2": "US",
    "country_iso3": "USA",
    "country_native": "UNITED STATES"
  },
  {
    "id": 121440,
    "name": "MAYNARD",
    "state": "MASSACHUSETTS",
    "state_iso2": "MA",
    "country": "UNITED STATES",
    "country_iso2": "US",
    "country_iso3": "USA",
    "country_native": "UNITED STATES"
  },
  {
    "id": 121590,
    "name": "MEDFIELD",
    "state": "MASSACHUSETTS",
    "state_iso2": "MA",
    "country": "UNITED STATES",
    "country_iso2": "US",
    "country_iso3": "USA",
    "country_native": "UNITED STATES"
  },
  {
    "id": 121592,
    "name": "MEDFORD",
    "state": "MASSACHUSETTS",
    "state_iso2": "MA",
    "country": "UNITED STATES",
    "country_iso2": "US",
    "country_iso3": "USA",
    "country_native": "UNITED STATES"
  },
  {
    "id": 121610,
    "name": "MEDWAY",
    "state": "MASSACHUSETTS",
    "state_iso2": "MA",
    "country": "UNITED STATES",
    "country_iso2": "US",
    "country_iso3": "USA",
    "country_native": "UNITED STATES"
  },
  {
    "id": 121628,
    "name": "MELROSE",
    "state": "MASSACHUSETTS",
    "state_iso2": "MA",
    "country": "UNITED STATES",
    "country_iso2": "US",
    "country_iso3": "USA",
    "country_native": "UNITED STATES"
  },
  {
    "id": 121653,
    "name": "MENDON",
    "state": "MASSACHUSETTS",
    "state_iso2": "MA",
    "country": "UNITED STATES",
    "country_iso2": "US",
    "country_iso3": "USA",
    "country_native": "UNITED STATES"
  },
  {
    "id": 121710,
    "name": "MERRIMAC",
    "state": "MASSACHUSETTS",
    "state_iso2": "MA",
    "country": "UNITED STATES",
    "country_iso2": "US",
    "country_iso3": "USA",
    "country_native": "UNITED STATES"
  },
  {
    "id": 121734,
    "name": "METHUEN",
    "state": "MASSACHUSETTS",
    "state_iso2": "MA",
    "country": "UNITED STATES",
    "country_iso2": "US",
    "country_iso3": "USA",
    "country_native": "UNITED STATES"
  },
  {
    "id": 121765,
    "name": "MIDDLEBOROUGH",
    "state": "MASSACHUSETTS",
    "state_iso2": "MA",
    "country": "UNITED STATES",
    "country_iso2": "US",
    "country_iso3": "USA",
    "country_native": "UNITED STATES"
  },
  {
    "id": 121766,
    "name": "MIDDLEBOROUGH CENTER",
    "state": "MASSACHUSETTS",
    "state_iso2": "MA",
    "country": "UNITED STATES",
    "country_iso2": "US",
    "country_iso3": "USA",
    "country_native": "UNITED STATES"
  },
  {
    "id": 121780,
    "name": "MIDDLESEX COUNTY",
    "state": "MASSACHUSETTS",
    "state_iso2": "MA",
    "country": "UNITED STATES",
    "country_iso2": "US",
    "country_iso3": "USA",
    "country_native": "UNITED STATES"
  },
  {
    "id": 121782,
    "name": "MIDDLETON",
    "state": "MASSACHUSETTS",
    "state_iso2": "MA",
    "country": "UNITED STATES",
    "country_iso2": "US",
    "country_iso3": "USA",
    "country_native": "UNITED STATES"
  },
  {
    "id": 121850,
    "name": "MILFORD",
    "state": "MASSACHUSETTS",
    "state_iso2": "MA",
    "country": "UNITED STATES",
    "country_iso2": "US",
    "country_iso3": "USA",
    "country_native": "UNITED STATES"
  },
  {
    "id": 121874,
    "name": "MILLBURY",
    "state": "MASSACHUSETTS",
    "state_iso2": "MA",
    "country": "UNITED STATES",
    "country_iso2": "US",
    "country_iso3": "USA",
    "country_native": "UNITED STATES"
  },
  {
    "id": 121885,
    "name": "MILLERS FALLS",
    "state": "MASSACHUSETTS",
    "state_iso2": "MA",
    "country": "UNITED STATES",
    "country_iso2": "US",
    "country_iso3": "USA",
    "country_native": "UNITED STATES"
  },
  {
    "id": 121894,
    "name": "MILLIS",
    "state": "MASSACHUSETTS",
    "state_iso2": "MA",
    "country": "UNITED STATES",
    "country_iso2": "US",
    "country_iso3": "USA",
    "country_native": "UNITED STATES"
  },
  {
    "id": 121895,
    "name": "MILLIS-CLICQUOT",
    "state": "MASSACHUSETTS",
    "state_iso2": "MA",
    "country": "UNITED STATES",
    "country_iso2": "US",
    "country_iso3": "USA",
    "country_native": "UNITED STATES"
  },
  {
    "id": 121905,
    "name": "MILLVILLE",
    "state": "MASSACHUSETTS",
    "state_iso2": "MA",
    "country": "UNITED STATES",
    "country_iso2": "US",
    "country_iso3": "USA",
    "country_native": "UNITED STATES"
  },
  {
    "id": 121915,
    "name": "MILTON",
    "state": "MASSACHUSETTS",
    "state_iso2": "MA",
    "country": "UNITED STATES",
    "country_iso2": "US",
    "country_iso3": "USA",
    "country_native": "UNITED STATES"
  },
  {
    "id": 122090,
    "name": "MONSON",
    "state": "MASSACHUSETTS",
    "state_iso2": "MA",
    "country": "UNITED STATES",
    "country_iso2": "US",
    "country_iso3": "USA",
    "country_native": "UNITED STATES"
  },
  {
    "id": 122091,
    "name": "MONSON CENTER",
    "state": "MASSACHUSETTS",
    "state_iso2": "MA",
    "country": "UNITED STATES",
    "country_iso2": "US",
    "country_iso3": "USA",
    "country_native": "UNITED STATES"
  },
  {
    "id": 122096,
    "name": "MONTAGUE",
    "state": "MASSACHUSETTS",
    "state_iso2": "MA",
    "country": "UNITED STATES",
    "country_iso2": "US",
    "country_iso3": "USA",
    "country_native": "UNITED STATES"
  },
  {
    "id": 122192,
    "name": "MONUMENT BEACH",
    "state": "MASSACHUSETTS",
    "state_iso2": "MA",
    "country": "UNITED STATES",
    "country_iso2": "US",
    "country_iso3": "USA",
    "country_native": "UNITED STATES"
  },
  {
    "id": 122535,
    "name": "NAHANT",
    "state": "MASSACHUSETTS",
    "state_iso2": "MA",
    "country": "UNITED STATES",
    "country_iso2": "US",
    "country_iso3": "USA",
    "country_native": "UNITED STATES"
  },
  {
    "id": 122542,
    "name": "NANTUCKET",
    "state": "MASSACHUSETTS",
    "state_iso2": "MA",
    "country": "UNITED STATES",
    "country_iso2": "US",
    "country_iso3": "USA",
    "country_native": "UNITED STATES"
  },
  {
    "id": 122543,
    "name": "NANTUCKET COUNTY",
    "state": "MASSACHUSETTS",
    "state_iso2": "MA",
    "country": "UNITED STATES",
    "country_iso2": "US",
    "country_iso3": "USA",
    "country_native": "UNITED STATES"
  },
  {
    "id": 122590,
    "name": "NATICK",
    "state": "MASSACHUSETTS",
    "state_iso2": "MA",
    "country": "UNITED STATES",
    "country_iso2": "US",
    "country_iso3": "USA",
    "country_native": "UNITED STATES"
  },
  {
    "id": 122613,
    "name": "NEEDHAM",
    "state": "MASSACHUSETTS",
    "state_iso2": "MA",
    "country": "UNITED STATES",
    "country_iso2": "US",
    "country_iso3": "USA",
    "country_native": "UNITED STATES"
  },
  {
    "id": 122662,
    "name": "NEW BEDFORD",
    "state": "MASSACHUSETTS",
    "state_iso2": "MA",
    "country": "UNITED STATES",
    "country_iso2": "US",
    "country_iso3": "USA",
    "country_native": "UNITED STATES"
  },
  {
    "id": 122752,
    "name": "NEW MARLBOROUGH",
    "state": "MASSACHUSETTS",
    "state_iso2": "MA",
    "country": "UNITED STATES",
    "country_iso2": "US",
    "country_iso3": "USA",
    "country_native": "UNITED STATES"
  },
  {
    "id": 122819,
    "name": "NEWBURYPORT",
    "state": "MASSACHUSETTS",
    "state_iso2": "MA",
    "country": "UNITED STATES",
    "country_iso2": "US",
    "country_iso3": "USA",
    "country_native": "UNITED STATES"
  },
  {
    "id": 122865,
    "name": "NEWTON",
    "state": "MASSACHUSETTS",
    "state_iso2": "MA",
    "country": "UNITED STATES",
    "country_iso2": "US",
    "country_iso3": "USA",
    "country_native": "UNITED STATES"
  },
  {
    "id": 122942,
    "name": "NORFOLK",
    "state": "MASSACHUSETTS",
    "state_iso2": "MA",
    "country": "UNITED STATES",
    "country_iso2": "US",
    "country_iso3": "USA",
    "country_native": "UNITED STATES"
  },
  {
    "id": 122945,
    "name": "NORFOLK COUNTY",
    "state": "MASSACHUSETTS",
    "state_iso2": "MA",
    "country": "UNITED STATES",
    "country_iso2": "US",
    "country_iso3": "USA",
    "country_native": "UNITED STATES"
  },
  {
    "id": 122958,
    "name": "NORTH ADAMS",
    "state": "MASSACHUSETTS",
    "state_iso2": "MA",
    "country": "UNITED STATES",
    "country_iso2": "US",
    "country_iso3": "USA",
    "country_native": "UNITED STATES"
  },
  {
    "id": 122960,
    "name": "NORTH AMHERST",
    "state": "MASSACHUSETTS",
    "state_iso2": "MA",
    "country": "UNITED STATES",
    "country_iso2": "US",
    "country_iso3": "USA",
    "country_native": "UNITED STATES"
  },
  {
    "id": 122962,
    "name": "NORTH ANDOVER",
    "state": "MASSACHUSETTS",
    "state_iso2": "MA",
    "country": "UNITED STATES",
    "country_iso2": "US",
    "country_iso3": "USA",
    "country_native": "UNITED STATES"
  },
  {
    "id": 122967,
    "name": "NORTH ATTLEBOROUGH CENTER",
    "state": "MASSACHUSETTS",
    "state_iso2": "MA",
    "country": "UNITED STATES",
    "country_iso2": "US",
    "country_iso3": "USA",
    "country_native": "UNITED STATES"
  },
  {
    "id": 122996,
    "name": "NORTH BROOKFIELD",
    "state": "MASSACHUSETTS",
    "state_iso2": "MA",
    "country": "UNITED STATES",
    "country_iso2": "US",
    "country_iso3": "USA",
    "country_native": "UNITED STATES"
  },
  {
    "id": 123007,
    "name": "NORTH CHICOPEE",
    "state": "MASSACHUSETTS",
    "state_iso2": "MA",
    "country": "UNITED STATES",
    "country_iso2": "US",
    "country_iso3": "USA",
    "country_native": "UNITED STATES"
  },
  {
    "id": 123019,
    "name": "NORTH EASTHAM",
    "state": "MASSACHUSETTS",
    "state_iso2": "MA",
    "country": "UNITED STATES",
    "country_iso2": "US",
    "country_iso3": "USA",
    "country_native": "UNITED STATES"
  },
  {
    "id": 123025,
    "name": "NORTH FALMOUTH",
    "state": "MASSACHUSETTS",
    "state_iso2": "MA",
    "country": "UNITED STATES",
    "country_iso2": "US",
    "country_iso3": "USA",
    "country_native": "UNITED STATES"
  },
  {
    "id": 123051,
    "name": "NORTH LAKEVILLE",
    "state": "MASSACHUSETTS",
    "state_iso2": "MA",
    "country": "UNITED STATES",
    "country_iso2": "US",
    "country_iso3": "USA",
    "country_native": "UNITED STATES"
  },
  {
    "id": 123078,
    "name": "NORTH PEMBROKE",
    "state": "MASSACHUSETTS",
    "state_iso2": "MA",
    "country": "UNITED STATES",
    "country_iso2": "US",
    "country_iso3": "USA",
    "country_native": "UNITED STATES"
  },
  {
    "id": 123083,
    "name": "NORTH PLYMOUTH",
    "state": "MASSACHUSETTS",
    "state_iso2": "MA",
    "country": "UNITED STATES",
    "country_iso2": "US",
    "country_iso3": "USA",
    "country_native": "UNITED STATES"
  },
  {
    "id": 123091,
    "name": "NORTH READING",
    "state": "MASSACHUSETTS",
    "state_iso2": "MA",
    "country": "UNITED STATES",
    "country_iso2": "US",
    "country_iso3": "USA",
    "country_native": "UNITED STATES"
  },
  {
    "id": 123101,
    "name": "NORTH SCITUATE",
    "state": "MASSACHUSETTS",
    "state_iso2": "MA",
    "country": "UNITED STATES",
    "country_iso2": "US",
    "country_iso3": "USA",
    "country_native": "UNITED STATES"
  },
  {
    "id": 123104,
    "name": "NORTH SEEKONK",
    "state": "MASSACHUSETTS",
    "state_iso2": "MA",
    "country": "UNITED STATES",
    "country_iso2": "US",
    "country_iso3": "USA",
    "country_native": "UNITED STATES"
  },
  {
    "id": 123128,
    "name": "NORTH WESTPORT",
    "state": "MASSACHUSETTS",
    "state_iso2": "MA",
    "country": "UNITED STATES",
    "country_iso2": "US",
    "country_iso3": "USA",
    "country_native": "UNITED STATES"
  },
  {
    "id": 123134,
    "name": "NORTHAMPTON",
    "state": "MASSACHUSETTS",
    "state_iso2": "MA",
    "country": "UNITED STATES",
    "country_iso2": "US",
    "country_iso3": "USA",
    "country_native": "UNITED STATES"
  },
  {
    "id": 123139,
    "name": "NORTHBOROUGH",
    "state": "MASSACHUSETTS",
    "state_iso2": "MA",
    "country": "UNITED STATES",
    "country_iso2": "US",
    "country_iso3": "USA",
    "country_native": "UNITED STATES"
  },
  {
    "id": 123140,
    "name": "NORTHBRIDGE",
    "state": "MASSACHUSETTS",
    "state_iso2": "MA",
    "country": "UNITED STATES",
    "country_iso2": "US",
    "country_iso3": "USA",
    "country_native": "UNITED STATES"
  },
  {
    "id": 123150,
    "name": "NORTHFIELD",
    "state": "MASSACHUSETTS",
    "state_iso2": "MA",
    "country": "UNITED STATES",
    "country_iso2": "US",
    "country_iso3": "USA",
    "country_native": "UNITED STATES"
  },
  {
    "id": 123176,
    "name": "NORTHWEST HARWICH",
    "state": "MASSACHUSETTS",
    "state_iso2": "MA",
    "country": "UNITED STATES",
    "country_iso2": "US",
    "country_iso3": "USA",
    "country_native": "UNITED STATES"
  },
  {
    "id": 123184,
    "name": "NORTON",
    "state": "MASSACHUSETTS",
    "state_iso2": "MA",
    "country": "UNITED STATES",
    "country_iso2": "US",
    "country_iso3": "USA",
    "country_native": "UNITED STATES"
  },
  {
    "id": 123185,
    "name": "NORTON CENTER",
    "state": "MASSACHUSETTS",
    "state_iso2": "MA",
    "country": "UNITED STATES",
    "country_iso2": "US",
    "country_iso3": "USA",
    "country_native": "UNITED STATES"
  },
  {
    "id": 123194,
    "name": "NORWELL",
    "state": "MASSACHUSETTS",
    "state_iso2": "MA",
    "country": "UNITED STATES",
    "country_iso2": "US",
    "country_iso3": "USA",
    "country_native": "UNITED STATES"
  },
  {
    "id": 123199,
    "name": "NORWOOD",
    "state": "MASSACHUSETTS",
    "state_iso2": "MA",
    "country": "UNITED STATES",
    "country_iso2": "US",
    "country_iso3": "USA",
    "country_native": "UNITED STATES"
  },
  {
    "id": 123229,
    "name": "OAK BLUFFS",
    "state": "MASSACHUSETTS",
    "state_iso2": "MA",
    "country": "UNITED STATES",
    "country_iso2": "US",
    "country_iso3": "USA",
    "country_native": "UNITED STATES"
  },
  {
    "id": 123278,
    "name": "OAKHAM",
    "state": "MASSACHUSETTS",
    "state_iso2": "MA",
    "country": "UNITED STATES",
    "country_iso2": "US",
    "country_iso3": "USA",
    "country_native": "UNITED STATES"
  },
  {
    "id": 123324,
    "name": "OCEAN BLUFF-BRANT ROCK",
    "state": "MASSACHUSETTS",
    "state_iso2": "MA",
    "country": "UNITED STATES",
    "country_iso2": "US",
    "country_iso3": "USA",
    "country_native": "UNITED STATES"
  },
  {
    "id": 123330,
    "name": "OCEAN GROVE",
    "state": "MASSACHUSETTS",
    "state_iso2": "MA",
    "country": "UNITED STATES",
    "country_iso2": "US",
    "country_iso3": "USA",
    "country_native": "UNITED STATES"
  },
  {
    "id": 123483,
    "name": "ONSET",
    "state": "MASSACHUSETTS",
    "state_iso2": "MA",
    "country": "UNITED STATES",
    "country_iso2": "US",
    "country_iso3": "USA",
    "country_native": "UNITED STATES"
  },
  {
    "id": 123508,
    "name": "ORANGE",
    "state": "MASSACHUSETTS",
    "state_iso2": "MA",
    "country": "UNITED STATES",
    "country_iso2": "US",
    "country_iso3": "USA",
    "country_native": "UNITED STATES"
  },
  {
    "id": 123564,
    "name": "ORLEANS",
    "state": "MASSACHUSETTS",
    "state_iso2": "MA",
    "country": "UNITED STATES",
    "country_iso2": "US",
    "country_iso3": "USA",
    "country_native": "UNITED STATES"
  },
  {
    "id": 123620,
    "name": "OSTERVILLE",
    "state": "MASSACHUSETTS",
    "state_iso2": "MA",
    "country": "UNITED STATES",
    "country_iso2": "US",
    "country_iso3": "USA",
    "country_native": "UNITED STATES"
  },
  {
    "id": 123628,
    "name": "OTIS",
    "state": "MASSACHUSETTS",
    "state_iso2": "MA",
    "country": "UNITED STATES",
    "country_iso2": "US",
    "country_iso3": "USA",
    "country_native": "UNITED STATES"
  },
  {
    "id": 123683,
    "name": "OXFORD",
    "state": "MASSACHUSETTS",
    "state_iso2": "MA",
    "country": "UNITED STATES",
    "country_iso2": "US",
    "country_iso3": "USA",
    "country_native": "UNITED STATES"
  },
  {
    "id": 123759,
    "name": "PALMER",
    "state": "MASSACHUSETTS",
    "state_iso2": "MA",
    "country": "UNITED STATES",
    "country_iso2": "US",
    "country_iso3": "USA",
    "country_native": "UNITED STATES"
  },
  {
    "id": 123942,
    "name": "PAXTON",
    "state": "MASSACHUSETTS",
    "state_iso2": "MA",
    "country": "UNITED STATES",
    "country_iso2": "US",
    "country_iso3": "USA",
    "country_native": "UNITED STATES"
  },
  {
    "id": 123954,
    "name": "PEABODY",
    "state": "MASSACHUSETTS",
    "state_iso2": "MA",
    "country": "UNITED STATES",
    "country_iso2": "US",
    "country_iso3": "USA",
    "country_native": "UNITED STATES"
  },
  {
    "id": 123990,
    "name": "PELHAM",
    "state": "MASSACHUSETTS",
    "state_iso2": "MA",
    "country": "UNITED STATES",
    "country_iso2": "US",
    "country_iso3": "USA",
    "country_native": "UNITED STATES"
  },
  {
    "id": 124054,
    "name": "PEPPERELL",
    "state": "MASSACHUSETTS",
    "state_iso2": "MA",
    "country": "UNITED STATES",
    "country_iso2": "US",
    "country_iso3": "USA",
    "country_native": "UNITED STATES"
  },
  {
    "id": 124141,
    "name": "PHILLIPSTON",
    "state": "MASSACHUSETTS",
    "state_iso2": "MA",
    "country": "UNITED STATES",
    "country_iso2": "US",
    "country_iso3": "USA",
    "country_native": "UNITED STATES"
  },
  {
    "id": 124252,
    "name": "PINEHURST",
    "state": "MASSACHUSETTS",
    "state_iso2": "MA",
    "country": "UNITED STATES",
    "country_iso2": "US",
    "country_iso3": "USA",
    "country_native": "UNITED STATES"
  },
  {
    "id": 124298,
    "name": "PITTSFIELD",
    "state": "MASSACHUSETTS",
    "state_iso2": "MA",
    "country": "UNITED STATES",
    "country_iso2": "US",
    "country_iso3": "USA",
    "country_native": "UNITED STATES"
  },
  {
    "id": 124335,
    "name": "PLAINVILLE",
    "state": "MASSACHUSETTS",
    "state_iso2": "MA",
    "country": "UNITED STATES",
    "country_iso2": "US",
    "country_iso3": "USA",
    "country_native": "UNITED STATES"
  },
  {
    "id": 124402,
    "name": "PLYMOUTH",
    "state": "MASSACHUSETTS",
    "state_iso2": "MA",
    "country": "UNITED STATES",
    "country_iso2": "US",
    "country_iso3": "USA",
    "country_native": "UNITED STATES"
  },
  {
    "id": 124410,
    "name": "PLYMOUTH COUNTY",
    "state": "MASSACHUSETTS",
    "state_iso2": "MA",
    "country": "UNITED STATES",
    "country_iso2": "US",
    "country_iso3": "USA",
    "country_native": "UNITED STATES"
  },
  {
    "id": 124412,
    "name": "PLYMPTON",
    "state": "MASSACHUSETTS",
    "state_iso2": "MA",
    "country": "UNITED STATES",
    "country_iso2": "US",
    "country_iso3": "USA",
    "country_native": "UNITED STATES"
  },
  {
    "id": 124417,
    "name": "POCASSET",
    "state": "MASSACHUSETTS",
    "state_iso2": "MA",
    "country": "UNITED STATES",
    "country_iso2": "US",
    "country_iso3": "USA",
    "country_native": "UNITED STATES"
  },
  {
    "id": 124687,
    "name": "PRINCETON",
    "state": "MASSACHUSETTS",
    "state_iso2": "MA",
    "country": "UNITED STATES",
    "country_iso2": "US",
    "country_iso3": "USA",
    "country_native": "UNITED STATES"
  },
  {
    "id": 124720,
    "name": "PROVINCETOWN",
    "state": "MASSACHUSETTS",
    "state_iso2": "MA",
    "country": "UNITED STATES",
    "country_iso2": "US",
    "country_iso3": "USA",
    "country_native": "UNITED STATES"
  },
  {
    "id": 124797,
    "name": "QUINCY",
    "state": "MASSACHUSETTS",
    "state_iso2": "MA",
    "country": "UNITED STATES",
    "country_iso2": "US",
    "country_iso3": "USA",
    "country_native": "UNITED STATES"
  },
  {
    "id": 124865,
    "name": "RANDOLPH",
    "state": "MASSACHUSETTS",
    "state_iso2": "MA",
    "country": "UNITED STATES",
    "country_iso2": "US",
    "country_iso3": "USA",
    "country_native": "UNITED STATES"
  },
  {
    "id": 124924,
    "name": "RAYNHAM",
    "state": "MASSACHUSETTS",
    "state_iso2": "MA",
    "country": "UNITED STATES",
    "country_iso2": "US",
    "country_iso3": "USA",
    "country_native": "UNITED STATES"
  },
  {
    "id": 124925,
    "name": "RAYNHAM CENTER",
    "state": "MASSACHUSETTS",
    "state_iso2": "MA",
    "country": "UNITED STATES",
    "country_iso2": "US",
    "country_iso3": "USA",
    "country_native": "UNITED STATES"
  },
  {
    "id": 124929,
    "name": "READING",
    "state": "MASSACHUSETTS",
    "state_iso2": "MA",
    "country": "UNITED STATES",
    "country_iso2": "US",
    "country_iso3": "USA",
    "country_native": "UNITED STATES"
  },
  {
    "id": 125004,
    "name": "REHOBOTH",
    "state": "MASSACHUSETTS",
    "state_iso2": "MA",
    "country": "UNITED STATES",
    "country_iso2": "US",
    "country_iso3": "USA",
    "country_native": "UNITED STATES"
  },
  {
    "id": 125037,
    "name": "REVERE",
    "state": "MASSACHUSETTS",
    "state_iso2": "MA",
    "country": "UNITED STATES",
    "country_iso2": "US",
    "country_iso3": "USA",
    "country_native": "UNITED STATES"
  },
  {
    "id": 125090,
    "name": "RICHMOND",
    "state": "MASSACHUSETTS",
    "state_iso2": "MA",
    "country": "UNITED STATES",
    "country_iso2": "US",
    "country_iso3": "USA",
    "country_native": "UNITED STATES"
  },
  {
    "id": 125262,
    "name": "ROCHESTER",
    "state": "MASSACHUSETTS",
    "state_iso2": "MA",
    "country": "UNITED STATES",
    "country_iso2": "US",
    "country_iso3": "USA",
    "country_native": "UNITED STATES"
  },
  {
    "id": 125309,
    "name": "ROCKLAND",
    "state": "MASSACHUSETTS",
    "state_iso2": "MA",
    "country": "UNITED STATES",
    "country_iso2": "US",
    "country_iso3": "USA",
    "country_native": "UNITED STATES"
  },
  {
    "id": 125317,
    "name": "ROCKPORT",
    "state": "MASSACHUSETTS",
    "state_iso2": "MA",
    "country": "UNITED STATES",
    "country_iso2": "US",
    "country_iso3": "USA",
    "country_native": "UNITED STATES"
  },
  {
    "id": 125482,
    "name": "ROWLEY",
    "state": "MASSACHUSETTS",
    "state_iso2": "MA",
    "country": "UNITED STATES",
    "country_iso2": "US",
    "country_iso3": "USA",
    "country_native": "UNITED STATES"
  },
  {
    "id": 125494,
    "name": "ROYALSTON",
    "state": "MASSACHUSETTS",
    "state_iso2": "MA",
    "country": "UNITED STATES",
    "country_iso2": "US",
    "country_iso3": "USA",
    "country_native": "UNITED STATES"
  },
  {
    "id": 125555,
    "name": "RUTLAND",
    "state": "MASSACHUSETTS",
    "state_iso2": "MA",
    "country": "UNITED STATES",
    "country_iso2": "US",
    "country_iso3": "USA",
    "country_native": "UNITED STATES"
  },
  {
    "id": 125586,
    "name": "SAGAMORE",
    "state": "MASSACHUSETTS",
    "state_iso2": "MA",
    "country": "UNITED STATES",
    "country_iso2": "US",
    "country_iso3": "USA",
    "country_native": "UNITED STATES"
  },
  {
    "id": 125735,
    "name": "SALEM",
    "state": "MASSACHUSETTS",
    "state_iso2": "MA",
    "country": "UNITED STATES",
    "country_iso2": "US",
    "country_iso3": "USA",
    "country_native": "UNITED STATES"
  },
  {
    "id": 125757,
    "name": "SALISBURY",
    "state": "MASSACHUSETTS",
    "state_iso2": "MA",
    "country": "UNITED STATES",
    "country_iso2": "US",
    "country_iso3": "USA",
    "country_native": "UNITED STATES"
  },
  {
    "id": 125877,
    "name": "SANDWICH",
    "state": "MASSACHUSETTS",
    "state_iso2": "MA",
    "country": "UNITED STATES",
    "country_iso2": "US",
    "country_iso3": "USA",
    "country_native": "UNITED STATES"
  },
  {
    "id": 125961,
    "name": "SAUGUS",
    "state": "MASSACHUSETTS",
    "state_iso2": "MA",
    "country": "UNITED STATES",
    "country_iso2": "US",
    "country_iso3": "USA",
    "country_native": "UNITED STATES"
  },
  {
    "id": 126030,
    "name": "SCITUATE",
    "state": "MASSACHUSETTS",
    "state_iso2": "MA",
    "country": "UNITED STATES",
    "country_iso2": "US",
    "country_iso3": "USA",
    "country_native": "UNITED STATES"
  },
  {
    "id": 126123,
    "name": "SEEKONK",
    "state": "MASSACHUSETTS",
    "state_iso2": "MA",
    "country": "UNITED STATES",
    "country_iso2": "US",
    "country_iso3": "USA",
    "country_native": "UNITED STATES"
  },
  {
    "id": 126228,
    "name": "SHARON",
    "state": "MASSACHUSETTS",
    "state_iso2": "MA",
    "country": "UNITED STATES",
    "country_iso2": "US",
    "country_iso3": "USA",
    "country_native": "UNITED STATES"
  },
  {
    "id": 126262,
    "name": "SHEFFIELD",
    "state": "MASSACHUSETTS",
    "state_iso2": "MA",
    "country": "UNITED STATES",
    "country_iso2": "US",
    "country_iso3": "USA",
    "country_native": "UNITED STATES"
  },
  {
    "id": 126265,
    "name": "SHELBURNE",
    "state": "MASSACHUSETTS",
    "state_iso2": "MA",
    "country": "UNITED STATES",
    "country_iso2": "US",
    "country_iso3": "USA",
    "country_native": "UNITED STATES"
  },
  {
    "id": 126266,
    "name": "SHELBURNE FALLS",
    "state": "MASSACHUSETTS",
    "state_iso2": "MA",
    "country": "UNITED STATES",
    "country_iso2": "US",
    "country_iso3": "USA",
    "country_native": "UNITED STATES"
  },
  {
    "id": 126313,
    "name": "SHERBORN",
    "state": "MASSACHUSETTS",
    "state_iso2": "MA",
    "country": "UNITED STATES",
    "country_iso2": "US",
    "country_iso3": "USA",
    "country_native": "UNITED STATES"
  },
  {
    "id": 126360,
    "name": "SHIRLEY",
    "state": "MASSACHUSETTS",
    "state_iso2": "MA",
    "country": "UNITED STATES",
    "country_iso2": "US",
    "country_iso3": "USA",
    "country_native": "UNITED STATES"
  },
  {
    "id": 126385,
    "name": "SHREWSBURY",
    "state": "MASSACHUSETTS",
    "state_iso2": "MA",
    "country": "UNITED STATES",
    "country_iso2": "US",
    "country_iso3": "USA",
    "country_native": "UNITED STATES"
  },
  {
    "id": 126389,
    "name": "SHUTESBURY",
    "state": "MASSACHUSETTS",
    "state_iso2": "MA",
    "country": "UNITED STATES",
    "country_iso2": "US",
    "country_iso3": "USA",
    "country_native": "UNITED STATES"
  },
  {
    "id": 126516,
    "name": "SMITH MILLS",
    "state": "MASSACHUSETTS",
    "state_iso2": "MA",
    "country": "UNITED STATES",
    "country_iso2": "US",
    "country_iso3": "USA",
    "country_native": "UNITED STATES"
  },
  {
    "id": 126582,
    "name": "SOMERSET",
    "state": "MASSACHUSETTS",
    "state_iso2": "MA",
    "country": "UNITED STATES",
    "country_iso2": "US",
    "country_iso3": "USA",
    "country_native": "UNITED STATES"
  },
  {
    "id": 126595,
    "name": "SOMERVILLE",
    "state": "MASSACHUSETTS",
    "state_iso2": "MA",
    "country": "UNITED STATES",
    "country_iso2": "US",
    "country_iso3": "USA",
    "country_native": "UNITED STATES"
  },
  {
    "id": 126613,
    "name": "SOUTH AMHERST",
    "state": "MASSACHUSETTS",
    "state_iso2": "MA",
    "country": "UNITED STATES",
    "country_iso2": "US",
    "country_iso3": "USA",
    "country_native": "UNITED STATES"
  },
  {
    "id": 126615,
    "name": "SOUTH ASHBURNHAM",
    "state": "MASSACHUSETTS",
    "state_iso2": "MA",
    "country": "UNITED STATES",
    "country_iso2": "US",
    "country_iso3": "USA",
    "country_native": "UNITED STATES"
  },
  {
    "id": 126629,
    "name": "SOUTH BOSTON",
    "state": "MASSACHUSETTS",
    "state_iso2": "MA",
    "country": "UNITED STATES",
    "country_iso2": "US",
    "country_iso3": "USA",
    "country_native": "UNITED STATES"
  },
  {
    "id": 126646,
    "name": "SOUTH DEERFIELD",
    "state": "MASSACHUSETTS",
    "state_iso2": "MA",
    "country": "UNITED STATES",
    "country_iso2": "US",
    "country_iso3": "USA",
    "country_native": "UNITED STATES"
  },
  {
    "id": 126647,
    "name": "SOUTH DENNIS",
    "state": "MASSACHUSETTS",
    "state_iso2": "MA",
    "country": "UNITED STATES",
    "country_iso2": "US",
    "country_iso3": "USA",
    "country_native": "UNITED STATES"
  },
  {
    "id": 126649,
    "name": "SOUTH DUXBURY",
    "state": "MASSACHUSETTS",
    "state_iso2": "MA",
    "country": "UNITED STATES",
    "country_iso2": "US",
    "country_iso3": "USA",
    "country_native": "UNITED STATES"
  },
  {
    "id": 126665,
    "name": "SOUTH HADLEY",
    "state": "MASSACHUSETTS",
    "state_iso2": "MA",
    "country": "UNITED STATES",
    "country_iso2": "US",
    "country_iso3": "USA",
    "country_native": "UNITED STATES"
  },
  {
    "id": 126685,
    "name": "SOUTH LANCASTER",
    "state": "MASSACHUSETTS",
    "state_iso2": "MA",
    "country": "UNITED STATES",
    "country_iso2": "US",
    "country_iso3": "USA",
    "country_native": "UNITED STATES"
  },
  {
    "id": 126708,
    "name": "SOUTH PEABODY",
    "state": "MASSACHUSETTS",
    "state_iso2": "MA",
    "country": "UNITED STATES",
    "country_iso2": "US",
    "country_iso3": "USA",
    "country_native": "UNITED STATES"
  },
  {
    "id": 126755,
    "name": "SOUTH YARMOUTH",
    "state": "MASSACHUSETTS",
    "state_iso2": "MA",
    "country": "UNITED STATES",
    "country_iso2": "US",
    "country_iso3": "USA",
    "country_native": "UNITED STATES"
  },
  {
    "id": 126757,
    "name": "SOUTHAMPTON",
    "state": "MASSACHUSETTS",
    "state_iso2": "MA",
    "country": "UNITED STATES",
    "country_iso2": "US",
    "country_iso3": "USA",
    "country_native": "UNITED STATES"
  },
  {
    "id": 126761,
    "name": "SOUTHBOROUGH",
    "state": "MASSACHUSETTS",
    "state_iso2": "MA",
    "country": "UNITED STATES",
    "country_iso2": "US",
    "country_iso3": "USA",
    "country_native": "UNITED STATES"
  },
  {
    "id": 126762,
    "name": "SOUTHBRIDGE",
    "state": "MASSACHUSETTS",
    "state_iso2": "MA",
    "country": "UNITED STATES",
    "country_iso2": "US",
    "country_iso3": "USA",
    "country_native": "UNITED STATES"
  },
  {
    "id": 126791,
    "name": "SOUTHWICK",
    "state": "MASSACHUSETTS",
    "state_iso2": "MA",
    "country": "UNITED STATES",
    "country_iso2": "US",
    "country_iso3": "USA",
    "country_native": "UNITED STATES"
  },
  {
    "id": 126826,
    "name": "SPENCER",
    "state": "MASSACHUSETTS",
    "state_iso2": "MA",
    "country": "UNITED STATES",
    "country_iso2": "US",
    "country_iso3": "USA",
    "country_native": "UNITED STATES"
  },
  {
    "id": 126897,
    "name": "SPRINGFIELD",
    "state": "MASSACHUSETTS",
    "state_iso2": "MA",
    "country": "UNITED STATES",
    "country_iso2": "US",
    "country_iso3": "USA",
    "country_native": "UNITED STATES"
  },
  {
    "id": 127028,
    "name": "STERLING",
    "state": "MASSACHUSETTS",
    "state_iso2": "MA",
    "country": "UNITED STATES",
    "country_iso2": "US",
    "country_iso3": "USA",
    "country_native": "UNITED STATES"
  },
  {
    "id": 127068,
    "name": "STOCKBRIDGE",
    "state": "MASSACHUSETTS",
    "state_iso2": "MA",
    "country": "UNITED STATES",
    "country_iso2": "US",
    "country_iso3": "USA",
    "country_native": "UNITED STATES"
  },
  {
    "id": 127089,
    "name": "STONEHAM",
    "state": "MASSACHUSETTS",
    "state_iso2": "MA",
    "country": "UNITED STATES",
    "country_iso2": "US",
    "country_iso3": "USA",
    "country_native": "UNITED STATES"
  },
  {
    "id": 127109,
    "name": "STOUGHTON",
    "state": "MASSACHUSETTS",
    "state_iso2": "MA",
    "country": "UNITED STATES",
    "country_iso2": "US",
    "country_iso3": "USA",
    "country_native": "UNITED STATES"
  },
  {
    "id": 127112,
    "name": "STOW",
    "state": "MASSACHUSETTS",
    "state_iso2": "MA",
    "country": "UNITED STATES",
    "country_iso2": "US",
    "country_iso3": "USA",
    "country_native": "UNITED STATES"
  },
  {
    "id": 127147,
    "name": "STURBRIDGE",
    "state": "MASSACHUSETTS",
    "state_iso2": "MA",
    "country": "UNITED STATES",
    "country_iso2": "US",
    "country_iso3": "USA",
    "country_native": "UNITED STATES"
  },
  {
    "id": 127161,
    "name": "SUDBURY",
    "state": "MASSACHUSETTS",
    "state_iso2": "MA",
    "country": "UNITED STATES",
    "country_iso2": "US",
    "country_iso3": "USA",
    "country_native": "UNITED STATES"
  },
  {
    "id": 127167,
    "name": "SUFFOLK",
    "state": "MASSACHUSETTS",
    "state_iso2": "MA",
    "country": "UNITED STATES",
    "country_iso2": "US",
    "country_iso3": "USA",
    "country_native": "UNITED STATES"
  },
  {
    "id": 127249,
    "name": "SUNDERLAND",
    "state": "MASSACHUSETTS",
    "state_iso2": "MA",
    "country": "UNITED STATES",
    "country_iso2": "US",
    "country_iso3": "USA",
    "country_native": "UNITED STATES"
  },
  {
    "id": 127312,
    "name": "SUTTON",
    "state": "MASSACHUSETTS",
    "state_iso2": "MA",
    "country": "UNITED STATES",
    "country_iso2": "US",
    "country_iso3": "USA",
    "country_native": "UNITED STATES"
  },
  {
    "id": 127321,
    "name": "SWAMPSCOTT",
    "state": "MASSACHUSETTS",
    "state_iso2": "MA",
    "country": "UNITED STATES",
    "country_iso2": "US",
    "country_iso3": "USA",
    "country_native": "UNITED STATES"
  },
  {
    "id": 127326,
    "name": "SWANSEA",
    "state": "MASSACHUSETTS",
    "state_iso2": "MA",
    "country": "UNITED STATES",
    "country_iso2": "US",
    "country_iso3": "USA",
    "country_native": "UNITED STATES"
  },
  {
    "id": 127441,
    "name": "TAUNTON",
    "state": "MASSACHUSETTS",
    "state_iso2": "MA",
    "country": "UNITED STATES",
    "country_iso2": "US",
    "country_iso3": "USA",
    "country_native": "UNITED STATES"
  },
  {
    "id": 127476,
    "name": "TEATICKET",
    "state": "MASSACHUSETTS",
    "state_iso2": "MA",
    "country": "UNITED STATES",
    "country_iso2": "US",
    "country_iso3": "USA",
    "country_native": "UNITED STATES"
  },
  {
    "id": 127504,
    "name": "TEMPLETON",
    "state": "MASSACHUSETTS",
    "state_iso2": "MA",
    "country": "UNITED STATES",
    "country_iso2": "US",
    "country_iso3": "USA",
    "country_native": "UNITED STATES"
  },
  {
    "id": 127542,
    "name": "TEWKSBURY",
    "state": "MASSACHUSETTS",
    "state_iso2": "MA",
    "country": "UNITED STATES",
    "country_iso2": "US",
    "country_iso3": "USA",
    "country_native": "UNITED STATES"
  },
  {
    "id": 127619,
    "name": "THREE RIVERS",
    "state": "MASSACHUSETTS",
    "state_iso2": "MA",
    "country": "UNITED STATES",
    "country_iso2": "US",
    "country_iso3": "USA",
    "country_native": "UNITED STATES"
  },
  {
    "id": 127735,
    "name": "TOPSFIELD",
    "state": "MASSACHUSETTS",
    "state_iso2": "MA",
    "country": "UNITED STATES",
    "country_iso2": "US",
    "country_iso3": "USA",
    "country_native": "UNITED STATES"
  },
  {
    "id": 127765,
    "name": "TOWNSEND",
    "state": "MASSACHUSETTS",
    "state_iso2": "MA",
    "country": "UNITED STATES",
    "country_iso2": "US",
    "country_iso3": "USA",
    "country_native": "UNITED STATES"
  },
  {
    "id": 127859,
    "name": "TRURO",
    "state": "MASSACHUSETTS",
    "state_iso2": "MA",
    "country": "UNITED STATES",
    "country_iso2": "US",
    "country_iso3": "USA",
    "country_native": "UNITED STATES"
  },
  {
    "id": 127905,
    "name": "TURNERS FALLS",
    "state": "MASSACHUSETTS",
    "state_iso2": "MA",
    "country": "UNITED STATES",
    "country_iso2": "US",
    "country_iso3": "USA",
    "country_native": "UNITED STATES"
  },
  {
    "id": 127947,
    "name": "TYNGSBORO",
    "state": "MASSACHUSETTS",
    "state_iso2": "MA",
    "country": "UNITED STATES",
    "country_iso2": "US",
    "country_iso3": "USA",
    "country_native": "UNITED STATES"
  },
  {
    "id": 128055,
    "name": "UPTON",
    "state": "MASSACHUSETTS",
    "state_iso2": "MA",
    "country": "UNITED STATES",
    "country_iso2": "US",
    "country_iso3": "USA",
    "country_native": "UNITED STATES"
  },
  {
    "id": 128071,
    "name": "UXBRIDGE",
    "state": "MASSACHUSETTS",
    "state_iso2": "MA",
    "country": "UNITED STATES",
    "country_iso2": "US",
    "country_iso3": "USA",
    "country_native": "UNITED STATES"
  },
  {
    "id": 128274,
    "name": "VINEYARD HAVEN",
    "state": "MASSACHUSETTS",
    "state_iso2": "MA",
    "country": "UNITED STATES",
    "country_iso2": "US",
    "country_iso3": "USA",
    "country_native": "UNITED STATES"
  },
  {
    "id": 128359,
    "name": "WAKEFIELD",
    "state": "MASSACHUSETTS",
    "state_iso2": "MA",
    "country": "UNITED STATES",
    "country_iso2": "US",
    "country_iso3": "USA",
    "country_native": "UNITED STATES"
  },
  {
    "id": 128379,
    "name": "WALES",
    "state": "MASSACHUSETTS",
    "state_iso2": "MA",
    "country": "UNITED STATES",
    "country_iso2": "US",
    "country_iso3": "USA",
    "country_native": "UNITED STATES"
  },
  {
    "id": 128425,
    "name": "WALPOLE",
    "state": "MASSACHUSETTS",
    "state_iso2": "MA",
    "country": "UNITED STATES",
    "country_iso2": "US",
    "country_iso3": "USA",
    "country_native": "UNITED STATES"
  },
  {
    "id": 128432,
    "name": "WALTHAM",
    "state": "MASSACHUSETTS",
    "state_iso2": "MA",
    "country": "UNITED STATES",
    "country_iso2": "US",
    "country_iso3": "USA",
    "country_native": "UNITED STATES"
  },
  {
    "id": 128462,
    "name": "WARE",
    "state": "MASSACHUSETTS",
    "state_iso2": "MA",
    "country": "UNITED STATES",
    "country_iso2": "US",
    "country_iso3": "USA",
    "country_native": "UNITED STATES"
  },
  {
    "id": 128465,
    "name": "WAREHAM CENTER",
    "state": "MASSACHUSETTS",
    "state_iso2": "MA",
    "country": "UNITED STATES",
    "country_iso2": "US",
    "country_iso3": "USA",
    "country_native": "UNITED STATES"
  },
  {
    "id": 128478,
    "name": "WARREN",
    "state": "MASSACHUSETTS",
    "state_iso2": "MA",
    "country": "UNITED STATES",
    "country_iso2": "US",
    "country_iso3": "USA",
    "country_native": "UNITED STATES"
  },
  {
    "id": 128621,
    "name": "WATERTOWN",
    "state": "MASSACHUSETTS",
    "state_iso2": "MA",
    "country": "UNITED STATES",
    "country_iso2": "US",
    "country_iso3": "USA",
    "country_native": "UNITED STATES"
  },
  {
    "id": 128678,
    "name": "WAYLAND",
    "state": "MASSACHUSETTS",
    "state_iso2": "MA",
    "country": "UNITED STATES",
    "country_iso2": "US",
    "country_iso3": "USA",
    "country_native": "UNITED STATES"
  },
  {
    "id": 128731,
    "name": "WEBSTER",
    "state": "MASSACHUSETTS",
    "state_iso2": "MA",
    "country": "UNITED STATES",
    "country_iso2": "US",
    "country_iso3": "USA",
    "country_native": "UNITED STATES"
  },
  {
    "id": 128773,
    "name": "WELLESLEY",
    "state": "MASSACHUSETTS",
    "state_iso2": "MA",
    "country": "UNITED STATES",
    "country_iso2": "US",
    "country_iso3": "USA",
    "country_native": "UNITED STATES"
  },
  {
    "id": 128774,
    "name": "WELLFLEET",
    "state": "MASSACHUSETTS",
    "state_iso2": "MA",
    "country": "UNITED STATES",
    "country_iso2": "US",
    "country_iso3": "USA",
    "country_native": "UNITED STATES"
  },
  {
    "id": 128799,
    "name": "WENDELL",
    "state": "MASSACHUSETTS",
    "state_iso2": "MA",
    "country": "UNITED STATES",
    "country_iso2": "US",
    "country_iso3": "USA",
    "country_native": "UNITED STATES"
  },
  {
    "id": 128802,
    "name": "WENHAM",
    "state": "MASSACHUSETTS",
    "state_iso2": "MA",
    "country": "UNITED STATES",
    "country_iso2": "US",
    "country_iso3": "USA",
    "country_native": "UNITED STATES"
  },
  {
    "id": 128821,
    "name": "WEST BARNSTABLE",
    "state": "MASSACHUSETTS",
    "state_iso2": "MA",
    "country": "UNITED STATES",
    "country_iso2": "US",
    "country_iso3": "USA",
    "country_native": "UNITED STATES"
  },
  {
    "id": 128830,
    "name": "WEST BOYLSTON",
    "state": "MASSACHUSETTS",
    "state_iso2": "MA",
    "country": "UNITED STATES",
    "country_iso2": "US",
    "country_iso3": "USA",
    "country_native": "UNITED STATES"
  },
  {
    "id": 128835,
    "name": "WEST BRIDGEWATER",
    "state": "MASSACHUSETTS",
    "state_iso2": "MA",
    "country": "UNITED STATES",
    "country_iso2": "US",
    "country_iso3": "USA",
    "country_native": "UNITED STATES"
  },
  {
    "id": 128836,
    "name": "WEST BROOKFIELD",
    "state": "MASSACHUSETTS",
    "state_iso2": "MA",
    "country": "UNITED STATES",
    "country_iso2": "US",
    "country_iso3": "USA",
    "country_native": "UNITED STATES"
  },
  {
    "id": 128844,
    "name": "WEST CHATHAM",
    "state": "MASSACHUSETTS",
    "state_iso2": "MA",
    "country": "UNITED STATES",
    "country_iso2": "US",
    "country_iso3": "USA",
    "country_native": "UNITED STATES"
  },
  {
    "id": 128850,
    "name": "WEST CONCORD",
    "state": "MASSACHUSETTS",
    "state_iso2": "MA",
    "country": "UNITED STATES",
    "country_iso2": "US",
    "country_iso3": "USA",
    "country_native": "UNITED STATES"
  },
  {
    "id": 128856,
    "name": "WEST DENNIS",
    "state": "MASSACHUSETTS",
    "state_iso2": "MA",
    "country": "UNITED STATES",
    "country_iso2": "US",
    "country_iso3": "USA",
    "country_native": "UNITED STATES"
  },
  {
    "id": 128868,
    "name": "WEST FALMOUTH",
    "state": "MASSACHUSETTS",
    "state_iso2": "MA",
    "country": "UNITED STATES",
    "country_iso2": "US",
    "country_iso3": "USA",
    "country_native": "UNITED STATES"
  },
  {
    "id": 128939,
    "name": "WEST NEWBURY",
    "state": "MASSACHUSETTS",
    "state_iso2": "MA",
    "country": "UNITED STATES",
    "country_iso2": "US",
    "country_iso3": "USA",
    "country_native": "UNITED STATES"
  },
  {
    "id": 128985,
    "name": "WEST SPRINGFIELD",
    "state": "MASSACHUSETTS",
    "state_iso2": "MA",
    "country": "UNITED STATES",
    "country_iso2": "US",
    "country_iso3": "USA",
    "country_native": "UNITED STATES"
  },
  {
    "id": 128986,
    "name": "WEST STOCKBRIDGE",
    "state": "MASSACHUSETTS",
    "state_iso2": "MA",
    "country": "UNITED STATES",
    "country_iso2": "US",
    "country_iso3": "USA",
    "country_native": "UNITED STATES"
  },
  {
    "id": 128990,
    "name": "WEST TISBURY",
    "state": "MASSACHUSETTS",
    "state_iso2": "MA",
    "country": "UNITED STATES",
    "country_iso2": "US",
    "country_iso3": "USA",
    "country_native": "UNITED STATES"
  },
  {
    "id": 129000,
    "name": "WEST WAREHAM",
    "state": "MASSACHUSETTS",
    "state_iso2": "MA",
    "country": "UNITED STATES",
    "country_iso2": "US",
    "country_iso3": "USA",
    "country_native": "UNITED STATES"
  },
  {
    "id": 129008,
    "name": "WEST YARMOUTH",
    "state": "MASSACHUSETTS",
    "state_iso2": "MA",
    "country": "UNITED STATES",
    "country_iso2": "US",
    "country_iso3": "USA",
    "country_native": "UNITED STATES"
  },
  {
    "id": 129012,
    "name": "WESTBOROUGH",
    "state": "MASSACHUSETTS",
    "state_iso2": "MA",
    "country": "UNITED STATES",
    "country_iso2": "US",
    "country_iso3": "USA",
    "country_native": "UNITED STATES"
  },
  {
    "id": 129028,
    "name": "WESTFIELD",
    "state": "MASSACHUSETTS",
    "state_iso2": "MA",
    "country": "UNITED STATES",
    "country_iso2": "US",
    "country_iso3": "USA",
    "country_native": "UNITED STATES"
  },
  {
    "id": 129033,
    "name": "WESTFORD",
    "state": "MASSACHUSETTS",
    "state_iso2": "MA",
    "country": "UNITED STATES",
    "country_iso2": "US",
    "country_iso3": "USA",
    "country_native": "UNITED STATES"
  },
  {
    "id": 129034,
    "name": "WESTHAMPTON",
    "state": "MASSACHUSETTS",
    "state_iso2": "MA",
    "country": "UNITED STATES",
    "country_iso2": "US",
    "country_iso3": "USA",
    "country_native": "UNITED STATES"
  },
  {
    "id": 129046,
    "name": "WESTMINSTER",
    "state": "MASSACHUSETTS",
    "state_iso2": "MA",
    "country": "UNITED STATES",
    "country_iso2": "US",
    "country_iso3": "USA",
    "country_native": "UNITED STATES"
  },
  {
    "id": 129061,
    "name": "WESTON",
    "state": "MASSACHUSETTS",
    "state_iso2": "MA",
    "country": "UNITED STATES",
    "country_iso2": "US",
    "country_iso3": "USA",
    "country_native": "UNITED STATES"
  },
  {
    "id": 129085,
    "name": "WESTWOOD",
    "state": "MASSACHUSETTS",
    "state_iso2": "MA",
    "country": "UNITED STATES",
    "country_iso2": "US",
    "country_iso3": "USA",
    "country_native": "UNITED STATES"
  },
  {
    "id": 129095,
    "name": "WEWEANTIC",
    "state": "MASSACHUSETTS",
    "state_iso2": "MA",
    "country": "UNITED STATES",
    "country_iso2": "US",
    "country_iso3": "USA",
    "country_native": "UNITED STATES"
  },
  {
    "id": 129100,
    "name": "WEYMOUTH",
    "state": "MASSACHUSETTS",
    "state_iso2": "MA",
    "country": "UNITED STATES",
    "country_iso2": "US",
    "country_iso3": "USA",
    "country_native": "UNITED STATES"
  },
  {
    "id": 129106,
    "name": "WHATELY",
    "state": "MASSACHUSETTS",
    "state_iso2": "MA",
    "country": "UNITED STATES",
    "country_iso2": "US",
    "country_iso3": "USA",
    "country_native": "UNITED STATES"
  },
  {
    "id": 129144,
    "name": "WHITE ISLAND SHORES",
    "state": "MASSACHUSETTS",
    "state_iso2": "MA",
    "country": "UNITED STATES",
    "country_iso2": "US",
    "country_iso3": "USA",
    "country_native": "UNITED STATES"
  },
  {
    "id": 129198,
    "name": "WHITINSVILLE",
    "state": "MASSACHUSETTS",
    "state_iso2": "MA",
    "country": "UNITED STATES",
    "country_iso2": "US",
    "country_iso3": "USA",
    "country_native": "UNITED STATES"
  },
  {
    "id": 129203,
    "name": "WHITMAN",
    "state": "MASSACHUSETTS",
    "state_iso2": "MA",
    "country": "UNITED STATES",
    "country_iso2": "US",
    "country_iso3": "USA",
    "country_native": "UNITED STATES"
  },
  {
    "id": 129226,
    "name": "WILBRAHAM",
    "state": "MASSACHUSETTS",
    "state_iso2": "MA",
    "country": "UNITED STATES",
    "country_iso2": "US",
    "country_iso3": "USA",
    "country_native": "UNITED STATES"
  },
  {
    "id": 129269,
    "name": "WILLIAMSBURG",
    "state": "MASSACHUSETTS",
    "state_iso2": "MA",
    "country": "UNITED STATES",
    "country_iso2": "US",
    "country_iso3": "USA",
    "country_native": "UNITED STATES"
  },
  {
    "id": 129288,
    "name": "WILLIAMSTOWN",
    "state": "MASSACHUSETTS",
    "state_iso2": "MA",
    "country": "UNITED STATES",
    "country_iso2": "US",
    "country_iso3": "USA",
    "country_native": "UNITED STATES"
  },
  {
    "id": 129324,
    "name": "WILMINGTON",
    "state": "MASSACHUSETTS",
    "state_iso2": "MA",
    "country": "UNITED STATES",
    "country_iso2": "US",
    "country_iso3": "USA",
    "country_native": "UNITED STATES"
  },
  {
    "id": 129351,
    "name": "WINCHENDON",
    "state": "MASSACHUSETTS",
    "state_iso2": "MA",
    "country": "UNITED STATES",
    "country_iso2": "US",
    "country_iso3": "USA",
    "country_native": "UNITED STATES"
  },
  {
    "id": 129358,
    "name": "WINCHESTER",
    "state": "MASSACHUSETTS",
    "state_iso2": "MA",
    "country": "UNITED STATES",
    "country_iso2": "US",
    "country_iso3": "USA",
    "country_native": "UNITED STATES"
  },
  {
    "id": 129450,
    "name": "WINTHROP",
    "state": "MASSACHUSETTS",
    "state_iso2": "MA",
    "country": "UNITED STATES",
    "country_iso2": "US",
    "country_iso3": "USA",
    "country_native": "UNITED STATES"
  },
  {
    "id": 129466,
    "name": "WOBURN",
    "state": "MASSACHUSETTS",
    "state_iso2": "MA",
    "country": "UNITED STATES",
    "country_iso2": "US",
    "country_iso3": "USA",
    "country_native": "UNITED STATES"
  },
  {
    "id": 129584,
    "name": "WORCESTER",
    "state": "MASSACHUSETTS",
    "state_iso2": "MA",
    "country": "UNITED STATES",
    "country_iso2": "US",
    "country_iso3": "USA",
    "country_native": "UNITED STATES"
  },
  {
    "id": 129587,
    "name": "WORCESTER COUNTY",
    "state": "MASSACHUSETTS",
    "state_iso2": "MA",
    "country": "UNITED STATES",
    "country_iso2": "US",
    "country_iso3": "USA",
    "country_native": "UNITED STATES"
  },
  {
    "id": 129604,
    "name": "WRENTHAM",
    "state": "MASSACHUSETTS",
    "state_iso2": "MA",
    "country": "UNITED STATES",
    "country_iso2": "US",
    "country_iso3": "USA",
    "country_native": "UNITED STATES"
  },
  {
    "id": 129667,
    "name": "YARMOUTH",
    "state": "MASSACHUSETTS",
    "state_iso2": "MA",
    "country": "UNITED STATES",
    "country_iso2": "US",
    "country_iso3": "USA",
    "country_native": "UNITED STATES"
  },
  {
    "id": 129668,
    "name": "YARMOUTH PORT",
    "state": "MASSACHUSETTS",
    "state_iso2": "MA",
    "country": "UNITED STATES",
    "country_iso2": "US",
    "country_iso3": "USA",
    "country_native": "UNITED STATES"
  }
]