[
  {
    "id": 80601,
    "name": "CERRO DE PASCO",
    "state": "PASCO",
    "state_iso2": "PAS",
    "country": "PERU",
    "country_iso2": "PE",
    "country_iso3": "PER",
    "country_native": "PERÚ"
  },
  {
    "id": 80605,
    "name": "CHAUPIMARCA",
    "state": "PASCO",
    "state_iso2": "PAS",
    "country": "PERU",
    "country_iso2": "PE",
    "country_iso3": "PER",
    "country_native": "PERÚ"
  },
  {
    "id": 80737,
    "name": "OXAPAMPA",
    "state": "PASCO",
    "state_iso2": "PAS",
    "country": "PERU",
    "country_iso2": "PE",
    "country_iso3": "PER",
    "country_native": "PERÚ"
  },
  {
    "id": 80756,
    "name": "PAUCARTAMBO",
    "state": "PASCO",
    "state_iso2": "PAS",
    "country": "PERU",
    "country_iso2": "PE",
    "country_iso3": "PER",
    "country_native": "PERÚ"
  },
  {
    "id": 80820,
    "name": "PROVINCIA DE DANIEL CARRIÓN",
    "state": "PASCO",
    "state_iso2": "PAS",
    "country": "PERU",
    "country_iso2": "PE",
    "country_iso3": "PER",
    "country_native": "PERÚ"
  },
  {
    "id": 80867,
    "name": "PROVINCIA DE OXAPAMPA",
    "state": "PASCO",
    "state_iso2": "PAS",
    "country": "PERU",
    "country_iso2": "PE",
    "country_iso3": "PER",
    "country_native": "PERÚ"
  },
  {
    "id": 80875,
    "name": "PROVINCIA DE PASCO",
    "state": "PASCO",
    "state_iso2": "PAS",
    "country": "PERU",
    "country_iso2": "PE",
    "country_iso3": "PER",
    "country_native": "PERÚ"
  },
  {
    "id": 80994,
    "name": "TINYAHUARCO",
    "state": "PASCO",
    "state_iso2": "PAS",
    "country": "PERU",
    "country_iso2": "PE",
    "country_iso3": "PER",
    "country_native": "PERÚ"
  },
  {
    "id": 81008,
    "name": "VILLA RICA",
    "state": "PASCO",
    "state_iso2": "PAS",
    "country": "PERU",
    "country_iso2": "PE",
    "country_iso3": "PER",
    "country_native": "PERÚ"
  }
]