[
  {
    "id": 135275,
    "name": "ACQUASPARTA",
    "state": "UMBRIA",
    "state_iso2": "55",
    "country": "ITALY",
    "country_iso2": "IT",
    "country_iso3": "ITA",
    "country_native": "ITALIA"
  },
  {
    "id": 135417,
    "name": "ALLERONA",
    "state": "UMBRIA",
    "state_iso2": "55",
    "country": "ITALY",
    "country_iso2": "IT",
    "country_iso3": "ITA",
    "country_native": "ITALIA"
  },
  {
    "id": 135447,
    "name": "ALVIANO",
    "state": "UMBRIA",
    "state_iso2": "55",
    "country": "ITALY",
    "country_iso2": "IT",
    "country_iso3": "ITA",
    "country_native": "ITALIA"
  },
  {
    "id": 135468,
    "name": "AMELIA",
    "state": "UMBRIA",
    "state_iso2": "55",
    "country": "ITALY",
    "country_iso2": "IT",
    "country_iso3": "ITA",
    "country_native": "ITALIA"
  },
  {
    "id": 135635,
    "name": "ARRONE",
    "state": "UMBRIA",
    "state_iso2": "55",
    "country": "ITALY",
    "country_iso2": "IT",
    "country_iso3": "ITA",
    "country_native": "ITALIA"
  },
  {
    "id": 135666,
    "name": "ASSISI",
    "state": "UMBRIA",
    "state_iso2": "55",
    "country": "ITALY",
    "country_iso2": "IT",
    "country_iso3": "ITA",
    "country_native": "ITALIA"
  },
  {
    "id": 135681,
    "name": "ATTIGLIANO",
    "state": "UMBRIA",
    "state_iso2": "55",
    "country": "ITALY",
    "country_iso2": "IT",
    "country_iso3": "ITA",
    "country_native": "ITALIA"
  },
  {
    "id": 135710,
    "name": "AVIGLIANO UMBRO",
    "state": "UMBRIA",
    "state_iso2": "55",
    "country": "ITALY",
    "country_iso2": "IT",
    "country_iso3": "ITA",
    "country_native": "ITALIA"
  },
  {
    "id": 135880,
    "name": "BASCHI",
    "state": "UMBRIA",
    "state_iso2": "55",
    "country": "ITALY",
    "country_iso2": "IT",
    "country_iso3": "ITA",
    "country_native": "ITALIA"
  },
  {
    "id": 135898,
    "name": "BASTARDO",
    "state": "UMBRIA",
    "state_iso2": "55",
    "country": "ITALY",
    "country_iso2": "IT",
    "country_iso3": "ITA",
    "country_native": "ITALIA"
  },
  {
    "id": 135901,
    "name": "BASTIA UMBRA",
    "state": "UMBRIA",
    "state_iso2": "55",
    "country": "ITALY",
    "country_iso2": "IT",
    "country_iso3": "ITA",
    "country_native": "ITALIA"
  },
  {
    "id": 136022,
    "name": "BETTONA",
    "state": "UMBRIA",
    "state_iso2": "55",
    "country": "ITALY",
    "country_iso2": "IT",
    "country_iso3": "ITA",
    "country_native": "ITALIA"
  },
  {
    "id": 136024,
    "name": "BEVAGNA",
    "state": "UMBRIA",
    "state_iso2": "55",
    "country": "ITALY",
    "country_iso2": "IT",
    "country_iso3": "ITA",
    "country_native": "ITALIA"
  },
  {
    "id": 136368,
    "name": "BRUNA",
    "state": "UMBRIA",
    "state_iso2": "55",
    "country": "ITALY",
    "country_iso2": "IT",
    "country_iso3": "ITA",
    "country_native": "ITALIA"
  },
  {
    "id": 136559,
    "name": "CALVI DELL'UMBRIA",
    "state": "UMBRIA",
    "state_iso2": "55",
    "country": "ITALY",
    "country_iso2": "IT",
    "country_iso3": "ITA",
    "country_native": "ITALIA"
  },
  {
    "id": 136612,
    "name": "CAMPELLO SUL CLITUNNO",
    "state": "UMBRIA",
    "state_iso2": "55",
    "country": "ITALY",
    "country_iso2": "IT",
    "country_iso3": "ITA",
    "country_native": "ITALIA"
  },
  {
    "id": 136719,
    "name": "CANNARA",
    "state": "UMBRIA",
    "state_iso2": "55",
    "country": "ITALY",
    "country_iso2": "IT",
    "country_iso3": "ITA",
    "country_native": "ITALIA"
  },
  {
    "id": 136772,
    "name": "CAPITAN LORETO",
    "state": "UMBRIA",
    "state_iso2": "55",
    "country": "ITALY",
    "country_iso2": "IT",
    "country_iso3": "ITA",
    "country_native": "ITALIA"
  },
  {
    "id": 136951,
    "name": "CASA DEL DIAVOLO",
    "state": "UMBRIA",
    "state_iso2": "55",
    "country": "ITALY",
    "country_iso2": "IT",
    "country_iso3": "ITA",
    "country_native": "ITALIA"
  },
  {
    "id": 137045,
    "name": "CASCIA",
    "state": "UMBRIA",
    "state_iso2": "55",
    "country": "ITALY",
    "country_iso2": "IT",
    "country_iso3": "ITA",
    "country_native": "ITALIA"
  },
  {
    "id": 137140,
    "name": "CASTEL GIORGIO",
    "state": "UMBRIA",
    "state_iso2": "55",
    "country": "ITALY",
    "country_iso2": "IT",
    "country_iso3": "ITA",
    "country_native": "ITALIA"
  },
  {
    "id": 137147,
    "name": "CASTEL RITALDI",
    "state": "UMBRIA",
    "state_iso2": "55",
    "country": "ITALY",
    "country_iso2": "IT",
    "country_iso3": "ITA",
    "country_native": "ITALIA"
  },
  {
    "id": 137159,
    "name": "CASTEL VISCARDO",
    "state": "UMBRIA",
    "state_iso2": "55",
    "country": "ITALY",
    "country_iso2": "IT",
    "country_iso3": "ITA",
    "country_native": "ITALIA"
  },
  {
    "id": 137319,
    "name": "CASTELTODINO",
    "state": "UMBRIA",
    "state_iso2": "55",
    "country": "ITALY",
    "country_iso2": "IT",
    "country_iso3": "ITA",
    "country_native": "ITALIA"
  },
  {
    "id": 137353,
    "name": "CASTIGLIONE DEL LAGO",
    "state": "UMBRIA",
    "state_iso2": "55",
    "country": "ITALY",
    "country_iso2": "IT",
    "country_iso3": "ITA",
    "country_native": "ITALIA"
  },
  {
    "id": 137520,
    "name": "CERBARA",
    "state": "UMBRIA",
    "state_iso2": "55",
    "country": "ITALY",
    "country_iso2": "IT",
    "country_iso3": "ITA",
    "country_native": "ITALIA"
  },
  {
    "id": 137569,
    "name": "CERRETO DI SPOLETO",
    "state": "UMBRIA",
    "state_iso2": "55",
    "country": "ITALY",
    "country_iso2": "IT",
    "country_iso3": "ITA",
    "country_native": "ITALIA"
  },
  {
    "id": 137683,
    "name": "CHIUGIANA-LA COMMENDA",
    "state": "UMBRIA",
    "state_iso2": "55",
    "country": "ITALY",
    "country_iso2": "IT",
    "country_iso3": "ITA",
    "country_native": "ITALIA"
  },
  {
    "id": 137713,
    "name": "CICONIA",
    "state": "UMBRIA",
    "state_iso2": "55",
    "country": "ITALY",
    "country_iso2": "IT",
    "country_iso3": "ITA",
    "country_native": "ITALIA"
  },
  {
    "id": 137744,
    "name": "CIPOLLETO",
    "state": "UMBRIA",
    "state_iso2": "55",
    "country": "ITALY",
    "country_iso2": "IT",
    "country_iso3": "ITA",
    "country_native": "ITALIA"
  },
  {
    "id": 137764,
    "name": "CITERNA",
    "state": "UMBRIA",
    "state_iso2": "55",
    "country": "ITALY",
    "country_iso2": "IT",
    "country_iso3": "ITA",
    "country_native": "ITALIA"
  },
  {
    "id": 137773,
    "name": "CITTÀ DELLA PIEVE",
    "state": "UMBRIA",
    "state_iso2": "55",
    "country": "ITALY",
    "country_iso2": "IT",
    "country_iso3": "ITA",
    "country_native": "ITALIA"
  },
  {
    "id": 137774,
    "name": "CITTÀ DI CASTELLO",
    "state": "UMBRIA",
    "state_iso2": "55",
    "country": "ITALY",
    "country_iso2": "IT",
    "country_iso3": "ITA",
    "country_native": "ITALIA"
  },
  {
    "id": 137858,
    "name": "COLLAZZONE",
    "state": "UMBRIA",
    "state_iso2": "55",
    "country": "ITALY",
    "country_iso2": "IT",
    "country_iso3": "ITA",
    "country_native": "ITALIA"
  },
  {
    "id": 137888,
    "name": "COLLEPEPE",
    "state": "UMBRIA",
    "state_iso2": "55",
    "country": "ITALY",
    "country_iso2": "IT",
    "country_iso3": "ITA",
    "country_native": "ITALIA"
  },
  {
    "id": 137920,
    "name": "COLOMBELLA",
    "state": "UMBRIA",
    "state_iso2": "55",
    "country": "ITALY",
    "country_iso2": "IT",
    "country_iso3": "ITA",
    "country_native": "ITALIA"
  },
  {
    "id": 137999,
    "name": "CORCIANO",
    "state": "UMBRIA",
    "state_iso2": "55",
    "country": "ITALY",
    "country_iso2": "IT",
    "country_iso3": "ITA",
    "country_native": "ITALIA"
  },
  {
    "id": 138103,
    "name": "COSTACCIARO",
    "state": "UMBRIA",
    "state_iso2": "55",
    "country": "ITALY",
    "country_iso2": "IT",
    "country_iso3": "ITA",
    "country_native": "ITALIA"
  },
  {
    "id": 138104,
    "name": "COSTANO",
    "state": "UMBRIA",
    "state_iso2": "55",
    "country": "ITALY",
    "country_iso2": "IT",
    "country_iso3": "ITA",
    "country_native": "ITALIA"
  },
  {
    "id": 138252,
    "name": "DERUTA",
    "state": "UMBRIA",
    "state_iso2": "55",
    "country": "ITALY",
    "country_iso2": "IT",
    "country_iso3": "ITA",
    "country_native": "ITALIA"
  },
  {
    "id": 138397,
    "name": "FABRO",
    "state": "UMBRIA",
    "state_iso2": "55",
    "country": "ITALY",
    "country_iso2": "IT",
    "country_iso3": "ITA",
    "country_native": "ITALIA"
  },
  {
    "id": 138398,
    "name": "FABRO SCALO",
    "state": "UMBRIA",
    "state_iso2": "55",
    "country": "ITALY",
    "country_iso2": "IT",
    "country_iso3": "ITA",
    "country_native": "ITALIA"
  },
  {
    "id": 138479,
    "name": "FERENTILLO",
    "state": "UMBRIA",
    "state_iso2": "55",
    "country": "ITALY",
    "country_iso2": "IT",
    "country_iso3": "ITA",
    "country_native": "ITALIA"
  },
  {
    "id": 138506,
    "name": "FICULLE",
    "state": "UMBRIA",
    "state_iso2": "55",
    "country": "ITALY",
    "country_iso2": "IT",
    "country_iso3": "ITA",
    "country_native": "ITALIA"
  },
  {
    "id": 138582,
    "name": "FOLIGNO",
    "state": "UMBRIA",
    "state_iso2": "55",
    "country": "ITALY",
    "country_iso2": "IT",
    "country_iso3": "ITA",
    "country_native": "ITALIA"
  },
  {
    "id": 138614,
    "name": "FONTIGNANO",
    "state": "UMBRIA",
    "state_iso2": "55",
    "country": "ITALY",
    "country_iso2": "IT",
    "country_iso3": "ITA",
    "country_native": "ITALIA"
  },
  {
    "id": 138658,
    "name": "FORNOLE",
    "state": "UMBRIA",
    "state_iso2": "55",
    "country": "ITALY",
    "country_iso2": "IT",
    "country_iso3": "ITA",
    "country_native": "ITALIA"
  },
  {
    "id": 138677,
    "name": "FOSSATO DI VICO",
    "state": "UMBRIA",
    "state_iso2": "55",
    "country": "ITALY",
    "country_iso2": "IT",
    "country_iso3": "ITA",
    "country_native": "ITALIA"
  },
  {
    "id": 138721,
    "name": "FRATTA TODINA",
    "state": "UMBRIA",
    "state_iso2": "55",
    "country": "ITALY",
    "country_iso2": "IT",
    "country_iso3": "ITA",
    "country_native": "ITALIA"
  },
  {
    "id": 138943,
    "name": "GIANO DELL'UMBRIA",
    "state": "UMBRIA",
    "state_iso2": "55",
    "country": "ITALY",
    "country_iso2": "IT",
    "country_iso3": "ITA",
    "country_native": "ITALIA"
  },
  {
    "id": 138976,
    "name": "GIOVE",
    "state": "UMBRIA",
    "state_iso2": "55",
    "country": "ITALY",
    "country_iso2": "IT",
    "country_iso3": "ITA",
    "country_native": "ITALIA"
  },
  {
    "id": 139146,
    "name": "GUALDO CATTANEO",
    "state": "UMBRIA",
    "state_iso2": "55",
    "country": "ITALY",
    "country_iso2": "IT",
    "country_iso3": "ITA",
    "country_native": "ITALIA"
  },
  {
    "id": 139147,
    "name": "GUALDO TADINO",
    "state": "UMBRIA",
    "state_iso2": "55",
    "country": "ITALY",
    "country_iso2": "IT",
    "country_iso3": "ITA",
    "country_native": "ITALIA"
  },
  {
    "id": 139158,
    "name": "GUARDEA",
    "state": "UMBRIA",
    "state_iso2": "55",
    "country": "ITALY",
    "country_iso2": "IT",
    "country_iso3": "ITA",
    "country_native": "ITALIA"
  },
  {
    "id": 139173,
    "name": "GUBBIO",
    "state": "UMBRIA",
    "state_iso2": "55",
    "country": "ITALY",
    "country_iso2": "IT",
    "country_iso3": "ITA",
    "country_native": "ITALIA"
  },
  {
    "id": 139317,
    "name": "LACUGNANO",
    "state": "UMBRIA",
    "state_iso2": "55",
    "country": "ITALY",
    "country_iso2": "IT",
    "country_iso3": "ITA",
    "country_native": "ITALIA"
  },
  {
    "id": 139539,
    "name": "LISCIANO NICCONE",
    "state": "UMBRIA",
    "state_iso2": "55",
    "country": "ITALY",
    "country_iso2": "IT",
    "country_iso3": "ITA",
    "country_native": "ITALIA"
  },
  {
    "id": 139647,
    "name": "LUGNANO IN TEVERINA",
    "state": "UMBRIA",
    "state_iso2": "55",
    "country": "ITALY",
    "country_iso2": "IT",
    "country_iso3": "ITA",
    "country_native": "ITALIA"
  },
  {
    "id": 139720,
    "name": "MAGIONE",
    "state": "UMBRIA",
    "state_iso2": "55",
    "country": "ITALY",
    "country_iso2": "IT",
    "country_iso3": "ITA",
    "country_native": "ITALIA"
  },
  {
    "id": 139809,
    "name": "MANTIGNANA",
    "state": "UMBRIA",
    "state_iso2": "55",
    "country": "ITALY",
    "country_iso2": "IT",
    "country_iso3": "ITA",
    "country_native": "ITALIA"
  },
  {
    "id": 139920,
    "name": "MARSCIANO",
    "state": "UMBRIA",
    "state_iso2": "55",
    "country": "ITALY",
    "country_iso2": "IT",
    "country_iso3": "ITA",
    "country_native": "ITALIA"
  },
  {
    "id": 139974,
    "name": "MASSA MARTANA",
    "state": "UMBRIA",
    "state_iso2": "55",
    "country": "ITALY",
    "country_iso2": "IT",
    "country_iso3": "ITA",
    "country_native": "ITALIA"
  },
  {
    "id": 140028,
    "name": "MEGGIANO",
    "state": "UMBRIA",
    "state_iso2": "55",
    "country": "ITALY",
    "country_iso2": "IT",
    "country_iso3": "ITA",
    "country_native": "ITALIA"
  },
  {
    "id": 140354,
    "name": "MONTE CASTELLO DI VIBIO",
    "state": "UMBRIA",
    "state_iso2": "55",
    "country": "ITALY",
    "country_iso2": "IT",
    "country_iso3": "ITA",
    "country_native": "ITALIA"
  },
  {
    "id": 140359,
    "name": "MONTE GRIMANO",
    "state": "UMBRIA",
    "state_iso2": "55",
    "country": "ITALY",
    "country_iso2": "IT",
    "country_iso3": "ITA",
    "country_native": "ITALIA"
  },
  {
    "id": 140380,
    "name": "MONTE SANTA MARIA TIBERINA",
    "state": "UMBRIA",
    "state_iso2": "55",
    "country": "ITALY",
    "country_iso2": "IT",
    "country_iso3": "ITA",
    "country_native": "ITALIA"
  },
  {
    "id": 140404,
    "name": "MONTECASTRILLI",
    "state": "UMBRIA",
    "state_iso2": "55",
    "country": "ITALY",
    "country_iso2": "IT",
    "country_iso3": "ITA",
    "country_native": "ITALIA"
  },
  {
    "id": 140409,
    "name": "MONTECCHIO",
    "state": "UMBRIA",
    "state_iso2": "55",
    "country": "ITALY",
    "country_iso2": "IT",
    "country_iso3": "ITA",
    "country_native": "ITALIA"
  },
  {
    "id": 140430,
    "name": "MONTEFALCO",
    "state": "UMBRIA",
    "state_iso2": "55",
    "country": "ITALY",
    "country_iso2": "IT",
    "country_iso3": "ITA",
    "country_native": "ITALIA"
  },
  {
    "id": 140447,
    "name": "MONTEFRANCO",
    "state": "UMBRIA",
    "state_iso2": "55",
    "country": "ITALY",
    "country_iso2": "IT",
    "country_iso3": "ITA",
    "country_native": "ITALIA"
  },
  {
    "id": 140450,
    "name": "MONTEGABBIONE",
    "state": "UMBRIA",
    "state_iso2": "55",
    "country": "ITALY",
    "country_iso2": "IT",
    "country_iso3": "ITA",
    "country_native": "ITALIA"
  },
  {
    "id": 140469,
    "name": "MONTELEONE D'ORVIETO",
    "state": "UMBRIA",
    "state_iso2": "55",
    "country": "ITALY",
    "country_iso2": "IT",
    "country_iso3": "ITA",
    "country_native": "ITALIA"
  },
  {
    "id": 140472,
    "name": "MONTELEONE DI SPOLETO",
    "state": "UMBRIA",
    "state_iso2": "55",
    "country": "ITALY",
    "country_iso2": "IT",
    "country_iso3": "ITA",
    "country_native": "ITALIA"
  },
  {
    "id": 140579,
    "name": "MONTONE",
    "state": "UMBRIA",
    "state_iso2": "55",
    "country": "ITALY",
    "country_iso2": "IT",
    "country_iso3": "ITA",
    "country_native": "ITALIA"
  },
  {
    "id": 140719,
    "name": "NARNI",
    "state": "UMBRIA",
    "state_iso2": "55",
    "country": "ITALY",
    "country_iso2": "IT",
    "country_iso3": "ITA",
    "country_native": "ITALIA"
  },
  {
    "id": 140720,
    "name": "NARNI SCALO",
    "state": "UMBRIA",
    "state_iso2": "55",
    "country": "ITALY",
    "country_iso2": "IT",
    "country_iso3": "ITA",
    "country_native": "ITALIA"
  },
  {
    "id": 140786,
    "name": "NOCERA UMBRA",
    "state": "UMBRIA",
    "state_iso2": "55",
    "country": "ITALY",
    "country_iso2": "IT",
    "country_iso3": "ITA",
    "country_native": "ITALIA"
  },
  {
    "id": 140807,
    "name": "NORCIA",
    "state": "UMBRIA",
    "state_iso2": "55",
    "country": "ITALY",
    "country_iso2": "IT",
    "country_iso3": "ITA",
    "country_native": "ITALIA"
  },
  {
    "id": 140993,
    "name": "ORVIETO",
    "state": "UMBRIA",
    "state_iso2": "55",
    "country": "ITALY",
    "country_iso2": "IT",
    "country_iso3": "ITA",
    "country_native": "ITALIA"
  },
  {
    "id": 140994,
    "name": "ORVIETO SCALO",
    "state": "UMBRIA",
    "state_iso2": "55",
    "country": "ITALY",
    "country_iso2": "IT",
    "country_iso3": "ITA",
    "country_native": "ITALIA"
  },
  {
    "id": 141001,
    "name": "OSCANO",
    "state": "UMBRIA",
    "state_iso2": "55",
    "country": "ITALY",
    "country_iso2": "IT",
    "country_iso3": "ITA",
    "country_native": "ITALIA"
  },
  {
    "id": 141021,
    "name": "OSPEDALICCHIO",
    "state": "UMBRIA",
    "state_iso2": "55",
    "country": "ITALY",
    "country_iso2": "IT",
    "country_iso3": "ITA",
    "country_native": "ITALIA"
  },
  {
    "id": 141039,
    "name": "OSTERIA DEL GATTO",
    "state": "UMBRIA",
    "state_iso2": "55",
    "country": "ITALY",
    "country_iso2": "IT",
    "country_iso3": "ITA",
    "country_native": "ITALIA"
  },
  {
    "id": 141046,
    "name": "OTRICOLI",
    "state": "UMBRIA",
    "state_iso2": "55",
    "country": "ITALY",
    "country_iso2": "IT",
    "country_iso3": "ITA",
    "country_native": "ITALIA"
  },
  {
    "id": 141072,
    "name": "PACIANO",
    "state": "UMBRIA",
    "state_iso2": "55",
    "country": "ITALY",
    "country_iso2": "IT",
    "country_iso3": "ITA",
    "country_native": "ITALIA"
  },
  {
    "id": 141089,
    "name": "PADULE-SAN MARCO",
    "state": "UMBRIA",
    "state_iso2": "55",
    "country": "ITALY",
    "country_iso2": "IT",
    "country_iso3": "ITA",
    "country_native": "ITALIA"
  },
  {
    "id": 58227,
    "name": "PALAZZO",
    "state": "UMBRIA",
    "state_iso2": "55",
    "country": "ITALY",
    "country_iso2": "IT",
    "country_iso3": "ITA",
    "country_native": "ITALIA"
  },
  {
    "id": 58278,
    "name": "PANICALE",
    "state": "UMBRIA",
    "state_iso2": "55",
    "country": "ITALY",
    "country_iso2": "IT",
    "country_iso3": "ITA",
    "country_native": "ITALIA"
  },
  {
    "id": 58283,
    "name": "PANTALLA",
    "state": "UMBRIA",
    "state_iso2": "55",
    "country": "ITALY",
    "country_iso2": "IT",
    "country_iso3": "ITA",
    "country_native": "ITALIA"
  },
  {
    "id": 58314,
    "name": "PARRANO",
    "state": "UMBRIA",
    "state_iso2": "55",
    "country": "ITALY",
    "country_iso2": "IT",
    "country_iso3": "ITA",
    "country_native": "ITALIA"
  },
  {
    "id": 58325,
    "name": "PASSAGGIO",
    "state": "UMBRIA",
    "state_iso2": "55",
    "country": "ITALY",
    "country_iso2": "IT",
    "country_iso3": "ITA",
    "country_native": "ITALIA"
  },
  {
    "id": 58328,
    "name": "PASSIGNANO SUL TRASIMENO",
    "state": "UMBRIA",
    "state_iso2": "55",
    "country": "ITALY",
    "country_iso2": "IT",
    "country_iso3": "ITA",
    "country_native": "ITALIA"
  },
  {
    "id": 58404,
    "name": "PENNA IN TEVERINA",
    "state": "UMBRIA",
    "state_iso2": "55",
    "country": "ITALY",
    "country_iso2": "IT",
    "country_iso3": "ITA",
    "country_native": "ITALIA"
  },
  {
    "id": 58446,
    "name": "PERUGIA",
    "state": "UMBRIA",
    "state_iso2": "55",
    "country": "ITALY",
    "country_iso2": "IT",
    "country_iso3": "ITA",
    "country_native": "ITALIA"
  },
  {
    "id": 58482,
    "name": "PETRIGNANO",
    "state": "UMBRIA",
    "state_iso2": "55",
    "country": "ITALY",
    "country_iso2": "IT",
    "country_iso3": "ITA",
    "country_native": "ITALIA"
  },
  {
    "id": 58595,
    "name": "PIEGARO",
    "state": "UMBRIA",
    "state_iso2": "55",
    "country": "ITALY",
    "country_iso2": "IT",
    "country_iso3": "ITA",
    "country_native": "ITALIA"
  },
  {
    "id": 58615,
    "name": "PIETRALUNGA",
    "state": "UMBRIA",
    "state_iso2": "55",
    "country": "ITALY",
    "country_iso2": "IT",
    "country_iso3": "ITA",
    "country_native": "ITALIA"
  },
  {
    "id": 58666,
    "name": "PILA",
    "state": "UMBRIA",
    "state_iso2": "55",
    "country": "ITALY",
    "country_iso2": "IT",
    "country_iso3": "ITA",
    "country_native": "ITALIA"
  },
  {
    "id": 58715,
    "name": "PISTRINO",
    "state": "UMBRIA",
    "state_iso2": "55",
    "country": "ITALY",
    "country_iso2": "IT",
    "country_iso3": "ITA",
    "country_native": "ITALIA"
  },
  {
    "id": 58767,
    "name": "POGGIODOMO",
    "state": "UMBRIA",
    "state_iso2": "55",
    "country": "ITALY",
    "country_iso2": "IT",
    "country_iso3": "ITA",
    "country_native": "ITALIA"
  },
  {
    "id": 58792,
    "name": "POLINO",
    "state": "UMBRIA",
    "state_iso2": "55",
    "country": "ITALY",
    "country_iso2": "IT",
    "country_iso3": "ITA",
    "country_native": "ITALIA"
  },
  {
    "id": 58839,
    "name": "PONTE FELCINO",
    "state": "UMBRIA",
    "state_iso2": "55",
    "country": "ITALY",
    "country_iso2": "IT",
    "country_iso3": "ITA",
    "country_native": "ITALIA"
  },
  {
    "id": 58845,
    "name": "PONTE PATTOLI",
    "state": "UMBRIA",
    "state_iso2": "55",
    "country": "ITALY",
    "country_iso2": "IT",
    "country_iso3": "ITA",
    "country_native": "ITALIA"
  },
  {
    "id": 58877,
    "name": "PONTERIO-PIAN DI PORTO",
    "state": "UMBRIA",
    "state_iso2": "55",
    "country": "ITALY",
    "country_iso2": "IT",
    "country_iso3": "ITA",
    "country_native": "ITALIA"
  },
  {
    "id": 58902,
    "name": "PORANO",
    "state": "UMBRIA",
    "state_iso2": "55",
    "country": "ITALY",
    "country_iso2": "IT",
    "country_iso3": "ITA",
    "country_native": "ITALIA"
  },
  {
    "id": 58990,
    "name": "POZZUOLO",
    "state": "UMBRIA",
    "state_iso2": "55",
    "country": "ITALY",
    "country_iso2": "IT",
    "country_iso3": "ITA",
    "country_native": "ITALIA"
  },
  {
    "id": 59042,
    "name": "PRECI",
    "state": "UMBRIA",
    "state_iso2": "55",
    "country": "ITALY",
    "country_iso2": "IT",
    "country_iso3": "ITA",
    "country_native": "ITALIA"
  },
  {
    "id": 59158,
    "name": "PROVINCIA DI PERUGIA",
    "state": "UMBRIA",
    "state_iso2": "55",
    "country": "ITALY",
    "country_iso2": "IT",
    "country_iso3": "ITA",
    "country_native": "ITALIA"
  },
  {
    "id": 59180,
    "name": "PROVINCIA DI TERNI",
    "state": "UMBRIA",
    "state_iso2": "55",
    "country": "ITALY",
    "country_iso2": "IT",
    "country_iso3": "ITA",
    "country_native": "ITALIA"
  },
  {
    "id": 59444,
    "name": "RIVOTORTO",
    "state": "UMBRIA",
    "state_iso2": "55",
    "country": "ITALY",
    "country_iso2": "IT",
    "country_iso3": "ITA",
    "country_native": "ITALIA"
  },
  {
    "id": 59931,
    "name": "SAN GEMINI",
    "state": "UMBRIA",
    "state_iso2": "55",
    "country": "ITALY",
    "country_iso2": "IT",
    "country_iso3": "ITA",
    "country_native": "ITALIA"
  },
  {
    "id": 59940,
    "name": "SAN GIACOMO",
    "state": "UMBRIA",
    "state_iso2": "55",
    "country": "ITALY",
    "country_iso2": "IT",
    "country_iso3": "ITA",
    "country_native": "ITALIA"
  },
  {
    "id": 60015,
    "name": "SAN GIUSTINO",
    "state": "UMBRIA",
    "state_iso2": "55",
    "country": "ITALY",
    "country_iso2": "IT",
    "country_iso3": "ITA",
    "country_native": "ITALIA"
  },
  {
    "id": 60090,
    "name": "SAN MARTINO IN CAMPO",
    "state": "UMBRIA",
    "state_iso2": "55",
    "country": "ITALY",
    "country_iso2": "IT",
    "country_iso3": "ITA",
    "country_native": "ITALIA"
  },
  {
    "id": 60096,
    "name": "SAN MARTINO IN TRIGNANO",
    "state": "UMBRIA",
    "state_iso2": "55",
    "country": "ITALY",
    "country_iso2": "IT",
    "country_iso3": "ITA",
    "country_native": "ITALIA"
  },
  {
    "id": 60133,
    "name": "SAN NICCOLÒ DI CELLE",
    "state": "UMBRIA",
    "state_iso2": "55",
    "country": "ITALY",
    "country_iso2": "IT",
    "country_iso3": "ITA",
    "country_native": "ITALIA"
  },
  {
    "id": 60239,
    "name": "SAN SECONDO",
    "state": "UMBRIA",
    "state_iso2": "55",
    "country": "ITALY",
    "country_iso2": "IT",
    "country_iso3": "ITA",
    "country_native": "ITALIA"
  },
  {
    "id": 60254,
    "name": "SAN TERENZIANO",
    "state": "UMBRIA",
    "state_iso2": "55",
    "country": "ITALY",
    "country_iso2": "IT",
    "country_iso3": "ITA",
    "country_native": "ITALIA"
  },
  {
    "id": 60261,
    "name": "SAN VENANZO",
    "state": "UMBRIA",
    "state_iso2": "55",
    "country": "ITALY",
    "country_iso2": "IT",
    "country_iso3": "ITA",
    "country_native": "ITALIA"
  },
  {
    "id": 60341,
    "name": "SANT'ANATOLIA DI NARCO",
    "state": "UMBRIA",
    "state_iso2": "55",
    "country": "ITALY",
    "country_iso2": "IT",
    "country_iso3": "ITA",
    "country_native": "ITALIA"
  },
  {
    "id": 60471,
    "name": "SANTA MARIA DEGLI ANGELI",
    "state": "UMBRIA",
    "state_iso2": "55",
    "country": "ITALY",
    "country_iso2": "IT",
    "country_iso3": "ITA",
    "country_native": "ITALIA"
  },
  {
    "id": 60641,
    "name": "SCHEGGIA",
    "state": "UMBRIA",
    "state_iso2": "55",
    "country": "ITALY",
    "country_iso2": "IT",
    "country_iso3": "ITA",
    "country_native": "ITALIA"
  },
  {
    "id": 60642,
    "name": "SCHEGGINO",
    "state": "UMBRIA",
    "state_iso2": "55",
    "country": "ITALY",
    "country_iso2": "IT",
    "country_iso3": "ITA",
    "country_native": "ITALIA"
  },
  {
    "id": 60696,
    "name": "SELCI-LAMA",
    "state": "UMBRIA",
    "state_iso2": "55",
    "country": "ITALY",
    "country_iso2": "IT",
    "country_iso3": "ITA",
    "country_native": "ITALIA"
  },
  {
    "id": 60699,
    "name": "SELLANO",
    "state": "UMBRIA",
    "state_iso2": "55",
    "country": "ITALY",
    "country_iso2": "IT",
    "country_iso3": "ITA",
    "country_native": "ITALIA"
  },
  {
    "id": 60716,
    "name": "SEMONTE-CASAMORCIA",
    "state": "UMBRIA",
    "state_iso2": "55",
    "country": "ITALY",
    "country_iso2": "IT",
    "country_iso3": "ITA",
    "country_native": "ITALIA"
  },
  {
    "id": 60828,
    "name": "SFERRACAVALLO",
    "state": "UMBRIA",
    "state_iso2": "55",
    "country": "ITALY",
    "country_iso2": "IT",
    "country_iso3": "ITA",
    "country_native": "ITALIA"
  },
  {
    "id": 60845,
    "name": "SIGILLO",
    "state": "UMBRIA",
    "state_iso2": "55",
    "country": "ITALY",
    "country_iso2": "IT",
    "country_iso3": "ITA",
    "country_native": "ITALIA"
  },
  {
    "id": 60995,
    "name": "SPELLO",
    "state": "UMBRIA",
    "state_iso2": "55",
    "country": "ITALY",
    "country_iso2": "IT",
    "country_iso3": "ITA",
    "country_native": "ITALIA"
  },
  {
    "id": 61026,
    "name": "SPOLETO",
    "state": "UMBRIA",
    "state_iso2": "55",
    "country": "ITALY",
    "country_iso2": "IT",
    "country_iso3": "ITA",
    "country_native": "ITALIA"
  },
  {
    "id": 61055,
    "name": "STAZIONE DI ALLERONA",
    "state": "UMBRIA",
    "state_iso2": "55",
    "country": "ITALY",
    "country_iso2": "IT",
    "country_iso3": "ITA",
    "country_native": "ITALIA"
  },
  {
    "id": 61056,
    "name": "STAZIONE DI PADULE",
    "state": "UMBRIA",
    "state_iso2": "55",
    "country": "ITALY",
    "country_iso2": "IT",
    "country_iso3": "ITA",
    "country_native": "ITALIA"
  },
  {
    "id": 61098,
    "name": "STRONCONE",
    "state": "UMBRIA",
    "state_iso2": "55",
    "country": "ITALY",
    "country_iso2": "IT",
    "country_iso3": "ITA",
    "country_native": "ITALIA"
  },
  {
    "id": 61187,
    "name": "TAVERNELLE",
    "state": "UMBRIA",
    "state_iso2": "55",
    "country": "ITALY",
    "country_iso2": "IT",
    "country_iso3": "ITA",
    "country_native": "ITALIA"
  },
  {
    "id": 61232,
    "name": "TERNI",
    "state": "UMBRIA",
    "state_iso2": "55",
    "country": "ITALY",
    "country_iso2": "IT",
    "country_iso3": "ITA",
    "country_native": "ITALIA"
  },
  {
    "id": 61295,
    "name": "TODI",
    "state": "UMBRIA",
    "state_iso2": "55",
    "country": "ITALY",
    "country_iso2": "IT",
    "country_iso3": "ITA",
    "country_native": "ITALIA"
  },
  {
    "id": 61327,
    "name": "TORGIANO",
    "state": "UMBRIA",
    "state_iso2": "55",
    "country": "ITALY",
    "country_iso2": "IT",
    "country_iso3": "ITA",
    "country_native": "ITALIA"
  },
  {
    "id": 61499,
    "name": "TRESTINA",
    "state": "UMBRIA",
    "state_iso2": "55",
    "country": "ITALY",
    "country_iso2": "IT",
    "country_iso3": "ITA",
    "country_native": "ITALIA"
  },
  {
    "id": 61501,
    "name": "TREVI",
    "state": "UMBRIA",
    "state_iso2": "55",
    "country": "ITALY",
    "country_iso2": "IT",
    "country_iso3": "ITA",
    "country_native": "ITALIA"
  },
  {
    "id": 61569,
    "name": "TUORO SUL TRASIMENO",
    "state": "UMBRIA",
    "state_iso2": "55",
    "country": "ITALY",
    "country_iso2": "IT",
    "country_iso3": "ITA",
    "country_native": "ITALIA"
  },
  {
    "id": 61597,
    "name": "UMBERTIDE",
    "state": "UMBRIA",
    "state_iso2": "55",
    "country": "ITALY",
    "country_iso2": "IT",
    "country_iso3": "ITA",
    "country_native": "ITALIA"
  },
  {
    "id": 61668,
    "name": "VALFABBRICA",
    "state": "UMBRIA",
    "state_iso2": "55",
    "country": "ITALY",
    "country_iso2": "IT",
    "country_iso3": "ITA",
    "country_native": "ITALIA"
  },
  {
    "id": 61742,
    "name": "VALTOPINA",
    "state": "UMBRIA",
    "state_iso2": "55",
    "country": "ITALY",
    "country_iso2": "IT",
    "country_iso3": "ITA",
    "country_native": "ITALIA"
  },
  {
    "id": 61898,
    "name": "VIA LIPPIA",
    "state": "UMBRIA",
    "state_iso2": "55",
    "country": "ITALY",
    "country_iso2": "IT",
    "country_iso3": "ITA",
    "country_native": "ITALIA"
  }
]