[
  {
    "id": 88968,
    "name": "ANGRA DO HEROÍSMO",
    "state": "AÇORES",
    "state_iso2": "20",
    "country": "PORTUGAL",
    "country_iso2": "PT",
    "country_iso3": "PRT",
    "country_native": "PORTUGAL"
  },
  {
    "id": 88969,
    "name": "ANGÚSTIAS",
    "state": "AÇORES",
    "state_iso2": "20",
    "country": "PORTUGAL",
    "country_iso2": "PT",
    "country_iso3": "PRT",
    "country_native": "PORTUGAL"
  },
  {
    "id": 88994,
    "name": "ARRIFES",
    "state": "AÇORES",
    "state_iso2": "20",
    "country": "PORTUGAL",
    "country_iso2": "PT",
    "country_iso3": "PRT",
    "country_native": "PORTUGAL"
  },
  {
    "id": 89037,
    "name": "BISCOITOS",
    "state": "AÇORES",
    "state_iso2": "20",
    "country": "PORTUGAL",
    "country_iso2": "PT",
    "country_iso3": "PRT",
    "country_native": "PORTUGAL"
  },
  {
    "id": 89057,
    "name": "CABOUCO",
    "state": "AÇORES",
    "state_iso2": "20",
    "country": "PORTUGAL",
    "country_iso2": "PT",
    "country_iso3": "PRT",
    "country_native": "PORTUGAL"
  },
  {
    "id": 89062,
    "name": "CAIS DO PICO",
    "state": "AÇORES",
    "state_iso2": "20",
    "country": "PORTUGAL",
    "country_iso2": "PT",
    "country_iso3": "PRT",
    "country_native": "PORTUGAL"
  },
  {
    "id": 89069,
    "name": "CALHETA",
    "state": "AÇORES",
    "state_iso2": "20",
    "country": "PORTUGAL",
    "country_iso2": "PT",
    "country_iso3": "PRT",
    "country_native": "PORTUGAL"
  },
  {
    "id": 89070,
    "name": "CALHETA DE SÃO JORGE",
    "state": "AÇORES",
    "state_iso2": "20",
    "country": "PORTUGAL",
    "country_iso2": "PT",
    "country_iso3": "PRT",
    "country_native": "PORTUGAL"
  },
  {
    "id": 89105,
    "name": "CASTELO BRANCO",
    "state": "AÇORES",
    "state_iso2": "20",
    "country": "PORTUGAL",
    "country_iso2": "PT",
    "country_iso3": "PRT",
    "country_native": "PORTUGAL"
  },
  {
    "id": 89131,
    "name": "CORVO",
    "state": "AÇORES",
    "state_iso2": "20",
    "country": "PORTUGAL",
    "country_iso2": "PT",
    "country_iso3": "PRT",
    "country_native": "PORTUGAL"
  },
  {
    "id": 89163,
    "name": "FAJÃ DE BAIXO",
    "state": "AÇORES",
    "state_iso2": "20",
    "country": "PORTUGAL",
    "country_iso2": "PT",
    "country_iso3": "PRT",
    "country_native": "PORTUGAL"
  },
  {
    "id": 89172,
    "name": "FENAIS DA AJUDA",
    "state": "AÇORES",
    "state_iso2": "20",
    "country": "PORTUGAL",
    "country_iso2": "PT",
    "country_iso3": "PRT",
    "country_native": "PORTUGAL"
  },
  {
    "id": 89173,
    "name": "FENAIS DA LUZ",
    "state": "AÇORES",
    "state_iso2": "20",
    "country": "PORTUGAL",
    "country_iso2": "PT",
    "country_iso3": "PRT",
    "country_native": "PORTUGAL"
  },
  {
    "id": 89181,
    "name": "FETEIRA",
    "state": "AÇORES",
    "state_iso2": "20",
    "country": "PORTUGAL",
    "country_iso2": "PT",
    "country_iso3": "PRT",
    "country_native": "PORTUGAL"
  },
  {
    "id": 89187,
    "name": "FONTE BASTARDO",
    "state": "AÇORES",
    "state_iso2": "20",
    "country": "PORTUGAL",
    "country_iso2": "PT",
    "country_iso3": "PRT",
    "country_native": "PORTUGAL"
  },
  {
    "id": 89199,
    "name": "FURNAS",
    "state": "AÇORES",
    "state_iso2": "20",
    "country": "PORTUGAL",
    "country_iso2": "PT",
    "country_iso3": "PRT",
    "country_native": "PORTUGAL"
  },
  {
    "id": 89223,
    "name": "HORTA",
    "state": "AÇORES",
    "state_iso2": "20",
    "country": "PORTUGAL",
    "country_iso2": "PT",
    "country_iso3": "PRT",
    "country_native": "PORTUGAL"
  },
  {
    "id": 89228,
    "name": "LAGOA",
    "state": "AÇORES",
    "state_iso2": "20",
    "country": "PORTUGAL",
    "country_iso2": "PT",
    "country_iso3": "PRT",
    "country_native": "PORTUGAL"
  },
  {
    "id": 89231,
    "name": "LAJES",
    "state": "AÇORES",
    "state_iso2": "20",
    "country": "PORTUGAL",
    "country_iso2": "PT",
    "country_iso3": "PRT",
    "country_native": "PORTUGAL"
  },
  {
    "id": 89232,
    "name": "LAJES DAS FLORES",
    "state": "AÇORES",
    "state_iso2": "20",
    "country": "PORTUGAL",
    "country_iso2": "PT",
    "country_iso3": "PRT",
    "country_native": "PORTUGAL"
  },
  {
    "id": 89233,
    "name": "LAJES DO PICO",
    "state": "AÇORES",
    "state_iso2": "20",
    "country": "PORTUGAL",
    "country_iso2": "PT",
    "country_iso3": "PRT",
    "country_native": "PORTUGAL"
  },
  {
    "id": 89267,
    "name": "MADALENA",
    "state": "AÇORES",
    "state_iso2": "20",
    "country": "PORTUGAL",
    "country_iso2": "PT",
    "country_iso3": "PRT",
    "country_native": "PORTUGAL"
  },
  {
    "id": 89269,
    "name": "MAIA",
    "state": "AÇORES",
    "state_iso2": "20",
    "country": "PORTUGAL",
    "country_iso2": "PT",
    "country_iso3": "PRT",
    "country_native": "PORTUGAL"
  },
  {
    "id": 89333,
    "name": "MOSTEIROS",
    "state": "AÇORES",
    "state_iso2": "20",
    "country": "PORTUGAL",
    "country_iso2": "PT",
    "country_iso3": "PRT",
    "country_native": "PORTUGAL"
  },
  {
    "id": 89350,
    "name": "NORDESTE",
    "state": "AÇORES",
    "state_iso2": "20",
    "country": "PORTUGAL",
    "country_iso2": "PT",
    "country_iso3": "PRT",
    "country_native": "PORTUGAL"
  },
  {
    "id": 89412,
    "name": "PONTA DELGADA",
    "state": "AÇORES",
    "state_iso2": "20",
    "country": "PORTUGAL",
    "country_iso2": "PT",
    "country_iso3": "PRT",
    "country_native": "PORTUGAL"
  },
  {
    "id": 89413,
    "name": "PONTA GARÇA",
    "state": "AÇORES",
    "state_iso2": "20",
    "country": "PORTUGAL",
    "country_iso2": "PT",
    "country_iso3": "PRT",
    "country_native": "PORTUGAL"
  },
  {
    "id": 89427,
    "name": "PORTO JUDEU",
    "state": "AÇORES",
    "state_iso2": "20",
    "country": "PORTUGAL",
    "country_iso2": "PT",
    "country_iso3": "PRT",
    "country_native": "PORTUGAL"
  },
  {
    "id": 89428,
    "name": "PORTO MARTINS",
    "state": "AÇORES",
    "state_iso2": "20",
    "country": "PORTUGAL",
    "country_iso2": "PT",
    "country_iso3": "PRT",
    "country_native": "PORTUGAL"
  },
  {
    "id": 89434,
    "name": "POVOAÇÃO",
    "state": "AÇORES",
    "state_iso2": "20",
    "country": "PORTUGAL",
    "country_iso2": "PT",
    "country_iso3": "PRT",
    "country_native": "PORTUGAL"
  },
  {
    "id": 89437,
    "name": "PRAIA DA VITÓRIA",
    "state": "AÇORES",
    "state_iso2": "20",
    "country": "PORTUGAL",
    "country_iso2": "PT",
    "country_iso3": "PRT",
    "country_native": "PORTUGAL"
  },
  {
    "id": 89451,
    "name": "RABO DE PEIXE",
    "state": "AÇORES",
    "state_iso2": "20",
    "country": "PORTUGAL",
    "country_iso2": "PT",
    "country_iso3": "PRT",
    "country_native": "PORTUGAL"
  },
  {
    "id": 89460,
    "name": "RELVA",
    "state": "AÇORES",
    "state_iso2": "20",
    "country": "PORTUGAL",
    "country_iso2": "PT",
    "country_iso3": "PRT",
    "country_native": "PORTUGAL"
  },
  {
    "id": 89466,
    "name": "RIBEIRA GRANDE",
    "state": "AÇORES",
    "state_iso2": "20",
    "country": "PORTUGAL",
    "country_iso2": "PT",
    "country_iso3": "PRT",
    "country_native": "PORTUGAL"
  },
  {
    "id": 89467,
    "name": "RIBEIRA SECA",
    "state": "AÇORES",
    "state_iso2": "20",
    "country": "PORTUGAL",
    "country_iso2": "PT",
    "country_iso3": "PRT",
    "country_native": "PORTUGAL"
  },
  {
    "id": 89469,
    "name": "RIBEIRINHA",
    "state": "AÇORES",
    "state_iso2": "20",
    "country": "PORTUGAL",
    "country_iso2": "PT",
    "country_iso3": "PRT",
    "country_native": "PORTUGAL"
  },
  {
    "id": 89479,
    "name": "ROSTO DE CÃO",
    "state": "AÇORES",
    "state_iso2": "20",
    "country": "PORTUGAL",
    "country_iso2": "PT",
    "country_iso3": "PRT",
    "country_native": "PORTUGAL"
  },
  {
    "id": 89494,
    "name": "SANTA BÁRBARA",
    "state": "AÇORES",
    "state_iso2": "20",
    "country": "PORTUGAL",
    "country_iso2": "PT",
    "country_iso3": "PRT",
    "country_native": "PORTUGAL"
  },
  {
    "id": 89502,
    "name": "SANTA CRUZ DA GRACIOSA",
    "state": "AÇORES",
    "state_iso2": "20",
    "country": "PORTUGAL",
    "country_iso2": "PT",
    "country_iso3": "PRT",
    "country_native": "PORTUGAL"
  },
  {
    "id": 89501,
    "name": "SANTA CRUZ DAS FLORES",
    "state": "AÇORES",
    "state_iso2": "20",
    "country": "PORTUGAL",
    "country_iso2": "PT",
    "country_iso3": "PRT",
    "country_native": "PORTUGAL"
  },
  {
    "id": 89529,
    "name": "SENHORA DO ROSÁRIO",
    "state": "AÇORES",
    "state_iso2": "20",
    "country": "PORTUGAL",
    "country_iso2": "PT",
    "country_iso3": "PRT",
    "country_native": "PORTUGAL"
  },
  {
    "id": 89558,
    "name": "SÃO BARTOLOMEU",
    "state": "AÇORES",
    "state_iso2": "20",
    "country": "PORTUGAL",
    "country_iso2": "PT",
    "country_iso3": "PRT",
    "country_native": "PORTUGAL"
  },
  {
    "id": 89577,
    "name": "SÃO MATEUS",
    "state": "AÇORES",
    "state_iso2": "20",
    "country": "PORTUGAL",
    "country_iso2": "PT",
    "country_iso3": "PRT",
    "country_native": "PORTUGAL"
  },
  {
    "id": 89586,
    "name": "SÃO ROQUE",
    "state": "AÇORES",
    "state_iso2": "20",
    "country": "PORTUGAL",
    "country_iso2": "PT",
    "country_iso3": "PRT",
    "country_native": "PORTUGAL"
  },
  {
    "id": 89588,
    "name": "SÃO ROQUE DO PICO",
    "state": "AÇORES",
    "state_iso2": "20",
    "country": "PORTUGAL",
    "country_iso2": "PT",
    "country_iso3": "PRT",
    "country_native": "PORTUGAL"
  },
  {
    "id": 89589,
    "name": "SÃO SEBASTIÃO",
    "state": "AÇORES",
    "state_iso2": "20",
    "country": "PORTUGAL",
    "country_iso2": "PT",
    "country_iso3": "PRT",
    "country_native": "PORTUGAL"
  },
  {
    "id": 89592,
    "name": "SÃO VICENTE",
    "state": "AÇORES",
    "state_iso2": "20",
    "country": "PORTUGAL",
    "country_iso2": "PT",
    "country_iso3": "PRT",
    "country_native": "PORTUGAL"
  },
  {
    "id": 89633,
    "name": "VELAS",
    "state": "AÇORES",
    "state_iso2": "20",
    "country": "PORTUGAL",
    "country_iso2": "PT",
    "country_iso3": "PRT",
    "country_native": "PORTUGAL"
  },
  {
    "id": 89673,
    "name": "VILA DO PORTO",
    "state": "AÇORES",
    "state_iso2": "20",
    "country": "PORTUGAL",
    "country_iso2": "PT",
    "country_iso3": "PRT",
    "country_native": "PORTUGAL"
  },
  {
    "id": 89650,
    "name": "VILA FRANCA DO CAMPO",
    "state": "AÇORES",
    "state_iso2": "20",
    "country": "PORTUGAL",
    "country_iso2": "PT",
    "country_iso3": "PRT",
    "country_native": "PORTUGAL"
  },
  {
    "id": 89692,
    "name": "ÁGUA DE PAU",
    "state": "AÇORES",
    "state_iso2": "20",
    "country": "PORTUGAL",
    "country_iso2": "PT",
    "country_iso3": "PRT",
    "country_native": "PORTUGAL"
  }
]