[
  {
    "id": 80568,
    "name": "AYACUCHO",
    "state": "AYACUCHO",
    "state_iso2": "AYA",
    "country": "PERU",
    "country_iso2": "PE",
    "country_iso3": "PER",
    "country_native": "PERÚ"
  },
  {
    "id": 80570,
    "name": "AYNA",
    "state": "AYACUCHO",
    "state_iso2": "AYA",
    "country": "PERU",
    "country_iso2": "PE",
    "country_iso3": "PER",
    "country_native": "PERÚ"
  },
  {
    "id": 80633,
    "name": "CORACORA",
    "state": "AYACUCHO",
    "state_iso2": "AYA",
    "country": "PERU",
    "country_iso2": "PE",
    "country_iso3": "PER",
    "country_native": "PERÚ"
  },
  {
    "id": 80653,
    "name": "HUANTA",
    "state": "AYACUCHO",
    "state_iso2": "AYA",
    "country": "PERU",
    "country_iso2": "PE",
    "country_iso3": "PER",
    "country_native": "PERÚ"
  },
  {
    "id": 80755,
    "name": "PAUCAR DEL SARA SARA",
    "state": "AYACUCHO",
    "state_iso2": "AYA",
    "country": "PERU",
    "country_iso2": "PE",
    "country_iso3": "PER",
    "country_native": "PERÚ"
  },
  {
    "id": 80792,
    "name": "PROVINCIA DE CANGALLO",
    "state": "AYACUCHO",
    "state_iso2": "AYA",
    "country": "PERU",
    "country_iso2": "PE",
    "country_iso3": "PER",
    "country_native": "PERÚ"
  },
  {
    "id": 80829,
    "name": "PROVINCIA DE HUAMANGA",
    "state": "AYACUCHO",
    "state_iso2": "AYA",
    "country": "PERU",
    "country_iso2": "PE",
    "country_iso3": "PER",
    "country_native": "PERÚ"
  },
  {
    "id": 80830,
    "name": "PROVINCIA DE HUANCA SANCOS",
    "state": "AYACUCHO",
    "state_iso2": "AYA",
    "country": "PERU",
    "country_iso2": "PE",
    "country_iso3": "PER",
    "country_native": "PERÚ"
  },
  {
    "id": 80835,
    "name": "PROVINCIA DE HUANTA",
    "state": "AYACUCHO",
    "state_iso2": "AYA",
    "country": "PERU",
    "country_iso2": "PE",
    "country_iso3": "PER",
    "country_native": "PERÚ"
  },
  {
    "id": 80850,
    "name": "PROVINCIA DE LA MAR",
    "state": "AYACUCHO",
    "state_iso2": "AYA",
    "country": "PERU",
    "country_iso2": "PE",
    "country_iso3": "PER",
    "country_native": "PERÚ"
  },
  {
    "id": 80856,
    "name": "PROVINCIA DE LUCANAS",
    "state": "AYACUCHO",
    "state_iso2": "AYA",
    "country": "PERU",
    "country_iso2": "PE",
    "country_iso3": "PER",
    "country_native": "PERÚ"
  },
  {
    "id": 80873,
    "name": "PROVINCIA DE PARINACOCHAS",
    "state": "AYACUCHO",
    "state_iso2": "AYA",
    "country": "PERU",
    "country_iso2": "PE",
    "country_iso3": "PER",
    "country_native": "PERÚ"
  },
  {
    "id": 80895,
    "name": "PROVINCIA DE SUCRE",
    "state": "AYACUCHO",
    "state_iso2": "AYA",
    "country": "PERU",
    "country_iso2": "PE",
    "country_iso3": "PER",
    "country_native": "PERÚ"
  },
  {
    "id": 80907,
    "name": "PROVINCIA DE VILCAS HUAMÁN",
    "state": "AYACUCHO",
    "state_iso2": "AYA",
    "country": "PERU",
    "country_iso2": "PE",
    "country_iso3": "PER",
    "country_native": "PERÚ"
  },
  {
    "id": 80908,
    "name": "PROVINCIA DE VÍCTOR FAJARDO",
    "state": "AYACUCHO",
    "state_iso2": "AYA",
    "country": "PERU",
    "country_iso2": "PE",
    "country_iso3": "PER",
    "country_native": "PERÚ"
  },
  {
    "id": 80924,
    "name": "PUQUIO",
    "state": "AYACUCHO",
    "state_iso2": "AYA",
    "country": "PERU",
    "country_iso2": "PE",
    "country_iso3": "PER",
    "country_native": "PERÚ"
  },
  {
    "id": 80951,
    "name": "SAN MIGUEL",
    "state": "AYACUCHO",
    "state_iso2": "AYA",
    "country": "PERU",
    "country_iso2": "PE",
    "country_iso3": "PER",
    "country_native": "PERÚ"
  },
  {
    "id": 80985,
    "name": "TAMBO",
    "state": "AYACUCHO",
    "state_iso2": "AYA",
    "country": "PERU",
    "country_iso2": "PE",
    "country_iso3": "PER",
    "country_native": "PERÚ"
  }
]