[
  {
    "id": 154670,
    "name": "AMAI MANABILANG",
    "state": "LANAO DEL SUR",
    "state_iso2": "LAS",
    "country": "PHILIPPINES",
    "country_iso2": "PH",
    "country_iso3": "PHL",
    "country_native": "PILIPINAS"
  },
  {
    "id": 144615,
    "name": "BACOLOD-KALAWI",
    "state": "LANAO DEL SUR",
    "state_iso2": "LAS",
    "country": "PHILIPPINES",
    "country_iso2": "PH",
    "country_iso3": "PHL",
    "country_native": "PILIPINAS"
  },
  {
    "id": 144630,
    "name": "BALABAGAN",
    "state": "LANAO DEL SUR",
    "state_iso2": "LAS",
    "country": "PHILIPPINES",
    "country_iso2": "PH",
    "country_iso3": "PHL",
    "country_native": "PILIPINAS"
  },
  {
    "id": 144632,
    "name": "BALINDONG",
    "state": "LANAO DEL SUR",
    "state_iso2": "LAS",
    "country": "PHILIPPINES",
    "country_iso2": "PH",
    "country_iso3": "PHL",
    "country_native": "PILIPINAS"
  },
  {
    "id": 144642,
    "name": "BAYANG",
    "state": "LANAO DEL SUR",
    "state_iso2": "LAS",
    "country": "PHILIPPINES",
    "country_iso2": "PH",
    "country_iso3": "PHL",
    "country_native": "PILIPINAS"
  },
  {
    "id": 144645,
    "name": "BINIDAYAN",
    "state": "LANAO DEL SUR",
    "state_iso2": "LAS",
    "country": "PHILIPPINES",
    "country_iso2": "PH",
    "country_iso3": "PHL",
    "country_native": "PILIPINAS"
  },
  {
    "id": 144650,
    "name": "BUADIPOSO-BUNTONG",
    "state": "LANAO DEL SUR",
    "state_iso2": "LAS",
    "country": "PHILIPPINES",
    "country_iso2": "PH",
    "country_iso3": "PHL",
    "country_native": "PILIPINAS"
  },
  {
    "id": 144656,
    "name": "BUBONG",
    "state": "LANAO DEL SUR",
    "state_iso2": "LAS",
    "country": "PHILIPPINES",
    "country_iso2": "PH",
    "country_iso3": "PHL",
    "country_native": "PILIPINAS"
  },
  {
    "id": 144673,
    "name": "BUTIG",
    "state": "LANAO DEL SUR",
    "state_iso2": "LAS",
    "country": "PHILIPPINES",
    "country_iso2": "PH",
    "country_iso3": "PHL",
    "country_native": "PILIPINAS"
  },
  {
    "id": 144675,
    "name": "CALANOGAS",
    "state": "LANAO DEL SUR",
    "state_iso2": "LAS",
    "country": "PHILIPPINES",
    "country_iso2": "PH",
    "country_iso3": "PHL",
    "country_native": "PILIPINAS"
  },
  {
    "id": 144691,
    "name": "DITSAAN-RAMAIN",
    "state": "LANAO DEL SUR",
    "state_iso2": "LAS",
    "country": "PHILIPPINES",
    "country_iso2": "PH",
    "country_iso3": "PHL",
    "country_native": "PILIPINAS"
  },
  {
    "id": 144694,
    "name": "GANASSI",
    "state": "LANAO DEL SUR",
    "state_iso2": "LAS",
    "country": "PHILIPPINES",
    "country_iso2": "PH",
    "country_iso3": "PHL",
    "country_native": "PILIPINAS"
  },
  {
    "id": 144542,
    "name": "KAPAI",
    "state": "LANAO DEL SUR",
    "state_iso2": "LAS",
    "country": "PHILIPPINES",
    "country_iso2": "PH",
    "country_iso3": "PHL",
    "country_native": "PILIPINAS"
  },
  {
    "id": 154671,
    "name": "KAPATAGAN",
    "state": "LANAO DEL SUR",
    "state_iso2": "LAS",
    "country": "PHILIPPINES",
    "country_iso2": "PH",
    "country_iso3": "PHL",
    "country_native": "PILIPINAS"
  },
  {
    "id": 154672,
    "name": "LUMBA-BAYABAO",
    "state": "LANAO DEL SUR",
    "state_iso2": "LAS",
    "country": "PHILIPPINES",
    "country_iso2": "PH",
    "country_iso3": "PHL",
    "country_native": "PILIPINAS"
  },
  {
    "id": 154673,
    "name": "LUMBACA-UNAYAN",
    "state": "LANAO DEL SUR",
    "state_iso2": "LAS",
    "country": "PHILIPPINES",
    "country_iso2": "PH",
    "country_iso3": "PHL",
    "country_native": "PILIPINAS"
  },
  {
    "id": 144572,
    "name": "LUMBATAN",
    "state": "LANAO DEL SUR",
    "state_iso2": "LAS",
    "country": "PHILIPPINES",
    "country_iso2": "PH",
    "country_iso3": "PHL",
    "country_native": "PILIPINAS"
  },
  {
    "id": 144573,
    "name": "LUMBAYANAGUE",
    "state": "LANAO DEL SUR",
    "state_iso2": "LAS",
    "country": "PHILIPPINES",
    "country_iso2": "PH",
    "country_iso3": "PHL",
    "country_native": "PILIPINAS"
  },
  {
    "id": 144577,
    "name": "MADALUM",
    "state": "LANAO DEL SUR",
    "state_iso2": "LAS",
    "country": "PHILIPPINES",
    "country_iso2": "PH",
    "country_iso3": "PHL",
    "country_native": "PILIPINAS"
  },
  {
    "id": 144578,
    "name": "MADAMBA",
    "state": "LANAO DEL SUR",
    "state_iso2": "LAS",
    "country": "PHILIPPINES",
    "country_iso2": "PH",
    "country_iso3": "PHL",
    "country_native": "PILIPINAS"
  },
  {
    "id": 144579,
    "name": "MAGUING",
    "state": "LANAO DEL SUR",
    "state_iso2": "LAS",
    "country": "PHILIPPINES",
    "country_iso2": "PH",
    "country_iso3": "PHL",
    "country_native": "PILIPINAS"
  },
  {
    "id": 144583,
    "name": "MALABANG",
    "state": "LANAO DEL SUR",
    "state_iso2": "LAS",
    "country": "PHILIPPINES",
    "country_iso2": "PH",
    "country_iso3": "PHL",
    "country_native": "PILIPINAS"
  },
  {
    "id": 144587,
    "name": "MARANTAO",
    "state": "LANAO DEL SUR",
    "state_iso2": "LAS",
    "country": "PHILIPPINES",
    "country_iso2": "PH",
    "country_iso3": "PHL",
    "country_native": "PILIPINAS"
  },
  {
    "id": 144588,
    "name": "MARAWI",
    "state": "LANAO DEL SUR",
    "state_iso2": "LAS",
    "country": "PHILIPPINES",
    "country_iso2": "PH",
    "country_iso3": "PHL",
    "country_native": "PILIPINAS"
  },
  {
    "id": 144589,
    "name": "MAROGONG",
    "state": "LANAO DEL SUR",
    "state_iso2": "LAS",
    "country": "PHILIPPINES",
    "country_iso2": "PH",
    "country_iso3": "PHL",
    "country_native": "PILIPINAS"
  },
  {
    "id": 144592,
    "name": "MASIU",
    "state": "LANAO DEL SUR",
    "state_iso2": "LAS",
    "country": "PHILIPPINES",
    "country_iso2": "PH",
    "country_iso3": "PHL",
    "country_native": "PILIPINAS"
  },
  {
    "id": 154674,
    "name": "MULONDO",
    "state": "LANAO DEL SUR",
    "state_iso2": "LAS",
    "country": "PHILIPPINES",
    "country_iso2": "PH",
    "country_iso3": "PHL",
    "country_native": "PILIPINAS"
  },
  {
    "id": 144620,
    "name": "PAGAYAWAN",
    "state": "LANAO DEL SUR",
    "state_iso2": "LAS",
    "country": "PHILIPPINES",
    "country_iso2": "PH",
    "country_iso3": "PHL",
    "country_native": "PILIPINAS"
  },
  {
    "id": 144700,
    "name": "PIAGAPO",
    "state": "LANAO DEL SUR",
    "state_iso2": "LAS",
    "country": "PHILIPPINES",
    "country_iso2": "PH",
    "country_iso3": "PHL",
    "country_native": "PILIPINAS"
  },
  {
    "id": 154675,
    "name": "PICONG",
    "state": "LANAO DEL SUR",
    "state_iso2": "LAS",
    "country": "PHILIPPINES",
    "country_iso2": "PH",
    "country_iso3": "PHL",
    "country_native": "PILIPINAS"
  },
  {
    "id": 154676,
    "name": "POONA BAYABAO",
    "state": "LANAO DEL SUR",
    "state_iso2": "LAS",
    "country": "PHILIPPINES",
    "country_iso2": "PH",
    "country_iso3": "PHL",
    "country_native": "PILIPINAS"
  },
  {
    "id": 144705,
    "name": "PUALAS",
    "state": "LANAO DEL SUR",
    "state_iso2": "LAS",
    "country": "PHILIPPINES",
    "country_iso2": "PH",
    "country_iso3": "PHL",
    "country_native": "PILIPINAS"
  },
  {
    "id": 144710,
    "name": "SAGUIARAN",
    "state": "LANAO DEL SUR",
    "state_iso2": "LAS",
    "country": "PHILIPPINES",
    "country_iso2": "PH",
    "country_iso3": "PHL",
    "country_native": "PILIPINAS"
  },
  {
    "id": 154677,
    "name": "SULTAN DUMALONDONG",
    "state": "LANAO DEL SUR",
    "state_iso2": "LAS",
    "country": "PHILIPPINES",
    "country_iso2": "PH",
    "country_iso3": "PHL",
    "country_native": "PILIPINAS"
  },
  {
    "id": 154678,
    "name": "TAGOLOAN",
    "state": "LANAO DEL SUR",
    "state_iso2": "LAS",
    "country": "PHILIPPINES",
    "country_iso2": "PH",
    "country_iso3": "PHL",
    "country_native": "PILIPINAS"
  },
  {
    "id": 144740,
    "name": "TAMPARAN",
    "state": "LANAO DEL SUR",
    "state_iso2": "LAS",
    "country": "PHILIPPINES",
    "country_iso2": "PH",
    "country_iso3": "PHL",
    "country_native": "PILIPINAS"
  },
  {
    "id": 144746,
    "name": "TARAKA",
    "state": "LANAO DEL SUR",
    "state_iso2": "LAS",
    "country": "PHILIPPINES",
    "country_iso2": "PH",
    "country_iso3": "PHL",
    "country_native": "PILIPINAS"
  },
  {
    "id": 144752,
    "name": "TUBARAN",
    "state": "LANAO DEL SUR",
    "state_iso2": "LAS",
    "country": "PHILIPPINES",
    "country_iso2": "PH",
    "country_iso3": "PHL",
    "country_native": "PILIPINAS"
  },
  {
    "id": 144755,
    "name": "TUGAYA",
    "state": "LANAO DEL SUR",
    "state_iso2": "LAS",
    "country": "PHILIPPINES",
    "country_iso2": "PH",
    "country_iso3": "PHL",
    "country_native": "PILIPINAS"
  },
  {
    "id": 144763,
    "name": "WAO",
    "state": "LANAO DEL SUR",
    "state_iso2": "LAS",
    "country": "PHILIPPINES",
    "country_iso2": "PH",
    "country_iso3": "PHL",
    "country_native": "PILIPINAS"
  }
]