[
  {
    "id": 2923,
    "name": "AZUAY",
    "iso2": "A",
    "country": "ECUADOR",
    "country_iso2": "EC",
    "country_iso3": "ECU",
    "country_native": "ECUADOR",
    "timezone": "America/Guayaquil"
  },
  {
    "id": 2920,
    "name": "BOLÍVAR",
    "iso2": "B",
    "country": "ECUADOR",
    "country_iso2": "EC",
    "country_iso3": "ECU",
    "country_native": "ECUADOR",
    "timezone": "America/Guayaquil"
  },
  {
    "id": 2915,
    "name": "CARCHI",
    "iso2": "C",
    "country": "ECUADOR",
    "country_iso2": "EC",
    "country_iso3": "ECU",
    "country_native": "ECUADOR",
    "timezone": "America/Guayaquil"
  },
  {
    "id": 2917,
    "name": "CAÑAR",
    "iso2": "F",
    "country": "ECUADOR",
    "country_iso2": "EC",
    "country_iso3": "ECU",
    "country_native": "ECUADOR",
    "timezone": "America/Guayaquil"
  },
  {
    "id": 2925,
    "name": "CHIMBORAZO",
    "iso2": "H",
    "country": "ECUADOR",
    "country_iso2": "EC",
    "country_iso3": "ECU",
    "country_native": "ECUADOR",
    "timezone": "America/Guayaquil"
  },
  {
    "id": 2921,
    "name": "COTOPAXI",
    "iso2": "X",
    "country": "ECUADOR",
    "country_iso2": "EC",
    "country_iso3": "ECU",
    "country_native": "ECUADOR",
    "timezone": "America/Guayaquil"
  },
  {
    "id": 2924,
    "name": "EL ORO",
    "iso2": "O",
    "country": "ECUADOR",
    "country_iso2": "EC",
    "country_iso3": "ECU",
    "country_native": "ECUADOR",
    "timezone": "America/Guayaquil"
  },
  {
    "id": 2922,
    "name": "ESMERALDAS",
    "iso2": "E",
    "country": "ECUADOR",
    "country_iso2": "EC",
    "country_iso3": "ECU",
    "country_native": "ECUADOR",
    "timezone": "America/Guayaquil"
  },
  {
    "id": 2905,
    "name": "GALÁPAGOS",
    "iso2": "W",
    "country": "ECUADOR",
    "country_iso2": "EC",
    "country_iso3": "ECU",
    "country_native": "ECUADOR",
    "timezone": "America/Guayaquil"
  },
  {
    "id": 2914,
    "name": "GUAYAS",
    "iso2": "G",
    "country": "ECUADOR",
    "country_iso2": "EC",
    "country_iso3": "ECU",
    "country_native": "ECUADOR",
    "timezone": "America/Guayaquil"
  },
  {
    "id": 2911,
    "name": "IMBABURA",
    "iso2": "I",
    "country": "ECUADOR",
    "country_iso2": "EC",
    "country_iso3": "ECU",
    "country_native": "ECUADOR",
    "timezone": "America/Guayaquil"
  },
  {
    "id": 5068,
    "name": "LOJA",
    "iso2": "L",
    "country": "ECUADOR",
    "country_iso2": "EC",
    "country_iso3": "ECU",
    "country_native": "ECUADOR",
    "timezone": "America/Guayaquil"
  },
  {
    "id": 2910,
    "name": "LOS RÍOS",
    "iso2": "R",
    "country": "ECUADOR",
    "country_iso2": "EC",
    "country_iso3": "ECU",
    "country_native": "ECUADOR",
    "timezone": "America/Guayaquil"
  },
  {
    "id": 2913,
    "name": "MANABÍ",
    "iso2": "M",
    "country": "ECUADOR",
    "country_iso2": "EC",
    "country_iso3": "ECU",
    "country_native": "ECUADOR",
    "timezone": "America/Guayaquil"
  },
  {
    "id": 2918,
    "name": "MORONA-SANTIAGO",
    "iso2": "S",
    "country": "ECUADOR",
    "country_iso2": "EC",
    "country_iso3": "ECU",
    "country_native": "ECUADOR",
    "timezone": "America/Guayaquil"
  },
  {
    "id": 2916,
    "name": "NAPO",
    "iso2": "N",
    "country": "ECUADOR",
    "country_iso2": "EC",
    "country_iso3": "ECU",
    "country_native": "ECUADOR",
    "timezone": "America/Guayaquil"
  },
  {
    "id": 2926,
    "name": "ORELLANA",
    "iso2": "D",
    "country": "ECUADOR",
    "country_iso2": "EC",
    "country_iso3": "ECU",
    "country_native": "ECUADOR",
    "timezone": "America/Guayaquil"
  },
  {
    "id": 2907,
    "name": "PASTAZA",
    "iso2": "Y",
    "country": "ECUADOR",
    "country_iso2": "EC",
    "country_iso3": "ECU",
    "country_native": "ECUADOR",
    "timezone": "America/Guayaquil"
  },
  {
    "id": 2927,
    "name": "PICHINCHA",
    "iso2": "P",
    "country": "ECUADOR",
    "country_iso2": "EC",
    "country_iso3": "ECU",
    "country_native": "ECUADOR",
    "timezone": "America/Guayaquil"
  },
  {
    "id": 2912,
    "name": "SANTA ELENA",
    "iso2": "SE",
    "country": "ECUADOR",
    "country_iso2": "EC",
    "country_iso3": "ECU",
    "country_native": "ECUADOR",
    "timezone": "America/Guayaquil"
  },
  {
    "id": 2919,
    "name": "SANTO DOMINGO DE LOS TSÁCHILAS",
    "iso2": "SD",
    "country": "ECUADOR",
    "country_iso2": "EC",
    "country_iso3": "ECU",
    "country_native": "ECUADOR",
    "timezone": "America/Guayaquil"
  },
  {
    "id": 2906,
    "name": "SUCUMBÍOS",
    "iso2": "U",
    "country": "ECUADOR",
    "country_iso2": "EC",
    "country_iso3": "ECU",
    "country_native": "ECUADOR",
    "timezone": "America/Guayaquil"
  },
  {
    "id": 2908,
    "name": "TUNGURAHUA",
    "iso2": "T",
    "country": "ECUADOR",
    "country_iso2": "EC",
    "country_iso3": "ECU",
    "country_native": "ECUADOR",
    "timezone": "America/Guayaquil"
  },
  {
    "id": 2909,
    "name": "ZAMORA CHINCHIPE",
    "iso2": "Z",
    "country": "ECUADOR",
    "country_iso2": "EC",
    "country_iso3": "ECU",
    "country_native": "ECUADOR",
    "timezone": "America/Guayaquil"
  }
]