[
  {
    "id": 80616,
    "name": "CHINCHA ALTA",
    "state": "ICA",
    "state_iso2": "ICA",
    "country": "PERU",
    "country_iso2": "PE",
    "country_iso3": "PER",
    "country_native": "PERÚ"
  },
  {
    "id": 80667,
    "name": "ICA",
    "state": "ICA",
    "state_iso2": "ICA",
    "country": "PERU",
    "country_iso2": "PE",
    "country_iso3": "PER",
    "country_native": "PERÚ"
  },
  {
    "id": 80706,
    "name": "LOS AQUIJES",
    "state": "ICA",
    "state_iso2": "ICA",
    "country": "PERU",
    "country_iso2": "PE",
    "country_iso3": "PER",
    "country_native": "PERÚ"
  },
  {
    "id": 80714,
    "name": "MINAS DE MARCONA",
    "state": "ICA",
    "state_iso2": "ICA",
    "country": "PERU",
    "country_iso2": "PE",
    "country_iso3": "PER",
    "country_native": "PERÚ"
  },
  {
    "id": 80729,
    "name": "NAZCA",
    "state": "ICA",
    "state_iso2": "ICA",
    "country": "PERU",
    "country_iso2": "PE",
    "country_iso3": "PER",
    "country_native": "PERÚ"
  },
  {
    "id": 80747,
    "name": "PALPA",
    "state": "ICA",
    "state_iso2": "ICA",
    "country": "PERU",
    "country_iso2": "PE",
    "country_iso3": "PER",
    "country_native": "PERÚ"
  },
  {
    "id": 80752,
    "name": "PARACAS",
    "state": "ICA",
    "state_iso2": "ICA",
    "country": "PERU",
    "country_iso2": "PE",
    "country_iso3": "PER",
    "country_native": "PERÚ"
  },
  {
    "id": 80764,
    "name": "PISCO",
    "state": "ICA",
    "state_iso2": "ICA",
    "country": "PERU",
    "country_iso2": "PE",
    "country_iso3": "PER",
    "country_native": "PERÚ"
  },
  {
    "id": 80805,
    "name": "PROVINCIA DE CHINCHA",
    "state": "ICA",
    "state_iso2": "ICA",
    "country": "PERU",
    "country_iso2": "PE",
    "country_iso3": "PER",
    "country_native": "PERÚ"
  },
  {
    "id": 80843,
    "name": "PROVINCIA DE ICA",
    "state": "ICA",
    "state_iso2": "ICA",
    "country": "PERU",
    "country_iso2": "PE",
    "country_iso3": "PER",
    "country_native": "PERÚ"
  },
  {
    "id": 80865,
    "name": "PROVINCIA DE NAZCA",
    "state": "ICA",
    "state_iso2": "ICA",
    "country": "PERU",
    "country_iso2": "PE",
    "country_iso3": "PER",
    "country_native": "PERÚ"
  },
  {
    "id": 80872,
    "name": "PROVINCIA DE PALPA",
    "state": "ICA",
    "state_iso2": "ICA",
    "country": "PERU",
    "country_iso2": "PE",
    "country_iso3": "PER",
    "country_native": "PERÚ"
  },
  {
    "id": 80878,
    "name": "PROVINCIA DE PISCO",
    "state": "ICA",
    "state_iso2": "ICA",
    "country": "PERU",
    "country_iso2": "PE",
    "country_iso3": "PER",
    "country_native": "PERÚ"
  },
  {
    "id": 80935,
    "name": "RÍO GRANDE",
    "state": "ICA",
    "state_iso2": "ICA",
    "country": "PERU",
    "country_iso2": "PE",
    "country_iso3": "PER",
    "country_native": "PERÚ"
  },
  {
    "id": 80943,
    "name": "SAN CLEMENTE",
    "state": "ICA",
    "state_iso2": "ICA",
    "country": "PERU",
    "country_iso2": "PE",
    "country_iso3": "PER",
    "country_native": "PERÚ"
  },
  {
    "id": 80949,
    "name": "SAN JUAN BAUTISTA",
    "state": "ICA",
    "state_iso2": "ICA",
    "country": "PERU",
    "country_iso2": "PE",
    "country_iso3": "PER",
    "country_native": "PERÚ"
  },
  {
    "id": 80964,
    "name": "SANTIAGO",
    "state": "ICA",
    "state_iso2": "ICA",
    "country": "PERU",
    "country_iso2": "PE",
    "country_iso3": "PER",
    "country_native": "PERÚ"
  },
  {
    "id": 80978,
    "name": "SUBTANJALLA",
    "state": "ICA",
    "state_iso2": "ICA",
    "country": "PERU",
    "country_iso2": "PE",
    "country_iso3": "PER",
    "country_native": "PERÚ"
  },
  {
    "id": 81009,
    "name": "VILLA TUPAC AMARU",
    "state": "ICA",
    "state_iso2": "ICA",
    "country": "PERU",
    "country_iso2": "PE",
    "country_iso3": "PER",
    "country_native": "PERÚ"
  }
]